ISO-10303-21;
HEADER;
/* Generated by software containing ST-Developer
 * from STEP Tools, Inc. (www.steptools.com) 
 */

FILE_DESCRIPTION(
/* description */ ('KiCad electronic assembly'),
/* implementation_level */ '2;1');

FILE_NAME(
/* name */ 'Mini Kindle Main Body.step',
/* time_stamp */ '2026-06-05T14:01:42-04:00',
/* author */ (''),
/* organization */ (''),
/* preprocessor_version */ 'ST-DEVELOPER v20.1',
/* originating_system */ 'Autodesk Translation Framework v14.24.0.0',
/* authorisation */ '');

FILE_SCHEMA (('AUTOMOTIVE_DESIGN { 1 0 10303 214 3 1 1 }'));
ENDSEC;

DATA;
#10=MECHANICAL_DESIGN_GEOMETRIC_PRESENTATION_REPRESENTATION('',(#13),#4305);
#11=SHAPE_REPRESENTATION_RELATIONSHIP('SRR','None',#4311,#12);
#12=ADVANCED_BREP_SHAPE_REPRESENTATION('',(#14),#4304);
#13=STYLED_ITEM('',(#4320),#14);
#14=MANIFOLD_SOLID_BREP('Body1',#2331);
#15=FACE_BOUND('',#442,.T.);
#16=FACE_BOUND('',#443,.T.);
#17=(
BOUNDED_SURFACE()
B_SPLINE_SURFACE(2,2,((#3493,#3494,#3495),(#3496,#3497,#3498),(#3499,#3500,
#3501)),.UNSPECIFIED.,.F.,.F.,.F.)
B_SPLINE_SURFACE_WITH_KNOTS((3,3),(3,3),(0.,1.57079632679491),(-0.167448079219895,
0.),.UNSPECIFIED.)
GEOMETRIC_REPRESENTATION_ITEM()
RATIONAL_B_SPLINE_SURFACE(((1.,0.996497189454951,1.),(0.70710678118665,
0.704629920097034,0.70710678118665),(1.,0.996497189454951,1.)))
REPRESENTATION_ITEM('')
SURFACE()
);
#18=(
BOUNDED_SURFACE()
B_SPLINE_SURFACE(2,2,((#3516,#3517,#3518),(#3519,#3520,#3521),(#3522,#3523,
#3524)),.UNSPECIFIED.,.F.,.F.,.F.)
B_SPLINE_SURFACE_WITH_KNOTS((3,3),(3,3),(0.,1.57079632679495),(-3.14159265358979,
-1.5707963267949),.UNSPECIFIED.)
GEOMETRIC_REPRESENTATION_ITEM()
RATIONAL_B_SPLINE_SURFACE(((1.,0.707106781186548,1.),(0.707106781186623,
0.500000000000053,0.707106781186623),(1.,0.707106781186548,1.)))
REPRESENTATION_ITEM('')
SURFACE()
);
#19=(
BOUNDED_SURFACE()
B_SPLINE_SURFACE(2,2,((#3771,#3772,#3773),(#3774,#3775,#3776),(#3777,#3778,
#3779)),.UNSPECIFIED.,.F.,.F.,.F.)
B_SPLINE_SURFACE_WITH_KNOTS((3,3),(3,3),(0.,1.5707963267951),(-1.5707963267949,
0.),.UNSPECIFIED.)
GEOMETRIC_REPRESENTATION_ITEM()
RATIONAL_B_SPLINE_SURFACE(((1.,0.707106781186548,1.),(0.707106781186174,
0.499999999999736,0.707106781186174),(1.,0.707106781186548,1.)))
REPRESENTATION_ITEM('')
SURFACE()
);
#20=(
BOUNDED_SURFACE()
B_SPLINE_SURFACE(2,2,((#3797,#3798,#3799),(#3800,#3801,#3802),(#3803,#3804,
#3805)),.UNSPECIFIED.,.F.,.F.,.F.)
B_SPLINE_SURFACE_WITH_KNOTS((3,3),(3,3),(0.,1.57079632679545),(0.,1.5707963267949),
 .UNSPECIFIED.)
GEOMETRIC_REPRESENTATION_ITEM()
RATIONAL_B_SPLINE_SURFACE(((1.,0.707106781186548,1.),(0.707106781186404,
0.499999999999899,0.707106781186404),(1.,0.707106781186548,1.)))
REPRESENTATION_ITEM('')
SURFACE()
);
#21=(
BOUNDED_SURFACE()
B_SPLINE_SURFACE(2,2,((#3817,#3818,#3819),(#3820,#3821,#3822),(#3823,#3824,
#3825)),.UNSPECIFIED.,.F.,.F.,.F.)
B_SPLINE_SURFACE_WITH_KNOTS((3,3),(3,3),(0.,1.57079632679495),(1.5707963267949,
3.14159265358979),.UNSPECIFIED.)
GEOMETRIC_REPRESENTATION_ITEM()
RATIONAL_B_SPLINE_SURFACE(((1.,0.707106781186548,1.),(0.707106781186767,
0.500000000000155,0.707106781186767),(1.,0.707106781186548,1.)))
REPRESENTATION_ITEM('')
SURFACE()
);
#22=(
BOUNDED_SURFACE()
B_SPLINE_SURFACE(2,2,((#3841,#3842,#3843),(#3844,#3845,#3846),(#3847,#3848,
#3849)),.UNSPECIFIED.,.F.,.F.,.F.)
B_SPLINE_SURFACE_WITH_KNOTS((3,3),(3,3),(0.,1.57079632679495),(-3.14159265358979,
-1.5707963267949),.UNSPECIFIED.)
GEOMETRIC_REPRESENTATION_ITEM()
RATIONAL_B_SPLINE_SURFACE(((1.,0.707106781186548,1.),(0.707106781186767,
0.500000000000155,0.707106781186767),(1.,0.707106781186548,1.)))
REPRESENTATION_ITEM('')
SURFACE()
);
#23=(
BOUNDED_SURFACE()
B_SPLINE_SURFACE(2,2,((#3862,#3863,#3864),(#3865,#3866,#3867),(#3868,#3869,
#3870)),.UNSPECIFIED.,.F.,.F.,.F.)
B_SPLINE_SURFACE_WITH_KNOTS((3,3),(3,3),(0.,1.57079632679545),(-3.14159265358979,
-1.5707963267949),.UNSPECIFIED.)
GEOMETRIC_REPRESENTATION_ITEM()
RATIONAL_B_SPLINE_SURFACE(((1.,0.707106781186548,1.),(0.707106781186404,
0.499999999999899,0.707106781186404),(1.,0.707106781186548,1.)))
REPRESENTATION_ITEM('')
SURFACE()
);
#24=(
BOUNDED_SURFACE()
B_SPLINE_SURFACE(2,2,((#4056,#4057,#4058),(#4059,#4060,#4061),(#4062,#4063,
#4064)),.UNSPECIFIED.,.F.,.F.,.F.)
B_SPLINE_SURFACE_WITH_KNOTS((3,3),(3,3),(0.,1.5707963267951),(0.,1.5707963267949),
 .UNSPECIFIED.)
GEOMETRIC_REPRESENTATION_ITEM()
RATIONAL_B_SPLINE_SURFACE(((1.,0.707106781186548,1.),(0.707106781186174,
0.499999999999736,0.707106781186174),(1.,0.707106781186548,1.)))
REPRESENTATION_ITEM('')
SURFACE()
);
#25=(
BOUNDED_SURFACE()
B_SPLINE_SURFACE(2,2,((#4084,#4085,#4086),(#4087,#4088,#4089),(#4090,#4091,
#4092)),.UNSPECIFIED.,.F.,.F.,.F.)
B_SPLINE_SURFACE_WITH_KNOTS((3,3),(3,3),(-1.5707963267951,0.),(0.,1.5707963267949),
 .UNSPECIFIED.)
GEOMETRIC_REPRESENTATION_ITEM()
RATIONAL_B_SPLINE_SURFACE(((1.,0.707106781186548,1.),(0.707106781186174,
0.499999999999736,0.707106781186174),(1.,0.707106781186548,1.)))
REPRESENTATION_ITEM('')
SURFACE()
);
#26=(
BOUNDED_SURFACE()
B_SPLINE_SURFACE(2,2,((#4197,#4198,#4199),(#4200,#4201,#4202),(#4203,#4204,
#4205)),.UNSPECIFIED.,.F.,.F.,.F.)
B_SPLINE_SURFACE_WITH_KNOTS((3,3),(3,3),(0.,1.57079632679492),(0.,1.5707963267949),
 .UNSPECIFIED.)
GEOMETRIC_REPRESENTATION_ITEM()
RATIONAL_B_SPLINE_SURFACE(((1.,0.707106781186548,1.),(0.707106781186404,
0.499999999999898,0.707106781186404),(1.,0.707106781186548,1.)))
REPRESENTATION_ITEM('')
SURFACE()
);
#27=(
BOUNDED_SURFACE()
B_SPLINE_SURFACE(2,2,((#4220,#4221,#4222),(#4223,#4224,#4225),(#4226,#4227,
#4228)),.UNSPECIFIED.,.F.,.F.,.F.)
B_SPLINE_SURFACE_WITH_KNOTS((3,3),(3,3),(0.,1.57079632679495),(1.5707963267949,
3.14159265358979),.UNSPECIFIED.)
GEOMETRIC_REPRESENTATION_ITEM()
RATIONAL_B_SPLINE_SURFACE(((1.,0.707106781186548,1.),(0.707106781186753,
0.500000000000146,0.707106781186753),(1.,0.707106781186548,1.)))
REPRESENTATION_ITEM('')
SURFACE()
);
#28=(
BOUNDED_SURFACE()
B_SPLINE_SURFACE(2,2,((#4240,#4241,#4242),(#4243,#4244,#4245),(#4246,#4247,
#4248)),.UNSPECIFIED.,.F.,.F.,.F.)
B_SPLINE_SURFACE_WITH_KNOTS((3,3),(3,3),(0.,1.57079632679495),(-3.14159265358979,
-1.5707963267949),.UNSPECIFIED.)
GEOMETRIC_REPRESENTATION_ITEM()
RATIONAL_B_SPLINE_SURFACE(((1.,0.707106781186548,1.),(0.707106781186753,
0.500000000000146,0.707106781186753),(1.,0.707106781186548,1.)))
REPRESENTATION_ITEM('')
SURFACE()
);
#29=(
BOUNDED_SURFACE()
B_SPLINE_SURFACE(2,2,((#4260,#4261,#4262),(#4263,#4264,#4265),(#4266,#4267,
#4268)),.UNSPECIFIED.,.F.,.F.,.F.)
B_SPLINE_SURFACE_WITH_KNOTS((3,3),(3,3),(0.,1.57079632679492),(-1.5707963267949,
0.),.UNSPECIFIED.)
GEOMETRIC_REPRESENTATION_ITEM()
RATIONAL_B_SPLINE_SURFACE(((1.,0.707106781186548,1.),(0.707106781186409,
0.499999999999902,0.707106781186409),(1.,0.707106781186548,1.)))
REPRESENTATION_ITEM('')
SURFACE()
);
#30=B_SPLINE_CURVE_WITH_KNOTS('',3,(#3483,#3484,#3485,#3486,#3487),
 .UNSPECIFIED.,.F.,.F.,(4,1,4),(0.,0.0169178795118275,0.0296062891456981),
 .UNSPECIFIED.);
#31=B_SPLINE_CURVE_WITH_KNOTS('',3,(#3488,#3489,#3490,#3491,#3492),
 .UNSPECIFIED.,.F.,.F.,(4,1,4),(-0.0296062891456981,-0.0169178795118275,
0.),.UNSPECIFIED.);
#32=B_SPLINE_SURFACE_WITH_KNOTS('',3,3,((#3459,#3460,#3461,#3462,#3463),
(#3464,#3465,#3466,#3467,#3468),(#3469,#3470,#3471,#3472,#3473),(#3474,
#3475,#3476,#3477,#3478)),.UNSPECIFIED.,.F.,.F.,.F.,(4,4),(4,1,4),(0.,1.),
(-0.0296062891456981,-0.0169178795118275,0.),.UNSPECIFIED.);
#33=B_SPLINE_SURFACE_WITH_KNOTS('',3,3,((#3550,#3551,#3552,#3553,#3554),
(#3555,#3556,#3557,#3558,#3559),(#3560,#3561,#3562,#3563,#3564),(#3565,
#3566,#3567,#3568,#3569),(#3570,#3571,#3572,#3573,#3574)),.UNSPECIFIED.,
 .F.,.F.,.F.,(4,1,4),(4,1,4),(0.,0.5,1.),(0.,0.673198425769241,1.5707963267949),
 .UNSPECIFIED.);
#34=B_SPLINE_SURFACE_WITH_KNOTS('',3,3,((#3591,#3592,#3593,#3594,#3595),
(#3596,#3597,#3598,#3599,#3600),(#3601,#3602,#3603,#3604,#3605),(#3606,
#3607,#3608,#3609,#3610),(#3611,#3612,#3613,#3614,#3615)),.UNSPECIFIED.,
 .F.,.F.,.F.,(4,1,4),(4,1,4),(0.,0.5,1.),(-3.55963820847407E-17,0.673198425769241,
1.5707963267949),.UNSPECIFIED.);
#35=B_SPLINE_SURFACE_WITH_KNOTS('',3,3,((#3627,#3628,#3629,#3630,#3631),
(#3632,#3633,#3634,#3635,#3636),(#3637,#3638,#3639,#3640,#3641),(#3642,
#3643,#3644,#3645,#3646),(#3647,#3648,#3649,#3650,#3651)),.UNSPECIFIED.,
 .F.,.F.,.F.,(4,1,4),(4,1,4),(0.,0.5,1.),(-1.5707963267949,-0.897597901025655,
3.5596382084691E-17),.UNSPECIFIED.);
#36=B_SPLINE_SURFACE_WITH_KNOTS('',3,3,((#3701,#3702,#3703,#3704,#3705),
(#3706,#3707,#3708,#3709,#3710),(#3711,#3712,#3713,#3714,#3715),(#3716,
#3717,#3718,#3719,#3720),(#3721,#3722,#3723,#3724,#3725)),.UNSPECIFIED.,
 .F.,.F.,.F.,(4,1,4),(4,1,4),(0.,0.5,1.),(-3.55963820848097E-17,0.673198425769241,
1.5707963267949),.UNSPECIFIED.);
#37=B_SPLINE_SURFACE_WITH_KNOTS('',3,3,((#3741,#3742,#3743,#3744,#3745),
(#3746,#3747,#3748,#3749,#3750),(#3751,#3752,#3753,#3754,#3755),(#3756,
#3757,#3758,#3759,#3760),(#3761,#3762,#3763,#3764,#3765)),.UNSPECIFIED.,
 .F.,.F.,.F.,(4,1,4),(4,1,4),(0.,0.5,1.),(-3.55963820847384E-17,0.673198425769241,
1.5707963267949),.UNSPECIFIED.);
#38=B_SPLINE_SURFACE_WITH_KNOTS('',3,3,((#3897,#3898,#3899,#3900,#3901),
(#3902,#3903,#3904,#3905,#3906),(#3907,#3908,#3909,#3910,#3911),(#3912,
#3913,#3914,#3915,#3916),(#3917,#3918,#3919,#3920,#3921)),.UNSPECIFIED.,
 .F.,.F.,.F.,(4,1,4),(4,1,4),(0.,0.5,1.),(-3.55963820847407E-17,0.673198425769241,
1.5707963267949),.UNSPECIFIED.);
#39=B_SPLINE_SURFACE_WITH_KNOTS('',3,3,((#3951,#3952,#3953,#3954,#3955),
(#3956,#3957,#3958,#3959,#3960),(#3961,#3962,#3963,#3964,#3965),(#3966,
#3967,#3968,#3969,#3970),(#3971,#3972,#3973,#3974,#3975)),.UNSPECIFIED.,
 .F.,.F.,.F.,(4,1,4),(4,1,4),(0.,0.5,1.),(-7.66068873204676E-12,0.673198425764864,
1.5707963267949),.UNSPECIFIED.);
#40=B_SPLINE_SURFACE_WITH_KNOTS('',3,3,((#3981,#3982,#3983,#3984,#3985),
(#3986,#3987,#3988,#3989,#3990),(#3991,#3992,#3993,#3994,#3995),(#3996,
#3997,#3998,#3999,#4000),(#4001,#4002,#4003,#4004,#4005)),.UNSPECIFIED.,
 .F.,.F.,.F.,(4,1,4),(4,1,4),(0.,0.5,1.),(-1.5707963267949,-0.897597901022385,
7.6305994526499E-12),.UNSPECIFIED.);
#41=B_SPLINE_SURFACE_WITH_KNOTS('',3,3,((#4026,#4027,#4028,#4029,#4030),
(#4031,#4032,#4033,#4034,#4035),(#4036,#4037,#4038,#4039,#4040),(#4041,
#4042,#4043,#4044,#4045),(#4046,#4047,#4048,#4049,#4050)),.UNSPECIFIED.,
 .F.,.F.,.F.,(4,1,4),(4,1,4),(0.,0.5,1.),(0.,0.673198425769241,1.5707963267949),
 .UNSPECIFIED.);
#42=B_SPLINE_SURFACE_WITH_KNOTS('',3,3,((#4134,#4135,#4136,#4137,#4138),
(#4139,#4140,#4141,#4142,#4143),(#4144,#4145,#4146,#4147,#4148),(#4149,
#4150,#4151,#4152,#4153),(#4154,#4155,#4156,#4157,#4158)),.UNSPECIFIED.,
 .F.,.F.,.F.,(4,1,4),(4,1,4),(0.,0.5,1.),(0.,0.673198425769241,1.5707963267949),
 .UNSPECIFIED.);
#43=B_SPLINE_SURFACE_WITH_KNOTS('',3,3,((#4168,#4169,#4170,#4171,#4172),
(#4173,#4174,#4175,#4176,#4177),(#4178,#4179,#4180,#4181,#4182),(#4183,
#4184,#4185,#4186,#4187),(#4188,#4189,#4190,#4191,#4192)),.UNSPECIFIED.,
 .F.,.F.,.F.,(4,1,4),(4,1,4),(0.,0.5,1.),(-3.55963820847407E-17,0.673198425769241,
1.5707963267949),.UNSPECIFIED.);
#44=ELLIPSE('',#2369,0.0707106781186611,0.05);
#45=ELLIPSE('',#2375,0.0707106781186673,0.05);
#46=ELLIPSE('',#2385,0.316227766016848,0.1);
#47=ELLIPSE('',#2386,0.316227766016837,0.1);
#48=ELLIPSE('',#2393,0.316227766016845,0.1);
#49=ELLIPSE('',#2394,0.316227766016848,0.1);
#50=ELLIPSE('',#2398,0.316227766016848,0.1);
#51=ELLIPSE('',#2399,0.316227766016845,0.1);
#52=ELLIPSE('',#2410,0.316227766016845,0.1);
#53=ELLIPSE('',#2415,0.316227766016831,0.1);
#54=ELLIPSE('',#2416,0.316227766016848,0.1);
#55=ELLIPSE('',#2422,0.31622776601684,0.1);
#56=ELLIPSE('',#2423,0.316227766016831,0.1);
#57=ELLIPSE('',#2465,0.316227766016845,0.1);
#58=ELLIPSE('',#2466,0.316227766016848,0.1);
#59=ELLIPSE('',#2468,0.316227766016871,0.1);
#60=ELLIPSE('',#2476,0.316227766016893,0.1);
#61=ELLIPSE('',#2479,0.316227766016812,0.1);
#62=ELLIPSE('',#2480,0.316227766016806,0.1);
#63=ELLIPSE('',#2484,0.316227766016837,0.1);
#64=ELLIPSE('',#2487,0.316227766016848,0.1);
#65=ELLIPSE('',#2496,0.316227766016837,0.1);
#66=ELLIPSE('',#2511,0.316227766016848,0.1);
#67=ELLIPSE('',#2513,0.316227766016848,0.1);
#68=CYLINDRICAL_SURFACE('',#2367,0.05);
#69=CYLINDRICAL_SURFACE('',#2374,0.05);
#70=CYLINDRICAL_SURFACE('',#2376,0.05);
#71=CYLINDRICAL_SURFACE('',#2380,0.05);
#72=CYLINDRICAL_SURFACE('',#2391,0.2);
#73=CYLINDRICAL_SURFACE('',#2395,0.1);
#74=CYLINDRICAL_SURFACE('',#2400,0.2);
#75=CYLINDRICAL_SURFACE('',#2409,0.1);
#76=CYLINDRICAL_SURFACE('',#2411,0.2);
#77=CYLINDRICAL_SURFACE('',#2413,0.2);
#78=CYLINDRICAL_SURFACE('',#2417,0.1);
#79=CYLINDRICAL_SURFACE('',#2418,0.2);
#80=CYLINDRICAL_SURFACE('',#2420,0.2);
#81=CYLINDRICAL_SURFACE('',#2429,0.2);
#82=CYLINDRICAL_SURFACE('',#2430,0.1);
#83=CYLINDRICAL_SURFACE('',#2437,0.2);
#84=CYLINDRICAL_SURFACE('',#2438,0.1);
#85=CYLINDRICAL_SURFACE('',#2443,0.2);
#86=CYLINDRICAL_SURFACE('',#2444,0.1);
#87=CYLINDRICAL_SURFACE('',#2449,0.2);
#88=CYLINDRICAL_SURFACE('',#2451,0.1);
#89=CYLINDRICAL_SURFACE('',#2457,0.2);
#90=CYLINDRICAL_SURFACE('',#2458,0.1);
#91=CYLINDRICAL_SURFACE('',#2460,0.1);
#92=CYLINDRICAL_SURFACE('',#2462,0.2);
#93=CYLINDRICAL_SURFACE('',#2467,0.1);
#94=CYLINDRICAL_SURFACE('',#2474,0.2);
#95=CYLINDRICAL_SURFACE('',#2481,0.2);
#96=CYLINDRICAL_SURFACE('',#2482,0.1);
#97=CYLINDRICAL_SURFACE('',#2483,0.1);
#98=CYLINDRICAL_SURFACE('',#2485,0.2);
#99=CYLINDRICAL_SURFACE('',#2488,0.1);
#100=CYLINDRICAL_SURFACE('',#2494,0.2);
#101=CYLINDRICAL_SURFACE('',#2495,0.1);
#102=CYLINDRICAL_SURFACE('',#2501,0.2);
#103=CYLINDRICAL_SURFACE('',#2507,0.1);
#104=CYLINDRICAL_SURFACE('',#2509,0.2);
#105=CYLINDRICAL_SURFACE('',#2512,0.1);
#106=CYLINDRICAL_SURFACE('',#2515,0.2);
#107=CYLINDRICAL_SURFACE('',#2517,0.1);
#108=CYLINDRICAL_SURFACE('',#2518,0.1);
#109=CYLINDRICAL_SURFACE('',#2519,0.1);
#110=CYLINDRICAL_SURFACE('',#2524,0.5);
#111=CYLINDRICAL_SURFACE('',#2525,0.25);
#112=CYLINDRICAL_SURFACE('',#2530,0.5);
#113=CYLINDRICAL_SURFACE('',#2531,0.25);
#114=CYLINDRICAL_SURFACE('',#2536,0.5);
#115=CYLINDRICAL_SURFACE('',#2537,0.25);
#116=CYLINDRICAL_SURFACE('',#2543,0.5);
#117=CYLINDRICAL_SURFACE('',#2545,0.25);
#118=CYLINDRICAL_SURFACE('',#2547,0.25);
#119=CIRCLE('',#2337,0.2);
#120=CIRCLE('',#2338,0.2);
#121=CIRCLE('',#2339,0.2);
#122=CIRCLE('',#2340,0.2);
#123=CIRCLE('',#2341,0.2);
#124=CIRCLE('',#2342,0.2);
#125=CIRCLE('',#2343,0.2);
#126=CIRCLE('',#2344,0.2);
#127=CIRCLE('',#2347,0.5);
#128=CIRCLE('',#2348,0.5);
#129=CIRCLE('',#2349,0.5);
#130=CIRCLE('',#2350,0.5);
#131=CIRCLE('',#2368,0.0499999999999901);
#132=CIRCLE('',#2370,0.0499999999999901);
#133=CIRCLE('',#2371,0.0499999999999901);
#134=CIRCLE('',#2372,0.1);
#135=CIRCLE('',#2373,0.05);
#136=CIRCLE('',#2377,0.0499999999999901);
#137=CIRCLE('',#2378,0.1);
#138=CIRCLE('',#2379,0.05);
#139=CIRCLE('',#2381,0.05);
#140=CIRCLE('',#2388,0.2);
#141=CIRCLE('',#2389,0.2);
#142=CIRCLE('',#2390,0.2);
#143=CIRCLE('',#2392,0.199999999999996);
#144=CIRCLE('',#2397,0.199999999999996);
#145=CIRCLE('',#2401,0.2);
#146=CIRCLE('',#2403,0.2);
#147=CIRCLE('',#2404,0.2);
#148=CIRCLE('',#2405,0.2);
#149=CIRCLE('',#2406,0.2);
#150=CIRCLE('',#2407,0.2);
#151=CIRCLE('',#2414,0.199999999999996);
#152=CIRCLE('',#2421,0.199999999999996);
#153=CIRCLE('',#2425,0.1);
#154=CIRCLE('',#2426,0.2);
#155=CIRCLE('',#2427,0.0999999999999979);
#156=CIRCLE('',#2428,0.1);
#157=CIRCLE('',#2431,0.1);
#158=CIRCLE('',#2433,0.1);
#159=CIRCLE('',#2434,0.2);
#160=CIRCLE('',#2435,0.0999999999999801);
#161=CIRCLE('',#2436,0.1);
#162=CIRCLE('',#2439,0.1);
#163=CIRCLE('',#2440,0.2);
#164=CIRCLE('',#2441,0.0999999999999979);
#165=CIRCLE('',#2442,0.1);
#166=CIRCLE('',#2446,0.2);
#167=CIRCLE('',#2447,0.0999999999999979);
#168=CIRCLE('',#2448,0.1);
#169=CIRCLE('',#2453,0.1);
#170=CIRCLE('',#2454,0.2);
#171=CIRCLE('',#2455,0.0999999999999801);
#172=CIRCLE('',#2456,0.1);
#173=CIRCLE('',#2459,0.1);
#174=CIRCLE('',#2463,0.2);
#175=CIRCLE('',#2464,0.199999999999996);
#176=CIRCLE('',#2471,0.2);
#177=CIRCLE('',#2472,0.2);
#178=CIRCLE('',#2473,0.2);
#179=CIRCLE('',#2475,0.199999999999996);
#180=CIRCLE('',#2478,0.200000000000005);
#181=CIRCLE('',#2486,0.199999999999996);
#182=CIRCLE('',#2490,0.1);
#183=CIRCLE('',#2491,0.2);
#184=CIRCLE('',#2492,0.0999999999999801);
#185=CIRCLE('',#2493,0.1);
#186=CIRCLE('',#2498,0.0999999999999979);
#187=CIRCLE('',#2499,0.1);
#188=CIRCLE('',#2500,0.2);
#189=CIRCLE('',#2503,0.25);
#190=CIRCLE('',#2504,0.25);
#191=CIRCLE('',#2505,0.25);
#192=CIRCLE('',#2506,0.25);
#193=CIRCLE('',#2510,0.199999999999996);
#194=CIRCLE('',#2516,0.199999999999996);
#195=CIRCLE('',#2521,0.250000000000004);
#196=CIRCLE('',#2522,0.25);
#197=CIRCLE('',#2523,0.5);
#198=CIRCLE('',#2526,0.25);
#199=CIRCLE('',#2528,0.249999999999986);
#200=CIRCLE('',#2529,0.5);
#201=CIRCLE('',#2532,0.25);
#202=CIRCLE('',#2534,0.250000000000021);
#203=CIRCLE('',#2535,0.5);
#204=CIRCLE('',#2538,0.25);
#205=CIRCLE('',#2540,0.250000000000021);
#206=CIRCLE('',#2541,0.25);
#207=CIRCLE('',#2542,0.5);
#208=CIRCLE('',#2546,0.25);
#209=FACE_OUTER_BOUND('',#345,.T.);
#210=FACE_OUTER_BOUND('',#346,.T.);
#211=FACE_OUTER_BOUND('',#347,.T.);
#212=FACE_OUTER_BOUND('',#348,.T.);
#213=FACE_OUTER_BOUND('',#349,.T.);
#214=FACE_OUTER_BOUND('',#350,.T.);
#215=FACE_OUTER_BOUND('',#351,.T.);
#216=FACE_OUTER_BOUND('',#352,.T.);
#217=FACE_OUTER_BOUND('',#353,.T.);
#218=FACE_OUTER_BOUND('',#354,.T.);
#219=FACE_OUTER_BOUND('',#355,.T.);
#220=FACE_OUTER_BOUND('',#356,.T.);
#221=FACE_OUTER_BOUND('',#357,.T.);
#222=FACE_OUTER_BOUND('',#358,.T.);
#223=FACE_OUTER_BOUND('',#359,.T.);
#224=FACE_OUTER_BOUND('',#360,.T.);
#225=FACE_OUTER_BOUND('',#361,.T.);
#226=FACE_OUTER_BOUND('',#362,.T.);
#227=FACE_OUTER_BOUND('',#363,.T.);
#228=FACE_OUTER_BOUND('',#364,.T.);
#229=FACE_OUTER_BOUND('',#365,.T.);
#230=FACE_OUTER_BOUND('',#366,.T.);
#231=FACE_OUTER_BOUND('',#367,.T.);
#232=FACE_OUTER_BOUND('',#368,.T.);
#233=FACE_OUTER_BOUND('',#369,.T.);
#234=FACE_OUTER_BOUND('',#370,.T.);
#235=FACE_OUTER_BOUND('',#371,.T.);
#236=FACE_OUTER_BOUND('',#372,.T.);
#237=FACE_OUTER_BOUND('',#373,.T.);
#238=FACE_OUTER_BOUND('',#374,.T.);
#239=FACE_OUTER_BOUND('',#375,.T.);
#240=FACE_OUTER_BOUND('',#376,.T.);
#241=FACE_OUTER_BOUND('',#377,.T.);
#242=FACE_OUTER_BOUND('',#378,.T.);
#243=FACE_OUTER_BOUND('',#379,.T.);
#244=FACE_OUTER_BOUND('',#380,.T.);
#245=FACE_OUTER_BOUND('',#381,.T.);
#246=FACE_OUTER_BOUND('',#382,.T.);
#247=FACE_OUTER_BOUND('',#383,.T.);
#248=FACE_OUTER_BOUND('',#384,.T.);
#249=FACE_OUTER_BOUND('',#385,.T.);
#250=FACE_OUTER_BOUND('',#386,.T.);
#251=FACE_OUTER_BOUND('',#387,.T.);
#252=FACE_OUTER_BOUND('',#388,.T.);
#253=FACE_OUTER_BOUND('',#389,.T.);
#254=FACE_OUTER_BOUND('',#390,.T.);
#255=FACE_OUTER_BOUND('',#391,.T.);
#256=FACE_OUTER_BOUND('',#392,.T.);
#257=FACE_OUTER_BOUND('',#393,.T.);
#258=FACE_OUTER_BOUND('',#394,.T.);
#259=FACE_OUTER_BOUND('',#395,.T.);
#260=FACE_OUTER_BOUND('',#396,.T.);
#261=FACE_OUTER_BOUND('',#397,.T.);
#262=FACE_OUTER_BOUND('',#398,.T.);
#263=FACE_OUTER_BOUND('',#399,.T.);
#264=FACE_OUTER_BOUND('',#400,.T.);
#265=FACE_OUTER_BOUND('',#401,.T.);
#266=FACE_OUTER_BOUND('',#402,.T.);
#267=FACE_OUTER_BOUND('',#403,.T.);
#268=FACE_OUTER_BOUND('',#404,.T.);
#269=FACE_OUTER_BOUND('',#405,.T.);
#270=FACE_OUTER_BOUND('',#406,.T.);
#271=FACE_OUTER_BOUND('',#407,.T.);
#272=FACE_OUTER_BOUND('',#408,.T.);
#273=FACE_OUTER_BOUND('',#409,.T.);
#274=FACE_OUTER_BOUND('',#410,.T.);
#275=FACE_OUTER_BOUND('',#411,.T.);
#276=FACE_OUTER_BOUND('',#412,.T.);
#277=FACE_OUTER_BOUND('',#413,.T.);
#278=FACE_OUTER_BOUND('',#414,.T.);
#279=FACE_OUTER_BOUND('',#415,.T.);
#280=FACE_OUTER_BOUND('',#416,.T.);
#281=FACE_OUTER_BOUND('',#417,.T.);
#282=FACE_OUTER_BOUND('',#418,.T.);
#283=FACE_OUTER_BOUND('',#419,.T.);
#284=FACE_OUTER_BOUND('',#420,.T.);
#285=FACE_OUTER_BOUND('',#421,.T.);
#286=FACE_OUTER_BOUND('',#422,.T.);
#287=FACE_OUTER_BOUND('',#423,.T.);
#288=FACE_OUTER_BOUND('',#424,.T.);
#289=FACE_OUTER_BOUND('',#425,.T.);
#290=FACE_OUTER_BOUND('',#426,.T.);
#291=FACE_OUTER_BOUND('',#427,.T.);
#292=FACE_OUTER_BOUND('',#428,.T.);
#293=FACE_OUTER_BOUND('',#429,.T.);
#294=FACE_OUTER_BOUND('',#430,.T.);
#295=FACE_OUTER_BOUND('',#431,.T.);
#296=FACE_OUTER_BOUND('',#432,.T.);
#297=FACE_OUTER_BOUND('',#433,.T.);
#298=FACE_OUTER_BOUND('',#434,.T.);
#299=FACE_OUTER_BOUND('',#435,.T.);
#300=FACE_OUTER_BOUND('',#436,.T.);
#301=FACE_OUTER_BOUND('',#437,.T.);
#302=FACE_OUTER_BOUND('',#438,.T.);
#303=FACE_OUTER_BOUND('',#439,.T.);
#304=FACE_OUTER_BOUND('',#440,.T.);
#305=FACE_OUTER_BOUND('',#441,.T.);
#306=FACE_OUTER_BOUND('',#444,.T.);
#307=FACE_OUTER_BOUND('',#445,.T.);
#308=FACE_OUTER_BOUND('',#446,.T.);
#309=FACE_OUTER_BOUND('',#447,.T.);
#310=FACE_OUTER_BOUND('',#448,.T.);
#311=FACE_OUTER_BOUND('',#449,.T.);
#312=FACE_OUTER_BOUND('',#450,.T.);
#313=FACE_OUTER_BOUND('',#451,.T.);
#314=FACE_OUTER_BOUND('',#452,.T.);
#315=FACE_OUTER_BOUND('',#453,.T.);
#316=FACE_OUTER_BOUND('',#454,.T.);
#317=FACE_OUTER_BOUND('',#455,.T.);
#318=FACE_OUTER_BOUND('',#456,.T.);
#319=FACE_OUTER_BOUND('',#457,.T.);
#320=FACE_OUTER_BOUND('',#458,.T.);
#321=FACE_OUTER_BOUND('',#459,.T.);
#322=FACE_OUTER_BOUND('',#460,.T.);
#323=FACE_OUTER_BOUND('',#461,.T.);
#324=FACE_OUTER_BOUND('',#462,.T.);
#325=FACE_OUTER_BOUND('',#463,.T.);
#326=FACE_OUTER_BOUND('',#464,.T.);
#327=FACE_OUTER_BOUND('',#465,.T.);
#328=FACE_OUTER_BOUND('',#466,.T.);
#329=FACE_OUTER_BOUND('',#467,.T.);
#330=FACE_OUTER_BOUND('',#468,.T.);
#331=FACE_OUTER_BOUND('',#469,.T.);
#332=FACE_OUTER_BOUND('',#470,.T.);
#333=FACE_OUTER_BOUND('',#471,.T.);
#334=FACE_OUTER_BOUND('',#472,.T.);
#335=FACE_OUTER_BOUND('',#473,.T.);
#336=FACE_OUTER_BOUND('',#474,.T.);
#337=FACE_OUTER_BOUND('',#475,.T.);
#338=FACE_OUTER_BOUND('',#476,.T.);
#339=FACE_OUTER_BOUND('',#477,.T.);
#340=FACE_OUTER_BOUND('',#478,.T.);
#341=FACE_OUTER_BOUND('',#479,.T.);
#342=FACE_OUTER_BOUND('',#480,.T.);
#343=FACE_OUTER_BOUND('',#481,.T.);
#344=FACE_OUTER_BOUND('',#482,.T.);
#345=EDGE_LOOP('',(#1463,#1464,#1465,#1466));
#346=EDGE_LOOP('',(#1467,#1468,#1469,#1470));
#347=EDGE_LOOP('',(#1471,#1472,#1473,#1474));
#348=EDGE_LOOP('',(#1475,#1476,#1477,#1478,#1479,#1480,#1481,#1482,#1483,
#1484,#1485,#1486,#1487,#1488,#1489,#1490,#1491,#1492,#1493,#1494));
#349=EDGE_LOOP('',(#1495,#1496,#1497,#1498,#1499,#1500,#1501,#1502,#1503,
#1504,#1505,#1506));
#350=EDGE_LOOP('',(#1507,#1508,#1509,#1510,#1511,#1512,#1513,#1514,#1515,
#1516,#1517,#1518));
#351=EDGE_LOOP('',(#1519,#1520,#1521,#1522));
#352=EDGE_LOOP('',(#1523,#1524,#1525,#1526,#1527,#1528,#1529,#1530));
#353=EDGE_LOOP('',(#1531,#1532,#1533,#1534));
#354=EDGE_LOOP('',(#1535,#1536,#1537,#1538));
#355=EDGE_LOOP('',(#1539,#1540,#1541,#1542));
#356=EDGE_LOOP('',(#1543,#1544,#1545,#1546));
#357=EDGE_LOOP('',(#1547,#1548,#1549,#1550));
#358=EDGE_LOOP('',(#1551,#1552,#1553,#1554));
#359=EDGE_LOOP('',(#1555,#1556,#1557,#1558,#1559,#1560,#1561,#1562));
#360=EDGE_LOOP('',(#1563,#1564,#1565,#1566));
#361=EDGE_LOOP('',(#1567,#1568,#1569,#1570,#1571,#1572,#1573,#1574,#1575,
#1576,#1577,#1578,#1579,#1580,#1581,#1582,#1583,#1584,#1585,#1586,#1587,
#1588,#1589,#1590));
#362=EDGE_LOOP('',(#1591,#1592,#1593,#1594));
#363=EDGE_LOOP('',(#1595,#1596,#1597,#1598));
#364=EDGE_LOOP('',(#1599,#1600,#1601,#1602));
#365=EDGE_LOOP('',(#1603,#1604,#1605,#1606));
#366=EDGE_LOOP('',(#1607,#1608,#1609,#1610));
#367=EDGE_LOOP('',(#1611,#1612,#1613,#1614));
#368=EDGE_LOOP('',(#1615,#1616,#1617));
#369=EDGE_LOOP('',(#1618,#1619,#1620,#1621));
#370=EDGE_LOOP('',(#1622,#1623,#1624,#1625));
#371=EDGE_LOOP('',(#1626,#1627,#1628,#1629));
#372=EDGE_LOOP('',(#1630,#1631,#1632,#1633));
#373=EDGE_LOOP('',(#1634,#1635,#1636,#1637));
#374=EDGE_LOOP('',(#1638,#1639,#1640,#1641,#1642));
#375=EDGE_LOOP('',(#1643,#1644,#1645,#1646));
#376=EDGE_LOOP('',(#1647,#1648,#1649,#1650,#1651,#1652,#1653));
#377=EDGE_LOOP('',(#1654,#1655,#1656));
#378=EDGE_LOOP('',(#1657,#1658,#1659,#1660,#1661,#1662,#1663,#1664,#1665,
#1666));
#379=EDGE_LOOP('',(#1667,#1668,#1669,#1670));
#380=EDGE_LOOP('',(#1671,#1672,#1673));
#381=EDGE_LOOP('',(#1674,#1675,#1676));
#382=EDGE_LOOP('',(#1677,#1678,#1679,#1680,#1681,#1682,#1683,#1684));
#383=EDGE_LOOP('',(#1685,#1686,#1687));
#384=EDGE_LOOP('',(#1688,#1689,#1690,#1691));
#385=EDGE_LOOP('',(#1692,#1693,#1694,#1695,#1696,#1697,#1698,#1699,#1700,
#1701,#1702,#1703));
#386=EDGE_LOOP('',(#1704,#1705,#1706,#1707));
#387=EDGE_LOOP('',(#1708,#1709,#1710,#1711));
#388=EDGE_LOOP('',(#1712,#1713,#1714,#1715));
#389=EDGE_LOOP('',(#1716,#1717,#1718,#1719,#1720,#1721));
#390=EDGE_LOOP('',(#1722,#1723,#1724,#1725));
#391=EDGE_LOOP('',(#1726,#1727,#1728));
#392=EDGE_LOOP('',(#1729,#1730,#1731,#1732));
#393=EDGE_LOOP('',(#1733,#1734,#1735,#1736));
#394=EDGE_LOOP('',(#1737,#1738,#1739,#1740,#1741,#1742));
#395=EDGE_LOOP('',(#1743,#1744,#1745,#1746));
#396=EDGE_LOOP('',(#1747,#1748,#1749));
#397=EDGE_LOOP('',(#1750,#1751,#1752,#1753));
#398=EDGE_LOOP('',(#1754,#1755,#1756,#1757));
#399=EDGE_LOOP('',(#1758,#1759,#1760,#1761));
#400=EDGE_LOOP('',(#1762,#1763,#1764,#1765));
#401=EDGE_LOOP('',(#1766,#1767,#1768,#1769));
#402=EDGE_LOOP('',(#1770,#1771,#1772,#1773));
#403=EDGE_LOOP('',(#1774,#1775,#1776,#1777));
#404=EDGE_LOOP('',(#1778,#1779,#1780,#1781));
#405=EDGE_LOOP('',(#1782,#1783,#1784,#1785));
#406=EDGE_LOOP('',(#1786,#1787,#1788,#1789));
#407=EDGE_LOOP('',(#1790,#1791,#1792,#1793));
#408=EDGE_LOOP('',(#1794,#1795,#1796,#1797));
#409=EDGE_LOOP('',(#1798,#1799,#1800,#1801));
#410=EDGE_LOOP('',(#1802,#1803,#1804,#1805));
#411=EDGE_LOOP('',(#1806,#1807,#1808,#1809,#1810,#1811,#1812,#1813));
#412=EDGE_LOOP('',(#1814,#1815,#1816,#1817));
#413=EDGE_LOOP('',(#1818,#1819,#1820,#1821));
#414=EDGE_LOOP('',(#1822,#1823,#1824,#1825));
#415=EDGE_LOOP('',(#1826,#1827,#1828,#1829));
#416=EDGE_LOOP('',(#1830,#1831,#1832,#1833));
#417=EDGE_LOOP('',(#1834,#1835,#1836,#1837));
#418=EDGE_LOOP('',(#1838,#1839,#1840,#1841));
#419=EDGE_LOOP('',(#1842,#1843,#1844,#1845));
#420=EDGE_LOOP('',(#1846,#1847,#1848));
#421=EDGE_LOOP('',(#1849,#1850,#1851,#1852));
#422=EDGE_LOOP('',(#1853,#1854,#1855,#1856));
#423=EDGE_LOOP('',(#1857,#1858,#1859,#1860,#1861,#1862,#1863,#1864));
#424=EDGE_LOOP('',(#1865,#1866,#1867,#1868));
#425=EDGE_LOOP('',(#1869,#1870,#1871));
#426=EDGE_LOOP('',(#1872,#1873,#1874,#1875));
#427=EDGE_LOOP('',(#1876,#1877,#1878));
#428=EDGE_LOOP('',(#1879,#1880,#1881,#1882));
#429=EDGE_LOOP('',(#1883,#1884,#1885,#1886));
#430=EDGE_LOOP('',(#1887,#1888,#1889,#1890));
#431=EDGE_LOOP('',(#1891,#1892,#1893,#1894));
#432=EDGE_LOOP('',(#1895,#1896,#1897));
#433=EDGE_LOOP('',(#1898,#1899,#1900,#1901));
#434=EDGE_LOOP('',(#1902,#1903,#1904,#1905));
#435=EDGE_LOOP('',(#1906,#1907,#1908,#1909));
#436=EDGE_LOOP('',(#1910,#1911,#1912,#1913));
#437=EDGE_LOOP('',(#1914,#1915,#1916,#1917));
#438=EDGE_LOOP('',(#1918,#1919,#1920,#1921));
#439=EDGE_LOOP('',(#1922,#1923,#1924,#1925));
#440=EDGE_LOOP('',(#1926,#1927,#1928,#1929));
#441=EDGE_LOOP('',(#1930,#1931,#1932,#1933,#1934,#1935,#1936,#1937,#1938,
#1939,#1940,#1941));
#442=EDGE_LOOP('',(#1942,#1943,#1944,#1945,#1946,#1947,#1948,#1949,#1950,
#1951,#1952,#1953,#1954,#1955,#1956,#1957,#1958));
#443=EDGE_LOOP('',(#1959,#1960,#1961,#1962));
#444=EDGE_LOOP('',(#1963,#1964,#1965,#1966));
#445=EDGE_LOOP('',(#1967,#1968,#1969,#1970));
#446=EDGE_LOOP('',(#1971,#1972,#1973,#1974));
#447=EDGE_LOOP('',(#1975,#1976,#1977));
#448=EDGE_LOOP('',(#1978,#1979,#1980,#1981));
#449=EDGE_LOOP('',(#1982,#1983,#1984,#1985));
#450=EDGE_LOOP('',(#1986,#1987,#1988,#1989));
#451=EDGE_LOOP('',(#1990,#1991,#1992));
#452=EDGE_LOOP('',(#1993,#1994,#1995,#1996));
#453=EDGE_LOOP('',(#1997,#1998,#1999,#2000));
#454=EDGE_LOOP('',(#2001,#2002,#2003,#2004));
#455=EDGE_LOOP('',(#2005,#2006,#2007,#2008));
#456=EDGE_LOOP('',(#2009,#2010,#2011,#2012));
#457=EDGE_LOOP('',(#2013,#2014,#2015,#2016));
#458=EDGE_LOOP('',(#2017,#2018,#2019,#2020));
#459=EDGE_LOOP('',(#2021,#2022,#2023,#2024));
#460=EDGE_LOOP('',(#2025,#2026,#2027,#2028));
#461=EDGE_LOOP('',(#2029,#2030,#2031,#2032));
#462=EDGE_LOOP('',(#2033,#2034,#2035,#2036));
#463=EDGE_LOOP('',(#2037,#2038,#2039,#2040));
#464=EDGE_LOOP('',(#2041,#2042,#2043,#2044));
#465=EDGE_LOOP('',(#2045,#2046,#2047,#2048));
#466=EDGE_LOOP('',(#2049,#2050,#2051,#2052));
#467=EDGE_LOOP('',(#2053,#2054,#2055,#2056));
#468=EDGE_LOOP('',(#2057,#2058,#2059,#2060));
#469=EDGE_LOOP('',(#2061,#2062,#2063,#2064));
#470=EDGE_LOOP('',(#2065,#2066,#2067,#2068));
#471=EDGE_LOOP('',(#2069,#2070,#2071,#2072));
#472=EDGE_LOOP('',(#2073,#2074,#2075,#2076));
#473=EDGE_LOOP('',(#2077,#2078,#2079,#2080));
#474=EDGE_LOOP('',(#2081,#2082,#2083,#2084,#2085,#2086,#2087,#2088,#2089,
#2090,#2091));
#475=EDGE_LOOP('',(#2092,#2093,#2094,#2095));
#476=EDGE_LOOP('',(#2096,#2097,#2098,#2099));
#477=EDGE_LOOP('',(#2100,#2101,#2102,#2103));
#478=EDGE_LOOP('',(#2104,#2105,#2106,#2107));
#479=EDGE_LOOP('',(#2108,#2109,#2110,#2111));
#480=EDGE_LOOP('',(#2112,#2113,#2114,#2115));
#481=EDGE_LOOP('',(#2116,#2117,#2118,#2119,#2120,#2121,#2122,#2123,#2124,
#2125,#2126));
#482=EDGE_LOOP('',(#2127,#2128,#2129,#2130,#2131,#2132,#2133,#2134));
#483=LINE('',#3234,#703);
#484=LINE('',#3236,#704);
#485=LINE('',#3238,#705);
#486=LINE('',#3239,#706);
#487=LINE('',#3243,#707);
#488=LINE('',#3245,#708);
#489=LINE('',#3247,#709);
#490=LINE('',#3248,#710);
#491=LINE('',#3250,#711);
#492=LINE('',#3251,#712);
#493=LINE('',#3254,#713);
#494=LINE('',#3258,#714);
#495=LINE('',#3262,#715);
#496=LINE('',#3266,#716);
#497=LINE('',#3269,#717);
#498=LINE('',#3271,#718);
#499=LINE('',#3275,#719);
#500=LINE('',#3279,#720);
#501=LINE('',#3283,#721);
#502=LINE('',#3286,#722);
#503=LINE('',#3289,#723);
#504=LINE('',#3291,#724);
#505=LINE('',#3293,#725);
#506=LINE('',#3295,#726);
#507=LINE('',#3297,#727);
#508=LINE('',#3299,#728);
#509=LINE('',#3300,#729);
#510=LINE('',#3306,#730);
#511=LINE('',#3310,#731);
#512=LINE('',#3312,#732);
#513=LINE('',#3314,#733);
#514=LINE('',#3316,#734);
#515=LINE('',#3318,#735);
#516=LINE('',#3322,#736);
#517=LINE('',#3325,#737);
#518=LINE('',#3329,#738);
#519=LINE('',#3331,#739);
#520=LINE('',#3333,#740);
#521=LINE('',#3334,#741);
#522=LINE('',#3337,#742);
#523=LINE('',#3339,#743);
#524=LINE('',#3341,#744);
#525=LINE('',#3343,#745);
#526=LINE('',#3345,#746);
#527=LINE('',#3347,#747);
#528=LINE('',#3348,#748);
#529=LINE('',#3352,#749);
#530=LINE('',#3354,#750);
#531=LINE('',#3356,#751);
#532=LINE('',#3357,#752);
#533=LINE('',#3360,#753);
#534=LINE('',#3362,#754);
#535=LINE('',#3363,#755);
#536=LINE('',#3366,#756);
#537=LINE('',#3368,#757);
#538=LINE('',#3369,#758);
#539=LINE('',#3373,#759);
#540=LINE('',#3375,#760);
#541=LINE('',#3377,#761);
#542=LINE('',#3378,#762);
#543=LINE('',#3381,#763);
#544=LINE('',#3383,#764);
#545=LINE('',#3384,#765);
#546=LINE('',#3387,#766);
#547=LINE('',#3389,#767);
#548=LINE('',#3390,#768);
#549=LINE('',#3392,#769);
#550=LINE('',#3393,#770);
#551=LINE('',#3397,#771);
#552=LINE('',#3398,#772);
#553=LINE('',#3399,#773);
#554=LINE('',#3401,#774);
#555=LINE('',#3403,#775);
#556=LINE('',#3405,#776);
#557=LINE('',#3407,#777);
#558=LINE('',#3409,#778);
#559=LINE('',#3411,#779);
#560=LINE('',#3413,#780);
#561=LINE('',#3415,#781);
#562=LINE('',#3417,#782);
#563=LINE('',#3419,#783);
#564=LINE('',#3420,#784);
#565=LINE('',#3422,#785);
#566=LINE('',#3423,#786);
#567=LINE('',#3424,#787);
#568=LINE('',#3425,#788);
#569=LINE('',#3429,#789);
#570=LINE('',#3430,#790);
#571=LINE('',#3431,#791);
#572=LINE('',#3434,#792);
#573=LINE('',#3435,#793);
#574=LINE('',#3439,#794);
#575=LINE('',#3440,#795);
#576=LINE('',#3441,#796);
#577=LINE('',#3444,#797);
#578=LINE('',#3445,#798);
#579=LINE('',#3448,#799);
#580=LINE('',#3449,#800);
#581=LINE('',#3453,#801);
#582=LINE('',#3457,#802);
#583=LINE('',#3509,#803);
#584=LINE('',#3511,#804);
#585=LINE('',#3514,#805);
#586=LINE('',#3515,#806);
#587=LINE('',#3534,#807);
#588=LINE('',#3535,#808);
#589=LINE('',#3538,#809);
#590=LINE('',#3539,#810);
#591=LINE('',#3542,#811);
#592=LINE('',#3543,#812);
#593=LINE('',#3546,#813);
#594=LINE('',#3548,#814);
#595=LINE('',#3549,#815);
#596=LINE('',#3582,#816);
#597=LINE('',#3586,#817);
#598=LINE('',#3590,#818);
#599=LINE('',#3620,#819);
#600=LINE('',#3623,#820);
#601=LINE('',#3625,#821);
#602=LINE('',#3626,#822);
#603=LINE('',#3662,#823);
#604=LINE('',#3663,#824);
#605=LINE('',#3666,#825);
#606=LINE('',#3670,#826);
#607=LINE('',#3674,#827);
#608=LINE('',#3678,#828);
#609=LINE('',#3682,#829);
#610=LINE('',#3685,#830);
#611=LINE('',#3686,#831);
#612=LINE('',#3689,#832);
#613=LINE('',#3692,#833);
#614=LINE('',#3695,#834);
#615=LINE('',#3696,#835);
#616=LINE('',#3700,#836);
#617=LINE('',#3730,#837);
#618=LINE('',#3732,#838);
#619=LINE('',#3735,#839);
#620=LINE('',#3736,#840);
#621=LINE('',#3739,#841);
#622=LINE('',#3770,#842);
#623=LINE('',#3788,#843);
#624=LINE('',#3791,#844);
#625=LINE('',#3794,#845);
#626=LINE('',#3796,#846);
#627=LINE('',#3814,#847);
#628=LINE('',#3816,#848);
#629=LINE('',#3835,#849);
#630=LINE('',#3836,#850);
#631=LINE('',#3838,#851);
#632=LINE('',#3839,#852);
#633=LINE('',#3856,#853);
#634=LINE('',#3858,#854);
#635=LINE('',#3860,#855);
#636=LINE('',#3879,#856);
#637=LINE('',#3883,#857);
#638=LINE('',#3885,#858);
#639=LINE('',#3887,#859);
#640=LINE('',#3893,#860);
#641=LINE('',#3896,#861);
#642=LINE('',#3927,#862);
#643=LINE('',#3930,#863);
#644=LINE('',#3933,#864);
#645=LINE('',#3934,#865);
#646=LINE('',#3937,#866);
#647=LINE('',#3941,#867);
#648=LINE('',#3945,#868);
#649=LINE('',#3949,#869);
#650=LINE('',#3979,#870);
#651=LINE('',#3980,#871);
#652=LINE('',#4012,#872);
#653=LINE('',#4014,#873);
#654=LINE('',#4017,#874);
#655=LINE('',#4020,#875);
#656=LINE('',#4023,#876);
#657=LINE('',#4025,#877);
#658=LINE('',#4053,#878);
#659=LINE('',#4054,#879);
#660=LINE('',#4074,#880);
#661=LINE('',#4075,#881);
#662=LINE('',#4078,#882);
#663=LINE('',#4081,#883);
#664=LINE('',#4083,#884);
#665=LINE('',#4099,#885);
#666=LINE('',#4105,#886);
#667=LINE('',#4109,#887);
#668=LINE('',#4113,#888);
#669=LINE('',#4114,#889);
#670=LINE('',#4116,#890);
#671=LINE('',#4118,#891);
#672=LINE('',#4121,#892);
#673=LINE('',#4122,#893);
#674=LINE('',#4123,#894);
#675=LINE('',#4124,#895);
#676=LINE('',#4125,#896);
#677=LINE('',#4126,#897);
#678=LINE('',#4128,#898);
#679=LINE('',#4132,#899);
#680=LINE('',#4162,#900);
#681=LINE('',#4165,#901);
#682=LINE('',#4212,#902);
#683=LINE('',#4213,#903);
#684=LINE('',#4216,#904);
#685=LINE('',#4219,#905);
#686=LINE('',#4233,#906);
#687=LINE('',#4236,#907);
#688=LINE('',#4239,#908);
#689=LINE('',#4253,#909);
#690=LINE('',#4256,#910);
#691=LINE('',#4259,#911);
#692=LINE('',#4275,#912);
#693=LINE('',#4276,#913);
#694=LINE('',#4279,#914);
#695=LINE('',#4280,#915);
#696=LINE('',#4284,#916);
#697=LINE('',#4287,#917);
#698=LINE('',#4288,#918);
#699=LINE('',#4290,#919);
#700=LINE('',#4295,#920);
#701=LINE('',#4296,#921);
#702=LINE('',#4298,#922);
#703=VECTOR('',#2562,10.);
#704=VECTOR('',#2563,10.);
#705=VECTOR('',#2564,10.);
#706=VECTOR('',#2565,10.);
#707=VECTOR('',#2568,10.);
#708=VECTOR('',#2569,10.);
#709=VECTOR('',#2570,10.);
#710=VECTOR('',#2571,10.);
#711=VECTOR('',#2574,10.);
#712=VECTOR('',#2575,10.);
#713=VECTOR('',#2578,10.);
#714=VECTOR('',#2581,10.);
#715=VECTOR('',#2584,10.);
#716=VECTOR('',#2587,10.);
#717=VECTOR('',#2590,10.);
#718=VECTOR('',#2591,10.);
#719=VECTOR('',#2594,10.);
#720=VECTOR('',#2597,10.);
#721=VECTOR('',#2600,10.);
#722=VECTOR('',#2603,10.);
#723=VECTOR('',#2606,10.);
#724=VECTOR('',#2607,10.);
#725=VECTOR('',#2608,10.);
#726=VECTOR('',#2609,10.);
#727=VECTOR('',#2610,10.);
#728=VECTOR('',#2611,10.);
#729=VECTOR('',#2612,10.);
#730=VECTOR('',#2617,10.);
#731=VECTOR('',#2620,10.);
#732=VECTOR('',#2621,10.);
#733=VECTOR('',#2622,10.);
#734=VECTOR('',#2623,10.);
#735=VECTOR('',#2624,10.);
#736=VECTOR('',#2627,10.);
#737=VECTOR('',#2630,10.);
#738=VECTOR('',#2633,10.);
#739=VECTOR('',#2634,10.);
#740=VECTOR('',#2635,10.);
#741=VECTOR('',#2636,10.);
#742=VECTOR('',#2639,10.);
#743=VECTOR('',#2640,10.);
#744=VECTOR('',#2641,10.);
#745=VECTOR('',#2642,10.);
#746=VECTOR('',#2643,10.);
#747=VECTOR('',#2644,10.);
#748=VECTOR('',#2645,10.);
#749=VECTOR('',#2648,10.);
#750=VECTOR('',#2649,10.);
#751=VECTOR('',#2650,10.);
#752=VECTOR('',#2651,10.);
#753=VECTOR('',#2654,10.);
#754=VECTOR('',#2655,10.);
#755=VECTOR('',#2656,10.);
#756=VECTOR('',#2659,10.);
#757=VECTOR('',#2660,10.);
#758=VECTOR('',#2661,10.);
#759=VECTOR('',#2664,10.);
#760=VECTOR('',#2665,10.);
#761=VECTOR('',#2666,10.);
#762=VECTOR('',#2667,10.);
#763=VECTOR('',#2670,10.);
#764=VECTOR('',#2671,10.);
#765=VECTOR('',#2672,10.);
#766=VECTOR('',#2675,10.);
#767=VECTOR('',#2676,10.);
#768=VECTOR('',#2677,10.);
#769=VECTOR('',#2680,10.);
#770=VECTOR('',#2681,10.);
#771=VECTOR('',#2684,10.);
#772=VECTOR('',#2685,10.);
#773=VECTOR('',#2686,10.);
#774=VECTOR('',#2689,10.);
#775=VECTOR('',#2690,10.);
#776=VECTOR('',#2691,10.);
#777=VECTOR('',#2692,10.);
#778=VECTOR('',#2693,10.);
#779=VECTOR('',#2694,10.);
#780=VECTOR('',#2695,10.);
#781=VECTOR('',#2696,10.);
#782=VECTOR('',#2697,10.);
#783=VECTOR('',#2698,10.);
#784=VECTOR('',#2699,10.);
#785=VECTOR('',#2700,10.);
#786=VECTOR('',#2701,10.);
#787=VECTOR('',#2702,10.);
#788=VECTOR('',#2703,10.);
#789=VECTOR('',#2706,10.);
#790=VECTOR('',#2707,10.);
#791=VECTOR('',#2708,10.);
#792=VECTOR('',#2711,10.);
#793=VECTOR('',#2712,10.);
#794=VECTOR('',#2715,10.);
#795=VECTOR('',#2716,10.);
#796=VECTOR('',#2717,10.);
#797=VECTOR('',#2720,10.);
#798=VECTOR('',#2721,10.);
#799=VECTOR('',#2724,10.);
#800=VECTOR('',#2725,10.);
#801=VECTOR('',#2728,10.);
#802=VECTOR('',#2731,10.);
#803=VECTOR('',#2744,10.);
#804=VECTOR('',#2745,10.);
#805=VECTOR('',#2750,10.);
#806=VECTOR('',#2751,10.);
#807=VECTOR('',#2762,10.);
#808=VECTOR('',#2763,10.);
#809=VECTOR('',#2766,10.);
#810=VECTOR('',#2767,10.);
#811=VECTOR('',#2770,10.);
#812=VECTOR('',#2771,10.);
#813=VECTOR('',#2774,10.);
#814=VECTOR('',#2775,0.2);
#815=VECTOR('',#2776,10.);
#816=VECTOR('',#2785,10.);
#817=VECTOR('',#2790,10.);
#818=VECTOR('',#2795,10.);
#819=VECTOR('',#2802,10.);
#820=VECTOR('',#2805,10.);
#821=VECTOR('',#2806,10.);
#822=VECTOR('',#2807,10.);
#823=VECTOR('',#2818,10.);
#824=VECTOR('',#2819,10.);
#825=VECTOR('',#2822,10.);
#826=VECTOR('',#2825,10.);
#827=VECTOR('',#2828,10.);
#828=VECTOR('',#2831,10.);
#829=VECTOR('',#2836,10.);
#830=VECTOR('',#2839,10.);
#831=VECTOR('',#2840,10.);
#832=VECTOR('',#2843,10.);
#833=VECTOR('',#2848,10.);
#834=VECTOR('',#2851,10.);
#835=VECTOR('',#2852,10.);
#836=VECTOR('',#2857,10.);
#837=VECTOR('',#2864,10.);
#838=VECTOR('',#2867,10.);
#839=VECTOR('',#2870,10.);
#840=VECTOR('',#2871,10.);
#841=VECTOR('',#2874,10.);
#842=VECTOR('',#2883,10.);
#843=VECTOR('',#2894,10.);
#844=VECTOR('',#2897,10.);
#845=VECTOR('',#2900,10.);
#846=VECTOR('',#2903,10.);
#847=VECTOR('',#2914,10.);
#848=VECTOR('',#2917,10.);
#849=VECTOR('',#2928,10.);
#850=VECTOR('',#2929,10.);
#851=VECTOR('',#2932,10.);
#852=VECTOR('',#2933,10.);
#853=VECTOR('',#2944,10.);
#854=VECTOR('',#2947,10.);
#855=VECTOR('',#2950,10.);
#856=VECTOR('',#2963,10.);
#857=VECTOR('',#2968,10.);
#858=VECTOR('',#2971,10.);
#859=VECTOR('',#2974,10.);
#860=VECTOR('',#2979,10.);
#861=VECTOR('',#2982,10.);
#862=VECTOR('',#2989,10.);
#863=VECTOR('',#2992,10.);
#864=VECTOR('',#2995,10.);
#865=VECTOR('',#2996,10.);
#866=VECTOR('',#2999,10.);
#867=VECTOR('',#3002,10.);
#868=VECTOR('',#3005,10.);
#869=VECTOR('',#3010,10.);
#870=VECTOR('',#3017,10.);
#871=VECTOR('',#3018,10.);
#872=VECTOR('',#3027,10.);
#873=VECTOR('',#3030,10.);
#874=VECTOR('',#3033,10.);
#875=VECTOR('',#3036,10.);
#876=VECTOR('',#3039,10.);
#877=VECTOR('',#3042,10.);
#878=VECTOR('',#3047,10.);
#879=VECTOR('',#3048,10.);
#880=VECTOR('',#3061,10.);
#881=VECTOR('',#3062,10.);
#882=VECTOR('',#3065,10.);
#883=VECTOR('',#3068,10.);
#884=VECTOR('',#3071,10.);
#885=VECTOR('',#3080,10.);
#886=VECTOR('',#3085,10.);
#887=VECTOR('',#3088,10.);
#888=VECTOR('',#3091,10.);
#889=VECTOR('',#3092,10.);
#890=VECTOR('',#3093,10.);
#891=VECTOR('',#3094,10.);
#892=VECTOR('',#3097,10.);
#893=VECTOR('',#3098,10.);
#894=VECTOR('',#3099,10.);
#895=VECTOR('',#3100,10.);
#896=VECTOR('',#3101,10.);
#897=VECTOR('',#3102,10.);
#898=VECTOR('',#3105,10.);
#899=VECTOR('',#3110,10.);
#900=VECTOR('',#3117,10.);
#901=VECTOR('',#3122,10.);
#902=VECTOR('',#3143,10.);
#903=VECTOR('',#3144,10.);
#904=VECTOR('',#3147,10.);
#905=VECTOR('',#3152,10.);
#906=VECTOR('',#3159,10.);
#907=VECTOR('',#3162,10.);
#908=VECTOR('',#3167,10.);
#909=VECTOR('',#3174,10.);
#910=VECTOR('',#3177,10.);
#911=VECTOR('',#3182,10.);
#912=VECTOR('',#3191,10.);
#913=VECTOR('',#3192,10.);
#914=VECTOR('',#3195,10.);
#915=VECTOR('',#3196,10.);
#916=VECTOR('',#3203,10.);
#917=VECTOR('',#3208,10.);
#918=VECTOR('',#3209,10.);
#919=VECTOR('',#3212,10.);
#920=VECTOR('',#3219,10.);
#921=VECTOR('',#3220,10.);
#922=VECTOR('',#3223,10.);
#923=VERTEX_POINT('',#3232);
#924=VERTEX_POINT('',#3233);
#925=VERTEX_POINT('',#3235);
#926=VERTEX_POINT('',#3237);
#927=VERTEX_POINT('',#3241);
#928=VERTEX_POINT('',#3242);
#929=VERTEX_POINT('',#3244);
#930=VERTEX_POINT('',#3246);
#931=VERTEX_POINT('',#3253);
#932=VERTEX_POINT('',#3255);
#933=VERTEX_POINT('',#3257);
#934=VERTEX_POINT('',#3259);
#935=VERTEX_POINT('',#3261);
#936=VERTEX_POINT('',#3263);
#937=VERTEX_POINT('',#3265);
#938=VERTEX_POINT('',#3267);
#939=VERTEX_POINT('',#3270);
#940=VERTEX_POINT('',#3272);
#941=VERTEX_POINT('',#3274);
#942=VERTEX_POINT('',#3276);
#943=VERTEX_POINT('',#3278);
#944=VERTEX_POINT('',#3280);
#945=VERTEX_POINT('',#3282);
#946=VERTEX_POINT('',#3284);
#947=VERTEX_POINT('',#3288);
#948=VERTEX_POINT('',#3290);
#949=VERTEX_POINT('',#3292);
#950=VERTEX_POINT('',#3294);
#951=VERTEX_POINT('',#3296);
#952=VERTEX_POINT('',#3298);
#953=VERTEX_POINT('',#3302);
#954=VERTEX_POINT('',#3303);
#955=VERTEX_POINT('',#3305);
#956=VERTEX_POINT('',#3307);
#957=VERTEX_POINT('',#3309);
#958=VERTEX_POINT('',#3311);
#959=VERTEX_POINT('',#3313);
#960=VERTEX_POINT('',#3315);
#961=VERTEX_POINT('',#3317);
#962=VERTEX_POINT('',#3319);
#963=VERTEX_POINT('',#3321);
#964=VERTEX_POINT('',#3323);
#965=VERTEX_POINT('',#3327);
#966=VERTEX_POINT('',#3328);
#967=VERTEX_POINT('',#3330);
#968=VERTEX_POINT('',#3332);
#969=VERTEX_POINT('',#3336);
#970=VERTEX_POINT('',#3338);
#971=VERTEX_POINT('',#3340);
#972=VERTEX_POINT('',#3342);
#973=VERTEX_POINT('',#3344);
#974=VERTEX_POINT('',#3346);
#975=VERTEX_POINT('',#3350);
#976=VERTEX_POINT('',#3351);
#977=VERTEX_POINT('',#3353);
#978=VERTEX_POINT('',#3355);
#979=VERTEX_POINT('',#3359);
#980=VERTEX_POINT('',#3361);
#981=VERTEX_POINT('',#3365);
#982=VERTEX_POINT('',#3367);
#983=VERTEX_POINT('',#3371);
#984=VERTEX_POINT('',#3372);
#985=VERTEX_POINT('',#3374);
#986=VERTEX_POINT('',#3376);
#987=VERTEX_POINT('',#3380);
#988=VERTEX_POINT('',#3382);
#989=VERTEX_POINT('',#3386);
#990=VERTEX_POINT('',#3388);
#991=VERTEX_POINT('',#3395);
#992=VERTEX_POINT('',#3396);
#993=VERTEX_POINT('',#3402);
#994=VERTEX_POINT('',#3404);
#995=VERTEX_POINT('',#3406);
#996=VERTEX_POINT('',#3408);
#997=VERTEX_POINT('',#3410);
#998=VERTEX_POINT('',#3412);
#999=VERTEX_POINT('',#3414);
#1000=VERTEX_POINT('',#3416);
#1001=VERTEX_POINT('',#3418);
#1002=VERTEX_POINT('',#3421);
#1003=VERTEX_POINT('',#3427);
#1004=VERTEX_POINT('',#3428);
#1005=VERTEX_POINT('',#3433);
#1006=VERTEX_POINT('',#3437);
#1007=VERTEX_POINT('',#3438);
#1008=VERTEX_POINT('',#3443);
#1009=VERTEX_POINT('',#3447);
#1010=VERTEX_POINT('',#3451);
#1011=VERTEX_POINT('',#3452);
#1012=VERTEX_POINT('',#3454);
#1013=VERTEX_POINT('',#3456);
#1014=VERTEX_POINT('',#3479);
#1015=VERTEX_POINT('',#3480);
#1016=VERTEX_POINT('',#3482);
#1017=VERTEX_POINT('',#3502);
#1018=VERTEX_POINT('',#3503);
#1019=VERTEX_POINT('',#3508);
#1020=VERTEX_POINT('',#3510);
#1021=VERTEX_POINT('',#3525);
#1022=VERTEX_POINT('',#3526);
#1023=VERTEX_POINT('',#3531);
#1024=VERTEX_POINT('',#3532);
#1025=VERTEX_POINT('',#3537);
#1026=VERTEX_POINT('',#3541);
#1027=VERTEX_POINT('',#3545);
#1028=VERTEX_POINT('',#3547);
#1029=VERTEX_POINT('',#3575);
#1030=VERTEX_POINT('',#3579);
#1031=VERTEX_POINT('',#3581);
#1032=VERTEX_POINT('',#3584);
#1033=VERTEX_POINT('',#3588);
#1034=VERTEX_POINT('',#3616);
#1035=VERTEX_POINT('',#3622);
#1036=VERTEX_POINT('',#3624);
#1037=VERTEX_POINT('',#3652);
#1038=VERTEX_POINT('',#3653);
#1039=VERTEX_POINT('',#3655);
#1040=VERTEX_POINT('',#3659);
#1041=VERTEX_POINT('',#3660);
#1042=VERTEX_POINT('',#3665);
#1043=VERTEX_POINT('',#3667);
#1044=VERTEX_POINT('',#3669);
#1045=VERTEX_POINT('',#3671);
#1046=VERTEX_POINT('',#3673);
#1047=VERTEX_POINT('',#3675);
#1048=VERTEX_POINT('',#3677);
#1049=VERTEX_POINT('',#3680);
#1050=VERTEX_POINT('',#3684);
#1051=VERTEX_POINT('',#3688);
#1052=VERTEX_POINT('',#3694);
#1053=VERTEX_POINT('',#3698);
#1054=VERTEX_POINT('',#3726);
#1055=VERTEX_POINT('',#3734);
#1056=VERTEX_POINT('',#3738);
#1057=VERTEX_POINT('',#3766);
#1058=VERTEX_POINT('',#3780);
#1059=VERTEX_POINT('',#3782);
#1060=VERTEX_POINT('',#3784);
#1061=VERTEX_POINT('',#3790);
#1062=VERTEX_POINT('',#3792);
#1063=VERTEX_POINT('',#3806);
#1064=VERTEX_POINT('',#3807);
#1065=VERTEX_POINT('',#3810);
#1066=VERTEX_POINT('',#3826);
#1067=VERTEX_POINT('',#3827);
#1068=VERTEX_POINT('',#3829);
#1069=VERTEX_POINT('',#3831);
#1070=VERTEX_POINT('',#3850);
#1071=VERTEX_POINT('',#3852);
#1072=VERTEX_POINT('',#3871);
#1073=VERTEX_POINT('',#3872);
#1074=VERTEX_POINT('',#3875);
#1075=VERTEX_POINT('',#3881);
#1076=VERTEX_POINT('',#3889);
#1077=VERTEX_POINT('',#3890);
#1078=VERTEX_POINT('',#3892);
#1079=VERTEX_POINT('',#3894);
#1080=VERTEX_POINT('',#3922);
#1081=VERTEX_POINT('',#3926);
#1082=VERTEX_POINT('',#3928);
#1083=VERTEX_POINT('',#3932);
#1084=VERTEX_POINT('',#3936);
#1085=VERTEX_POINT('',#3938);
#1086=VERTEX_POINT('',#3940);
#1087=VERTEX_POINT('',#3942);
#1088=VERTEX_POINT('',#3944);
#1089=VERTEX_POINT('',#3948);
#1090=VERTEX_POINT('',#3978);
#1091=VERTEX_POINT('',#4006);
#1092=VERTEX_POINT('',#4008);
#1093=VERTEX_POINT('',#4016);
#1094=VERTEX_POINT('',#4018);
#1095=VERTEX_POINT('',#4022);
#1096=VERTEX_POINT('',#4065);
#1097=VERTEX_POINT('',#4066);
#1098=VERTEX_POINT('',#4068);
#1099=VERTEX_POINT('',#4070);
#1100=VERTEX_POINT('',#4077);
#1101=VERTEX_POINT('',#4079);
#1102=VERTEX_POINT('',#4093);
#1103=VERTEX_POINT('',#4094);
#1104=VERTEX_POINT('',#4101);
#1105=VERTEX_POINT('',#4102);
#1106=VERTEX_POINT('',#4104);
#1107=VERTEX_POINT('',#4106);
#1108=VERTEX_POINT('',#4108);
#1109=VERTEX_POINT('',#4110);
#1110=VERTEX_POINT('',#4112);
#1111=VERTEX_POINT('',#4115);
#1112=VERTEX_POINT('',#4117);
#1113=VERTEX_POINT('',#4119);
#1114=VERTEX_POINT('',#4131);
#1115=VERTEX_POINT('',#4161);
#1116=VERTEX_POINT('',#4206);
#1117=VERTEX_POINT('',#4208);
#1118=VERTEX_POINT('',#4215);
#1119=VERTEX_POINT('',#4229);
#1120=VERTEX_POINT('',#4235);
#1121=VERTEX_POINT('',#4249);
#1122=VERTEX_POINT('',#4255);
#1123=VERTEX_POINT('',#4269);
#1124=VERTEX_POINT('',#4271);
#1125=VERTEX_POINT('',#4278);
#1126=VERTEX_POINT('',#4294);
#1127=EDGE_CURVE('',#923,#924,#483,.T.);
#1128=EDGE_CURVE('',#925,#923,#484,.T.);
#1129=EDGE_CURVE('',#926,#925,#485,.T.);
#1130=EDGE_CURVE('',#924,#926,#486,.T.);
#1131=EDGE_CURVE('',#927,#928,#487,.T.);
#1132=EDGE_CURVE('',#929,#927,#488,.T.);
#1133=EDGE_CURVE('',#930,#929,#489,.T.);
#1134=EDGE_CURVE('',#930,#928,#490,.T.);
#1135=EDGE_CURVE('',#928,#923,#491,.T.);
#1136=EDGE_CURVE('',#925,#930,#492,.T.);
#1137=EDGE_CURVE('',#926,#931,#493,.T.);
#1138=EDGE_CURVE('',#932,#931,#119,.T.);
#1139=EDGE_CURVE('',#932,#933,#494,.T.);
#1140=EDGE_CURVE('',#934,#933,#120,.T.);
#1141=EDGE_CURVE('',#934,#935,#495,.T.);
#1142=EDGE_CURVE('',#936,#935,#121,.T.);
#1143=EDGE_CURVE('',#936,#937,#496,.T.);
#1144=EDGE_CURVE('',#938,#937,#122,.T.);
#1145=EDGE_CURVE('',#938,#929,#497,.T.);
#1146=EDGE_CURVE('',#927,#939,#498,.T.);
#1147=EDGE_CURVE('',#940,#939,#123,.T.);
#1148=EDGE_CURVE('',#940,#941,#499,.T.);
#1149=EDGE_CURVE('',#942,#941,#124,.T.);
#1150=EDGE_CURVE('',#942,#943,#500,.T.);
#1151=EDGE_CURVE('',#944,#943,#125,.T.);
#1152=EDGE_CURVE('',#944,#945,#501,.T.);
#1153=EDGE_CURVE('',#946,#945,#126,.T.);
#1154=EDGE_CURVE('',#946,#924,#502,.T.);
#1155=EDGE_CURVE('',#947,#938,#503,.T.);
#1156=EDGE_CURVE('',#947,#948,#504,.T.);
#1157=EDGE_CURVE('',#949,#948,#505,.T.);
#1158=EDGE_CURVE('',#950,#949,#506,.T.);
#1159=EDGE_CURVE('',#951,#950,#507,.T.);
#1160=EDGE_CURVE('',#951,#952,#508,.T.);
#1161=EDGE_CURVE('',#931,#952,#509,.T.);
#1162=EDGE_CURVE('',#953,#954,#127,.T.);
#1163=EDGE_CURVE('',#954,#955,#510,.T.);
#1164=EDGE_CURVE('',#955,#956,#128,.T.);
#1165=EDGE_CURVE('',#956,#957,#511,.T.);
#1166=EDGE_CURVE('',#957,#958,#512,.T.);
#1167=EDGE_CURVE('',#958,#959,#513,.T.);
#1168=EDGE_CURVE('',#959,#960,#514,.T.);
#1169=EDGE_CURVE('',#960,#961,#515,.T.);
#1170=EDGE_CURVE('',#961,#962,#129,.T.);
#1171=EDGE_CURVE('',#962,#963,#516,.T.);
#1172=EDGE_CURVE('',#963,#964,#130,.T.);
#1173=EDGE_CURVE('',#964,#953,#517,.T.);
#1174=EDGE_CURVE('',#965,#966,#518,.T.);
#1175=EDGE_CURVE('',#967,#965,#519,.T.);
#1176=EDGE_CURVE('',#967,#968,#520,.T.);
#1177=EDGE_CURVE('',#966,#968,#521,.T.);
#1178=EDGE_CURVE('',#969,#966,#522,.T.);
#1179=EDGE_CURVE('',#970,#969,#523,.T.);
#1180=EDGE_CURVE('',#971,#970,#524,.T.);
#1181=EDGE_CURVE('',#972,#971,#525,.T.);
#1182=EDGE_CURVE('',#973,#972,#526,.T.);
#1183=EDGE_CURVE('',#973,#974,#527,.T.);
#1184=EDGE_CURVE('',#974,#965,#528,.T.);
#1185=EDGE_CURVE('',#975,#976,#529,.T.);
#1186=EDGE_CURVE('',#975,#977,#530,.T.);
#1187=EDGE_CURVE('',#978,#977,#531,.T.);
#1188=EDGE_CURVE('',#976,#978,#532,.T.);
#1189=EDGE_CURVE('',#976,#979,#533,.T.);
#1190=EDGE_CURVE('',#980,#978,#534,.T.);
#1191=EDGE_CURVE('',#979,#980,#535,.T.);
#1192=EDGE_CURVE('',#979,#981,#536,.T.);
#1193=EDGE_CURVE('',#982,#980,#537,.T.);
#1194=EDGE_CURVE('',#981,#982,#538,.T.);
#1195=EDGE_CURVE('',#983,#984,#539,.T.);
#1196=EDGE_CURVE('',#985,#983,#540,.T.);
#1197=EDGE_CURVE('',#985,#986,#541,.T.);
#1198=EDGE_CURVE('',#986,#984,#542,.T.);
#1199=EDGE_CURVE('',#984,#987,#543,.T.);
#1200=EDGE_CURVE('',#986,#988,#544,.T.);
#1201=EDGE_CURVE('',#988,#987,#545,.T.);
#1202=EDGE_CURVE('',#989,#983,#546,.T.);
#1203=EDGE_CURVE('',#990,#989,#547,.T.);
#1204=EDGE_CURVE('',#985,#990,#548,.T.);
#1205=EDGE_CURVE('',#982,#987,#549,.T.);
#1206=EDGE_CURVE('',#977,#989,#550,.T.);
#1207=EDGE_CURVE('',#991,#992,#551,.T.);
#1208=EDGE_CURVE('',#992,#973,#552,.T.);
#1209=EDGE_CURVE('',#991,#972,#553,.T.);
#1210=EDGE_CURVE('',#959,#981,#554,.T.);
#1211=EDGE_CURVE('',#993,#958,#555,.T.);
#1212=EDGE_CURVE('',#994,#993,#556,.T.);
#1213=EDGE_CURVE('',#994,#995,#557,.T.);
#1214=EDGE_CURVE('',#995,#996,#558,.T.);
#1215=EDGE_CURVE('',#996,#997,#559,.T.);
#1216=EDGE_CURVE('',#997,#998,#560,.T.);
#1217=EDGE_CURVE('',#998,#999,#561,.T.);
#1218=EDGE_CURVE('',#999,#1000,#562,.T.);
#1219=EDGE_CURVE('',#1000,#1001,#563,.T.);
#1220=EDGE_CURVE('',#968,#1001,#564,.T.);
#1221=EDGE_CURVE('',#967,#1002,#565,.T.);
#1222=EDGE_CURVE('',#1002,#992,#566,.T.);
#1223=EDGE_CURVE('',#991,#988,#567,.T.);
#1224=EDGE_CURVE('',#990,#975,#568,.T.);
#1225=EDGE_CURVE('',#1003,#1004,#569,.T.);
#1226=EDGE_CURVE('',#1000,#1003,#570,.T.);
#1227=EDGE_CURVE('',#999,#1004,#571,.T.);
#1228=EDGE_CURVE('',#1004,#1005,#572,.T.);
#1229=EDGE_CURVE('',#1005,#998,#573,.T.);
#1230=EDGE_CURVE('',#1006,#1007,#574,.T.);
#1231=EDGE_CURVE('',#995,#1006,#575,.T.);
#1232=EDGE_CURVE('',#994,#1007,#576,.T.);
#1233=EDGE_CURVE('',#1007,#1008,#577,.T.);
#1234=EDGE_CURVE('',#993,#1008,#578,.T.);
#1235=EDGE_CURVE('',#1009,#1006,#579,.T.);
#1236=EDGE_CURVE('',#996,#1009,#580,.T.);
#1237=EDGE_CURVE('',#1010,#1011,#581,.T.);
#1238=EDGE_CURVE('',#1011,#1012,#131,.T.);
#1239=EDGE_CURVE('',#1012,#1013,#582,.T.);
#1240=EDGE_CURVE('',#1013,#1010,#44,.T.);
#1241=EDGE_CURVE('',#1014,#1015,#132,.T.);
#1242=EDGE_CURVE('',#1015,#1016,#30,.T.);
#1243=EDGE_CURVE('',#1016,#1014,#31,.T.);
#1244=EDGE_CURVE('',#1017,#1018,#133,.T.);
#1245=EDGE_CURVE('',#1018,#1015,#134,.T.);
#1246=EDGE_CURVE('',#1014,#1017,#135,.T.);
#1247=EDGE_CURVE('',#1019,#1018,#583,.T.);
#1248=EDGE_CURVE('',#1017,#1020,#584,.T.);
#1249=EDGE_CURVE('',#1020,#1019,#45,.T.);
#1250=EDGE_CURVE('',#1013,#1019,#585,.T.);
#1251=EDGE_CURVE('',#1020,#1010,#586,.T.);
#1252=EDGE_CURVE('',#1021,#1022,#136,.T.);
#1253=EDGE_CURVE('',#1022,#1012,#137,.T.);
#1254=EDGE_CURVE('',#1011,#1021,#138,.T.);
#1255=EDGE_CURVE('',#1023,#1024,#139,.T.);
#1256=EDGE_CURVE('',#1024,#1022,#587,.T.);
#1257=EDGE_CURVE('',#1021,#1023,#588,.T.);
#1258=EDGE_CURVE('',#1010,#1025,#589,.T.);
#1259=EDGE_CURVE('',#1023,#1025,#590,.T.);
#1260=EDGE_CURVE('',#1020,#1026,#591,.T.);
#1261=EDGE_CURVE('',#1025,#1026,#592,.T.);
#1262=EDGE_CURVE('',#1027,#1016,#593,.T.);
#1263=EDGE_CURVE('',#1028,#1027,#594,.T.);
#1264=EDGE_CURVE('',#1026,#1028,#595,.T.);
#1265=EDGE_CURVE('',#1015,#1029,#46,.T.);
#1266=EDGE_CURVE('',#1029,#1016,#47,.T.);
#1267=EDGE_CURVE('',#1030,#1028,#140,.T.);
#1268=EDGE_CURVE('',#1030,#1031,#596,.T.);
#1269=EDGE_CURVE('',#952,#1031,#141,.F.);
#1270=EDGE_CURVE('',#1032,#951,#142,.T.);
#1271=EDGE_CURVE('',#1032,#1024,#597,.T.);
#1272=EDGE_CURVE('',#1027,#1033,#143,.T.);
#1273=EDGE_CURVE('',#1033,#1030,#598,.T.);
#1274=EDGE_CURVE('',#1027,#1034,#48,.T.);
#1275=EDGE_CURVE('',#1034,#1033,#49,.T.);
#1276=EDGE_CURVE('',#1018,#1029,#599,.T.);
#1277=EDGE_CURVE('',#1035,#946,#600,.T.);
#1278=EDGE_CURVE('',#1036,#1035,#601,.T.);
#1279=EDGE_CURVE('',#939,#1036,#602,.T.);
#1280=EDGE_CURVE('',#1037,#1038,#144,.T.);
#1281=EDGE_CURVE('',#1038,#1039,#50,.T.);
#1282=EDGE_CURVE('',#1039,#1037,#51,.T.);
#1283=EDGE_CURVE('',#1040,#1041,#145,.T.);
#1284=EDGE_CURVE('',#1041,#1038,#603,.T.);
#1285=EDGE_CURVE('',#1037,#1040,#604,.T.);
#1286=EDGE_CURVE('',#1040,#1042,#605,.T.);
#1287=EDGE_CURVE('',#1043,#1042,#146,.T.);
#1288=EDGE_CURVE('',#1043,#1044,#606,.T.);
#1289=EDGE_CURVE('',#1045,#1044,#147,.T.);
#1290=EDGE_CURVE('',#1045,#1046,#607,.T.);
#1291=EDGE_CURVE('',#1047,#1046,#148,.T.);
#1292=EDGE_CURVE('',#1047,#1048,#608,.T.);
#1293=EDGE_CURVE('',#948,#1048,#149,.T.);
#1294=EDGE_CURVE('',#1049,#947,#150,.F.);
#1295=EDGE_CURVE('',#1049,#1041,#609,.T.);
#1296=EDGE_CURVE('',#1050,#1037,#610,.T.);
#1297=EDGE_CURVE('',#1042,#1050,#611,.T.);
#1298=EDGE_CURVE('',#1039,#1051,#612,.T.);
#1299=EDGE_CURVE('',#1050,#1051,#52,.T.);
#1300=EDGE_CURVE('',#1031,#932,#613,.T.);
#1301=EDGE_CURVE('',#1052,#1033,#614,.T.);
#1302=EDGE_CURVE('',#933,#1052,#615,.T.);
#1303=EDGE_CURVE('',#1052,#1053,#151,.T.);
#1304=EDGE_CURVE('',#1053,#934,#616,.T.);
#1305=EDGE_CURVE('',#1052,#1054,#53,.T.);
#1306=EDGE_CURVE('',#1054,#1053,#54,.T.);
#1307=EDGE_CURVE('',#1034,#1054,#617,.T.);
#1308=EDGE_CURVE('',#937,#1049,#618,.T.);
#1309=EDGE_CURVE('',#1055,#936,#619,.T.);
#1310=EDGE_CURVE('',#1038,#1055,#620,.T.);
#1311=EDGE_CURVE('',#935,#1056,#621,.T.);
#1312=EDGE_CURVE('',#1056,#1055,#152,.T.);
#1313=EDGE_CURVE('',#1056,#1057,#55,.T.);
#1314=EDGE_CURVE('',#1057,#1055,#56,.T.);
#1315=EDGE_CURVE('',#1056,#1053,#622,.T.);
#1316=EDGE_CURVE('',#1058,#1035,#153,.T.);
#1317=EDGE_CURVE('',#1035,#1059,#154,.T.);
#1318=EDGE_CURVE('',#1059,#1060,#155,.T.);
#1319=EDGE_CURVE('',#1060,#1058,#156,.T.);
#1320=EDGE_CURVE('',#945,#1059,#623,.T.);
#1321=EDGE_CURVE('',#1059,#1061,#624,.T.);
#1322=EDGE_CURVE('',#1062,#1061,#157,.T.);
#1323=EDGE_CURVE('',#1062,#1060,#625,.T.);
#1324=EDGE_CURVE('',#1061,#944,#626,.T.);
#1325=EDGE_CURVE('',#1063,#1064,#158,.T.);
#1326=EDGE_CURVE('',#1064,#1036,#159,.T.);
#1327=EDGE_CURVE('',#1036,#1065,#160,.T.);
#1328=EDGE_CURVE('',#1065,#1063,#161,.T.);
#1329=EDGE_CURVE('',#1064,#940,#627,.T.);
#1330=EDGE_CURVE('',#1058,#1065,#628,.T.);
#1331=EDGE_CURVE('',#1066,#1067,#162,.T.);
#1332=EDGE_CURVE('',#1067,#1068,#163,.T.);
#1333=EDGE_CURVE('',#1068,#1069,#164,.T.);
#1334=EDGE_CURVE('',#1069,#1066,#165,.T.);
#1335=EDGE_CURVE('',#1067,#942,#629,.T.);
#1336=EDGE_CURVE('',#941,#1068,#630,.T.);
#1337=EDGE_CURVE('',#1063,#1069,#631,.T.);
#1338=EDGE_CURVE('',#1068,#1064,#632,.T.);
#1339=EDGE_CURVE('',#1061,#1070,#166,.T.);
#1340=EDGE_CURVE('',#1070,#1071,#167,.T.);
#1341=EDGE_CURVE('',#1071,#1062,#168,.T.);
#1342=EDGE_CURVE('',#943,#1070,#633,.T.);
#1343=EDGE_CURVE('',#1066,#1071,#634,.T.);
#1344=EDGE_CURVE('',#1070,#1067,#635,.T.);
#1345=EDGE_CURVE('',#1072,#1073,#169,.T.);
#1346=EDGE_CURVE('',#1073,#950,#170,.T.);
#1347=EDGE_CURVE('',#950,#1074,#171,.T.);
#1348=EDGE_CURVE('',#1074,#1072,#172,.T.);
#1349=EDGE_CURVE('',#1073,#1032,#636,.T.);
#1350=EDGE_CURVE('',#1075,#949,#173,.T.);
#1351=EDGE_CURVE('',#1075,#1074,#637,.T.);
#1352=EDGE_CURVE('',#1029,#1034,#638,.T.);
#1353=EDGE_CURVE('',#1022,#1073,#639,.T.);
#1354=EDGE_CURVE('',#1076,#1077,#174,.T.);
#1355=EDGE_CURVE('',#1077,#1078,#640,.T.);
#1356=EDGE_CURVE('',#1078,#1079,#175,.T.);
#1357=EDGE_CURVE('',#1079,#1076,#641,.T.);
#1358=EDGE_CURVE('',#1078,#1080,#57,.T.);
#1359=EDGE_CURVE('',#1080,#1079,#58,.T.);
#1360=EDGE_CURVE('',#1078,#1081,#642,.T.);
#1361=EDGE_CURVE('',#1082,#1081,#59,.T.);
#1362=EDGE_CURVE('',#1082,#1080,#643,.T.);
#1363=EDGE_CURVE('',#1083,#1077,#644,.T.);
#1364=EDGE_CURVE('',#1081,#1083,#645,.T.);
#1365=EDGE_CURVE('',#1076,#1084,#646,.T.);
#1366=EDGE_CURVE('',#1085,#1084,#176,.T.);
#1367=EDGE_CURVE('',#1085,#1086,#647,.T.);
#1368=EDGE_CURVE('',#1087,#1086,#177,.T.);
#1369=EDGE_CURVE('',#1087,#1088,#648,.T.);
#1370=EDGE_CURVE('',#1083,#1088,#178,.T.);
#1371=EDGE_CURVE('',#1088,#1089,#649,.T.);
#1372=EDGE_CURVE('',#1089,#1081,#179,.T.);
#1373=EDGE_CURVE('',#1089,#1082,#60,.T.);
#1374=EDGE_CURVE('',#1090,#1087,#650,.T.);
#1375=EDGE_CURVE('',#1089,#1090,#651,.T.);
#1376=EDGE_CURVE('',#1090,#1091,#180,.T.);
#1377=EDGE_CURVE('',#1091,#1092,#61,.T.);
#1378=EDGE_CURVE('',#1092,#1090,#62,.T.);
#1379=EDGE_CURVE('',#1086,#1091,#652,.T.);
#1380=EDGE_CURVE('',#1092,#1082,#653,.T.);
#1381=EDGE_CURVE('',#1091,#1093,#654,.T.);
#1382=EDGE_CURVE('',#1094,#1093,#63,.T.);
#1383=EDGE_CURVE('',#1094,#1092,#655,.T.);
#1384=EDGE_CURVE('',#1084,#1095,#656,.T.);
#1385=EDGE_CURVE('',#1095,#1093,#181,.T.);
#1386=EDGE_CURVE('',#1093,#1085,#657,.T.);
#1387=EDGE_CURVE('',#1095,#1094,#64,.T.);
#1388=EDGE_CURVE('',#1080,#1094,#658,.T.);
#1389=EDGE_CURVE('',#1095,#1079,#659,.T.);
#1390=EDGE_CURVE('',#1096,#1097,#182,.T.);
#1391=EDGE_CURVE('',#1097,#1098,#183,.T.);
#1392=EDGE_CURVE('',#1098,#1099,#184,.T.);
#1393=EDGE_CURVE('',#1099,#1096,#185,.T.);
#1394=EDGE_CURVE('',#1097,#1047,#660,.T.);
#1395=EDGE_CURVE('',#1046,#1098,#661,.T.);
#1396=EDGE_CURVE('',#1098,#1100,#662,.T.);
#1397=EDGE_CURVE('',#1101,#1100,#65,.T.);
#1398=EDGE_CURVE('',#1101,#1099,#663,.T.);
#1399=EDGE_CURVE('',#1100,#1045,#664,.T.);
#1400=EDGE_CURVE('',#1102,#1103,#186,.T.);
#1401=EDGE_CURVE('',#1103,#1075,#187,.T.);
#1402=EDGE_CURVE('',#949,#1102,#188,.T.);
#1403=EDGE_CURVE('',#1048,#1102,#665,.T.);
#1404=EDGE_CURVE('',#1104,#1105,#189,.T.);
#1405=EDGE_CURVE('',#1106,#1104,#666,.T.);
#1406=EDGE_CURVE('',#1107,#1106,#190,.T.);
#1407=EDGE_CURVE('',#1108,#1107,#667,.T.);
#1408=EDGE_CURVE('',#1109,#1108,#191,.T.);
#1409=EDGE_CURVE('',#1110,#1109,#668,.T.);
#1410=EDGE_CURVE('',#1110,#971,#669,.T.);
#1411=EDGE_CURVE('',#970,#1111,#670,.T.);
#1412=EDGE_CURVE('',#1112,#1111,#671,.T.);
#1413=EDGE_CURVE('',#1113,#1112,#192,.T.);
#1414=EDGE_CURVE('',#1105,#1113,#672,.T.);
#1415=EDGE_CURVE('',#1072,#1012,#673,.T.);
#1416=EDGE_CURVE('',#1096,#1103,#674,.T.);
#1417=EDGE_CURVE('',#1051,#1101,#675,.T.);
#1418=EDGE_CURVE('',#1057,#1039,#676,.T.);
#1419=EDGE_CURVE('',#1054,#1057,#677,.T.);
#1420=EDGE_CURVE('',#1102,#1097,#678,.T.);
#1421=EDGE_CURVE('',#1044,#1114,#679,.T.);
#1422=EDGE_CURVE('',#1114,#1100,#193,.T.);
#1423=EDGE_CURVE('',#1114,#1101,#66,.T.);
#1424=EDGE_CURVE('',#1114,#1115,#680,.T.);
#1425=EDGE_CURVE('',#1051,#1115,#67,.T.);
#1426=EDGE_CURVE('',#1115,#1043,#681,.T.);
#1427=EDGE_CURVE('',#1050,#1115,#194,.T.);
#1428=EDGE_CURVE('',#1116,#1104,#195,.T.);
#1429=EDGE_CURVE('',#1105,#1117,#196,.T.);
#1430=EDGE_CURVE('',#1117,#1116,#197,.T.);
#1431=EDGE_CURVE('',#953,#1116,#682,.T.);
#1432=EDGE_CURVE('',#1117,#954,#683,.T.);
#1433=EDGE_CURVE('',#1116,#1118,#684,.T.);
#1434=EDGE_CURVE('',#1106,#1118,#198,.T.);
#1435=EDGE_CURVE('',#1118,#964,#685,.T.);
#1436=EDGE_CURVE('',#1119,#1107,#199,.T.);
#1437=EDGE_CURVE('',#1118,#1119,#200,.T.);
#1438=EDGE_CURVE('',#963,#1119,#686,.T.);
#1439=EDGE_CURVE('',#1119,#1120,#687,.T.);
#1440=EDGE_CURVE('',#1108,#1120,#201,.T.);
#1441=EDGE_CURVE('',#1120,#962,#688,.T.);
#1442=EDGE_CURVE('',#1121,#1109,#202,.T.);
#1443=EDGE_CURVE('',#1120,#1121,#203,.T.);
#1444=EDGE_CURVE('',#961,#1121,#689,.T.);
#1445=EDGE_CURVE('',#1121,#1122,#690,.T.);
#1446=EDGE_CURVE('',#1122,#1110,#204,.T.);
#1447=EDGE_CURVE('',#960,#1122,#691,.T.);
#1448=EDGE_CURVE('',#1123,#1113,#205,.T.);
#1449=EDGE_CURVE('',#1112,#1124,#206,.T.);
#1450=EDGE_CURVE('',#1124,#1123,#207,.T.);
#1451=EDGE_CURVE('',#955,#1123,#692,.T.);
#1452=EDGE_CURVE('',#1124,#956,#693,.T.);
#1453=EDGE_CURVE('',#1125,#1124,#694,.T.);
#1454=EDGE_CURVE('',#957,#1125,#695,.T.);
#1455=EDGE_CURVE('',#1111,#1125,#208,.T.);
#1456=EDGE_CURVE('',#1123,#1117,#696,.T.);
#1457=EDGE_CURVE('',#1003,#1008,#697,.T.);
#1458=EDGE_CURVE('',#1001,#969,#698,.T.);
#1459=EDGE_CURVE('',#1002,#974,#699,.T.);
#1460=EDGE_CURVE('',#1126,#1009,#700,.T.);
#1461=EDGE_CURVE('',#997,#1126,#701,.T.);
#1462=EDGE_CURVE('',#1005,#1126,#702,.T.);
#1463=ORIENTED_EDGE('',*,*,#1127,.F.);
#1464=ORIENTED_EDGE('',*,*,#1128,.F.);
#1465=ORIENTED_EDGE('',*,*,#1129,.F.);
#1466=ORIENTED_EDGE('',*,*,#1130,.F.);
#1467=ORIENTED_EDGE('',*,*,#1131,.F.);
#1468=ORIENTED_EDGE('',*,*,#1132,.F.);
#1469=ORIENTED_EDGE('',*,*,#1133,.F.);
#1470=ORIENTED_EDGE('',*,*,#1134,.T.);
#1471=ORIENTED_EDGE('',*,*,#1135,.F.);
#1472=ORIENTED_EDGE('',*,*,#1134,.F.);
#1473=ORIENTED_EDGE('',*,*,#1136,.F.);
#1474=ORIENTED_EDGE('',*,*,#1128,.T.);
#1475=ORIENTED_EDGE('',*,*,#1130,.T.);
#1476=ORIENTED_EDGE('',*,*,#1137,.T.);
#1477=ORIENTED_EDGE('',*,*,#1138,.F.);
#1478=ORIENTED_EDGE('',*,*,#1139,.T.);
#1479=ORIENTED_EDGE('',*,*,#1140,.F.);
#1480=ORIENTED_EDGE('',*,*,#1141,.T.);
#1481=ORIENTED_EDGE('',*,*,#1142,.F.);
#1482=ORIENTED_EDGE('',*,*,#1143,.T.);
#1483=ORIENTED_EDGE('',*,*,#1144,.F.);
#1484=ORIENTED_EDGE('',*,*,#1145,.T.);
#1485=ORIENTED_EDGE('',*,*,#1132,.T.);
#1486=ORIENTED_EDGE('',*,*,#1146,.T.);
#1487=ORIENTED_EDGE('',*,*,#1147,.F.);
#1488=ORIENTED_EDGE('',*,*,#1148,.T.);
#1489=ORIENTED_EDGE('',*,*,#1149,.F.);
#1490=ORIENTED_EDGE('',*,*,#1150,.T.);
#1491=ORIENTED_EDGE('',*,*,#1151,.F.);
#1492=ORIENTED_EDGE('',*,*,#1152,.T.);
#1493=ORIENTED_EDGE('',*,*,#1153,.F.);
#1494=ORIENTED_EDGE('',*,*,#1154,.T.);
#1495=ORIENTED_EDGE('',*,*,#1129,.T.);
#1496=ORIENTED_EDGE('',*,*,#1136,.T.);
#1497=ORIENTED_EDGE('',*,*,#1133,.T.);
#1498=ORIENTED_EDGE('',*,*,#1145,.F.);
#1499=ORIENTED_EDGE('',*,*,#1155,.F.);
#1500=ORIENTED_EDGE('',*,*,#1156,.T.);
#1501=ORIENTED_EDGE('',*,*,#1157,.F.);
#1502=ORIENTED_EDGE('',*,*,#1158,.F.);
#1503=ORIENTED_EDGE('',*,*,#1159,.F.);
#1504=ORIENTED_EDGE('',*,*,#1160,.T.);
#1505=ORIENTED_EDGE('',*,*,#1161,.F.);
#1506=ORIENTED_EDGE('',*,*,#1137,.F.);
#1507=ORIENTED_EDGE('',*,*,#1162,.T.);
#1508=ORIENTED_EDGE('',*,*,#1163,.T.);
#1509=ORIENTED_EDGE('',*,*,#1164,.T.);
#1510=ORIENTED_EDGE('',*,*,#1165,.T.);
#1511=ORIENTED_EDGE('',*,*,#1166,.T.);
#1512=ORIENTED_EDGE('',*,*,#1167,.T.);
#1513=ORIENTED_EDGE('',*,*,#1168,.T.);
#1514=ORIENTED_EDGE('',*,*,#1169,.T.);
#1515=ORIENTED_EDGE('',*,*,#1170,.T.);
#1516=ORIENTED_EDGE('',*,*,#1171,.T.);
#1517=ORIENTED_EDGE('',*,*,#1172,.T.);
#1518=ORIENTED_EDGE('',*,*,#1173,.T.);
#1519=ORIENTED_EDGE('',*,*,#1174,.F.);
#1520=ORIENTED_EDGE('',*,*,#1175,.F.);
#1521=ORIENTED_EDGE('',*,*,#1176,.T.);
#1522=ORIENTED_EDGE('',*,*,#1177,.F.);
#1523=ORIENTED_EDGE('',*,*,#1174,.T.);
#1524=ORIENTED_EDGE('',*,*,#1178,.F.);
#1525=ORIENTED_EDGE('',*,*,#1179,.F.);
#1526=ORIENTED_EDGE('',*,*,#1180,.F.);
#1527=ORIENTED_EDGE('',*,*,#1181,.F.);
#1528=ORIENTED_EDGE('',*,*,#1182,.F.);
#1529=ORIENTED_EDGE('',*,*,#1183,.T.);
#1530=ORIENTED_EDGE('',*,*,#1184,.T.);
#1531=ORIENTED_EDGE('',*,*,#1185,.F.);
#1532=ORIENTED_EDGE('',*,*,#1186,.T.);
#1533=ORIENTED_EDGE('',*,*,#1187,.F.);
#1534=ORIENTED_EDGE('',*,*,#1188,.F.);
#1535=ORIENTED_EDGE('',*,*,#1189,.F.);
#1536=ORIENTED_EDGE('',*,*,#1188,.T.);
#1537=ORIENTED_EDGE('',*,*,#1190,.F.);
#1538=ORIENTED_EDGE('',*,*,#1191,.F.);
#1539=ORIENTED_EDGE('',*,*,#1192,.F.);
#1540=ORIENTED_EDGE('',*,*,#1191,.T.);
#1541=ORIENTED_EDGE('',*,*,#1193,.F.);
#1542=ORIENTED_EDGE('',*,*,#1194,.F.);
#1543=ORIENTED_EDGE('',*,*,#1195,.F.);
#1544=ORIENTED_EDGE('',*,*,#1196,.F.);
#1545=ORIENTED_EDGE('',*,*,#1197,.T.);
#1546=ORIENTED_EDGE('',*,*,#1198,.T.);
#1547=ORIENTED_EDGE('',*,*,#1199,.F.);
#1548=ORIENTED_EDGE('',*,*,#1198,.F.);
#1549=ORIENTED_EDGE('',*,*,#1200,.T.);
#1550=ORIENTED_EDGE('',*,*,#1201,.T.);
#1551=ORIENTED_EDGE('',*,*,#1196,.T.);
#1552=ORIENTED_EDGE('',*,*,#1202,.F.);
#1553=ORIENTED_EDGE('',*,*,#1203,.F.);
#1554=ORIENTED_EDGE('',*,*,#1204,.F.);
#1555=ORIENTED_EDGE('',*,*,#1195,.T.);
#1556=ORIENTED_EDGE('',*,*,#1199,.T.);
#1557=ORIENTED_EDGE('',*,*,#1205,.F.);
#1558=ORIENTED_EDGE('',*,*,#1193,.T.);
#1559=ORIENTED_EDGE('',*,*,#1190,.T.);
#1560=ORIENTED_EDGE('',*,*,#1187,.T.);
#1561=ORIENTED_EDGE('',*,*,#1206,.T.);
#1562=ORIENTED_EDGE('',*,*,#1202,.T.);
#1563=ORIENTED_EDGE('',*,*,#1207,.T.);
#1564=ORIENTED_EDGE('',*,*,#1208,.T.);
#1565=ORIENTED_EDGE('',*,*,#1182,.T.);
#1566=ORIENTED_EDGE('',*,*,#1209,.F.);
#1567=ORIENTED_EDGE('',*,*,#1192,.T.);
#1568=ORIENTED_EDGE('',*,*,#1210,.F.);
#1569=ORIENTED_EDGE('',*,*,#1167,.F.);
#1570=ORIENTED_EDGE('',*,*,#1211,.F.);
#1571=ORIENTED_EDGE('',*,*,#1212,.F.);
#1572=ORIENTED_EDGE('',*,*,#1213,.T.);
#1573=ORIENTED_EDGE('',*,*,#1214,.T.);
#1574=ORIENTED_EDGE('',*,*,#1215,.T.);
#1575=ORIENTED_EDGE('',*,*,#1216,.T.);
#1576=ORIENTED_EDGE('',*,*,#1217,.T.);
#1577=ORIENTED_EDGE('',*,*,#1218,.T.);
#1578=ORIENTED_EDGE('',*,*,#1219,.T.);
#1579=ORIENTED_EDGE('',*,*,#1220,.F.);
#1580=ORIENTED_EDGE('',*,*,#1176,.F.);
#1581=ORIENTED_EDGE('',*,*,#1221,.T.);
#1582=ORIENTED_EDGE('',*,*,#1222,.T.);
#1583=ORIENTED_EDGE('',*,*,#1207,.F.);
#1584=ORIENTED_EDGE('',*,*,#1223,.T.);
#1585=ORIENTED_EDGE('',*,*,#1200,.F.);
#1586=ORIENTED_EDGE('',*,*,#1197,.F.);
#1587=ORIENTED_EDGE('',*,*,#1204,.T.);
#1588=ORIENTED_EDGE('',*,*,#1224,.T.);
#1589=ORIENTED_EDGE('',*,*,#1185,.T.);
#1590=ORIENTED_EDGE('',*,*,#1189,.T.);
#1591=ORIENTED_EDGE('',*,*,#1225,.F.);
#1592=ORIENTED_EDGE('',*,*,#1226,.F.);
#1593=ORIENTED_EDGE('',*,*,#1218,.F.);
#1594=ORIENTED_EDGE('',*,*,#1227,.T.);
#1595=ORIENTED_EDGE('',*,*,#1228,.F.);
#1596=ORIENTED_EDGE('',*,*,#1227,.F.);
#1597=ORIENTED_EDGE('',*,*,#1217,.F.);
#1598=ORIENTED_EDGE('',*,*,#1229,.F.);
#1599=ORIENTED_EDGE('',*,*,#1230,.F.);
#1600=ORIENTED_EDGE('',*,*,#1231,.F.);
#1601=ORIENTED_EDGE('',*,*,#1213,.F.);
#1602=ORIENTED_EDGE('',*,*,#1232,.T.);
#1603=ORIENTED_EDGE('',*,*,#1233,.F.);
#1604=ORIENTED_EDGE('',*,*,#1232,.F.);
#1605=ORIENTED_EDGE('',*,*,#1212,.T.);
#1606=ORIENTED_EDGE('',*,*,#1234,.T.);
#1607=ORIENTED_EDGE('',*,*,#1231,.T.);
#1608=ORIENTED_EDGE('',*,*,#1235,.F.);
#1609=ORIENTED_EDGE('',*,*,#1236,.F.);
#1610=ORIENTED_EDGE('',*,*,#1214,.F.);
#1611=ORIENTED_EDGE('',*,*,#1237,.T.);
#1612=ORIENTED_EDGE('',*,*,#1238,.T.);
#1613=ORIENTED_EDGE('',*,*,#1239,.T.);
#1614=ORIENTED_EDGE('',*,*,#1240,.T.);
#1615=ORIENTED_EDGE('',*,*,#1241,.T.);
#1616=ORIENTED_EDGE('',*,*,#1242,.T.);
#1617=ORIENTED_EDGE('',*,*,#1243,.T.);
#1618=ORIENTED_EDGE('',*,*,#1244,.T.);
#1619=ORIENTED_EDGE('',*,*,#1245,.T.);
#1620=ORIENTED_EDGE('',*,*,#1241,.F.);
#1621=ORIENTED_EDGE('',*,*,#1246,.T.);
#1622=ORIENTED_EDGE('',*,*,#1247,.T.);
#1623=ORIENTED_EDGE('',*,*,#1244,.F.);
#1624=ORIENTED_EDGE('',*,*,#1248,.T.);
#1625=ORIENTED_EDGE('',*,*,#1249,.T.);
#1626=ORIENTED_EDGE('',*,*,#1250,.T.);
#1627=ORIENTED_EDGE('',*,*,#1249,.F.);
#1628=ORIENTED_EDGE('',*,*,#1251,.T.);
#1629=ORIENTED_EDGE('',*,*,#1240,.F.);
#1630=ORIENTED_EDGE('',*,*,#1252,.T.);
#1631=ORIENTED_EDGE('',*,*,#1253,.T.);
#1632=ORIENTED_EDGE('',*,*,#1238,.F.);
#1633=ORIENTED_EDGE('',*,*,#1254,.T.);
#1634=ORIENTED_EDGE('',*,*,#1255,.T.);
#1635=ORIENTED_EDGE('',*,*,#1256,.T.);
#1636=ORIENTED_EDGE('',*,*,#1252,.F.);
#1637=ORIENTED_EDGE('',*,*,#1257,.T.);
#1638=ORIENTED_EDGE('',*,*,#1257,.F.);
#1639=ORIENTED_EDGE('',*,*,#1254,.F.);
#1640=ORIENTED_EDGE('',*,*,#1237,.F.);
#1641=ORIENTED_EDGE('',*,*,#1258,.T.);
#1642=ORIENTED_EDGE('',*,*,#1259,.F.);
#1643=ORIENTED_EDGE('',*,*,#1251,.F.);
#1644=ORIENTED_EDGE('',*,*,#1260,.T.);
#1645=ORIENTED_EDGE('',*,*,#1261,.F.);
#1646=ORIENTED_EDGE('',*,*,#1258,.F.);
#1647=ORIENTED_EDGE('',*,*,#1248,.F.);
#1648=ORIENTED_EDGE('',*,*,#1246,.F.);
#1649=ORIENTED_EDGE('',*,*,#1243,.F.);
#1650=ORIENTED_EDGE('',*,*,#1262,.F.);
#1651=ORIENTED_EDGE('',*,*,#1263,.F.);
#1652=ORIENTED_EDGE('',*,*,#1264,.F.);
#1653=ORIENTED_EDGE('',*,*,#1260,.F.);
#1654=ORIENTED_EDGE('',*,*,#1242,.F.);
#1655=ORIENTED_EDGE('',*,*,#1265,.T.);
#1656=ORIENTED_EDGE('',*,*,#1266,.T.);
#1657=ORIENTED_EDGE('',*,*,#1267,.F.);
#1658=ORIENTED_EDGE('',*,*,#1268,.T.);
#1659=ORIENTED_EDGE('',*,*,#1269,.F.);
#1660=ORIENTED_EDGE('',*,*,#1160,.F.);
#1661=ORIENTED_EDGE('',*,*,#1270,.F.);
#1662=ORIENTED_EDGE('',*,*,#1271,.T.);
#1663=ORIENTED_EDGE('',*,*,#1255,.F.);
#1664=ORIENTED_EDGE('',*,*,#1259,.T.);
#1665=ORIENTED_EDGE('',*,*,#1261,.T.);
#1666=ORIENTED_EDGE('',*,*,#1264,.T.);
#1667=ORIENTED_EDGE('',*,*,#1272,.T.);
#1668=ORIENTED_EDGE('',*,*,#1273,.T.);
#1669=ORIENTED_EDGE('',*,*,#1267,.T.);
#1670=ORIENTED_EDGE('',*,*,#1263,.T.);
#1671=ORIENTED_EDGE('',*,*,#1274,.T.);
#1672=ORIENTED_EDGE('',*,*,#1275,.T.);
#1673=ORIENTED_EDGE('',*,*,#1272,.F.);
#1674=ORIENTED_EDGE('',*,*,#1245,.F.);
#1675=ORIENTED_EDGE('',*,*,#1276,.T.);
#1676=ORIENTED_EDGE('',*,*,#1265,.F.);
#1677=ORIENTED_EDGE('',*,*,#1127,.T.);
#1678=ORIENTED_EDGE('',*,*,#1154,.F.);
#1679=ORIENTED_EDGE('',*,*,#1277,.F.);
#1680=ORIENTED_EDGE('',*,*,#1278,.F.);
#1681=ORIENTED_EDGE('',*,*,#1279,.F.);
#1682=ORIENTED_EDGE('',*,*,#1146,.F.);
#1683=ORIENTED_EDGE('',*,*,#1131,.T.);
#1684=ORIENTED_EDGE('',*,*,#1135,.T.);
#1685=ORIENTED_EDGE('',*,*,#1280,.T.);
#1686=ORIENTED_EDGE('',*,*,#1281,.T.);
#1687=ORIENTED_EDGE('',*,*,#1282,.T.);
#1688=ORIENTED_EDGE('',*,*,#1283,.T.);
#1689=ORIENTED_EDGE('',*,*,#1284,.T.);
#1690=ORIENTED_EDGE('',*,*,#1280,.F.);
#1691=ORIENTED_EDGE('',*,*,#1285,.T.);
#1692=ORIENTED_EDGE('',*,*,#1283,.F.);
#1693=ORIENTED_EDGE('',*,*,#1286,.T.);
#1694=ORIENTED_EDGE('',*,*,#1287,.F.);
#1695=ORIENTED_EDGE('',*,*,#1288,.T.);
#1696=ORIENTED_EDGE('',*,*,#1289,.F.);
#1697=ORIENTED_EDGE('',*,*,#1290,.T.);
#1698=ORIENTED_EDGE('',*,*,#1291,.F.);
#1699=ORIENTED_EDGE('',*,*,#1292,.T.);
#1700=ORIENTED_EDGE('',*,*,#1293,.F.);
#1701=ORIENTED_EDGE('',*,*,#1156,.F.);
#1702=ORIENTED_EDGE('',*,*,#1294,.F.);
#1703=ORIENTED_EDGE('',*,*,#1295,.T.);
#1704=ORIENTED_EDGE('',*,*,#1285,.F.);
#1705=ORIENTED_EDGE('',*,*,#1296,.F.);
#1706=ORIENTED_EDGE('',*,*,#1297,.F.);
#1707=ORIENTED_EDGE('',*,*,#1286,.F.);
#1708=ORIENTED_EDGE('',*,*,#1282,.F.);
#1709=ORIENTED_EDGE('',*,*,#1298,.T.);
#1710=ORIENTED_EDGE('',*,*,#1299,.F.);
#1711=ORIENTED_EDGE('',*,*,#1296,.T.);
#1712=ORIENTED_EDGE('',*,*,#1138,.T.);
#1713=ORIENTED_EDGE('',*,*,#1161,.T.);
#1714=ORIENTED_EDGE('',*,*,#1269,.T.);
#1715=ORIENTED_EDGE('',*,*,#1300,.T.);
#1716=ORIENTED_EDGE('',*,*,#1300,.F.);
#1717=ORIENTED_EDGE('',*,*,#1268,.F.);
#1718=ORIENTED_EDGE('',*,*,#1273,.F.);
#1719=ORIENTED_EDGE('',*,*,#1301,.F.);
#1720=ORIENTED_EDGE('',*,*,#1302,.F.);
#1721=ORIENTED_EDGE('',*,*,#1139,.F.);
#1722=ORIENTED_EDGE('',*,*,#1140,.T.);
#1723=ORIENTED_EDGE('',*,*,#1302,.T.);
#1724=ORIENTED_EDGE('',*,*,#1303,.T.);
#1725=ORIENTED_EDGE('',*,*,#1304,.T.);
#1726=ORIENTED_EDGE('',*,*,#1303,.F.);
#1727=ORIENTED_EDGE('',*,*,#1305,.T.);
#1728=ORIENTED_EDGE('',*,*,#1306,.T.);
#1729=ORIENTED_EDGE('',*,*,#1305,.F.);
#1730=ORIENTED_EDGE('',*,*,#1301,.T.);
#1731=ORIENTED_EDGE('',*,*,#1275,.F.);
#1732=ORIENTED_EDGE('',*,*,#1307,.T.);
#1733=ORIENTED_EDGE('',*,*,#1144,.T.);
#1734=ORIENTED_EDGE('',*,*,#1308,.T.);
#1735=ORIENTED_EDGE('',*,*,#1294,.T.);
#1736=ORIENTED_EDGE('',*,*,#1155,.T.);
#1737=ORIENTED_EDGE('',*,*,#1284,.F.);
#1738=ORIENTED_EDGE('',*,*,#1295,.F.);
#1739=ORIENTED_EDGE('',*,*,#1308,.F.);
#1740=ORIENTED_EDGE('',*,*,#1143,.F.);
#1741=ORIENTED_EDGE('',*,*,#1309,.F.);
#1742=ORIENTED_EDGE('',*,*,#1310,.F.);
#1743=ORIENTED_EDGE('',*,*,#1142,.T.);
#1744=ORIENTED_EDGE('',*,*,#1311,.T.);
#1745=ORIENTED_EDGE('',*,*,#1312,.T.);
#1746=ORIENTED_EDGE('',*,*,#1309,.T.);
#1747=ORIENTED_EDGE('',*,*,#1312,.F.);
#1748=ORIENTED_EDGE('',*,*,#1313,.T.);
#1749=ORIENTED_EDGE('',*,*,#1314,.T.);
#1750=ORIENTED_EDGE('',*,*,#1304,.F.);
#1751=ORIENTED_EDGE('',*,*,#1315,.F.);
#1752=ORIENTED_EDGE('',*,*,#1311,.F.);
#1753=ORIENTED_EDGE('',*,*,#1141,.F.);
#1754=ORIENTED_EDGE('',*,*,#1316,.T.);
#1755=ORIENTED_EDGE('',*,*,#1317,.T.);
#1756=ORIENTED_EDGE('',*,*,#1318,.T.);
#1757=ORIENTED_EDGE('',*,*,#1319,.T.);
#1758=ORIENTED_EDGE('',*,*,#1317,.F.);
#1759=ORIENTED_EDGE('',*,*,#1277,.T.);
#1760=ORIENTED_EDGE('',*,*,#1153,.T.);
#1761=ORIENTED_EDGE('',*,*,#1320,.T.);
#1762=ORIENTED_EDGE('',*,*,#1318,.F.);
#1763=ORIENTED_EDGE('',*,*,#1321,.T.);
#1764=ORIENTED_EDGE('',*,*,#1322,.F.);
#1765=ORIENTED_EDGE('',*,*,#1323,.T.);
#1766=ORIENTED_EDGE('',*,*,#1320,.F.);
#1767=ORIENTED_EDGE('',*,*,#1152,.F.);
#1768=ORIENTED_EDGE('',*,*,#1324,.F.);
#1769=ORIENTED_EDGE('',*,*,#1321,.F.);
#1770=ORIENTED_EDGE('',*,*,#1325,.T.);
#1771=ORIENTED_EDGE('',*,*,#1326,.T.);
#1772=ORIENTED_EDGE('',*,*,#1327,.T.);
#1773=ORIENTED_EDGE('',*,*,#1328,.T.);
#1774=ORIENTED_EDGE('',*,*,#1326,.F.);
#1775=ORIENTED_EDGE('',*,*,#1329,.T.);
#1776=ORIENTED_EDGE('',*,*,#1147,.T.);
#1777=ORIENTED_EDGE('',*,*,#1279,.T.);
#1778=ORIENTED_EDGE('',*,*,#1316,.F.);
#1779=ORIENTED_EDGE('',*,*,#1330,.T.);
#1780=ORIENTED_EDGE('',*,*,#1327,.F.);
#1781=ORIENTED_EDGE('',*,*,#1278,.T.);
#1782=ORIENTED_EDGE('',*,*,#1331,.T.);
#1783=ORIENTED_EDGE('',*,*,#1332,.T.);
#1784=ORIENTED_EDGE('',*,*,#1333,.T.);
#1785=ORIENTED_EDGE('',*,*,#1334,.T.);
#1786=ORIENTED_EDGE('',*,*,#1332,.F.);
#1787=ORIENTED_EDGE('',*,*,#1335,.T.);
#1788=ORIENTED_EDGE('',*,*,#1149,.T.);
#1789=ORIENTED_EDGE('',*,*,#1336,.T.);
#1790=ORIENTED_EDGE('',*,*,#1325,.F.);
#1791=ORIENTED_EDGE('',*,*,#1337,.T.);
#1792=ORIENTED_EDGE('',*,*,#1333,.F.);
#1793=ORIENTED_EDGE('',*,*,#1338,.T.);
#1794=ORIENTED_EDGE('',*,*,#1329,.F.);
#1795=ORIENTED_EDGE('',*,*,#1338,.F.);
#1796=ORIENTED_EDGE('',*,*,#1336,.F.);
#1797=ORIENTED_EDGE('',*,*,#1148,.F.);
#1798=ORIENTED_EDGE('',*,*,#1322,.T.);
#1799=ORIENTED_EDGE('',*,*,#1339,.T.);
#1800=ORIENTED_EDGE('',*,*,#1340,.T.);
#1801=ORIENTED_EDGE('',*,*,#1341,.T.);
#1802=ORIENTED_EDGE('',*,*,#1339,.F.);
#1803=ORIENTED_EDGE('',*,*,#1324,.T.);
#1804=ORIENTED_EDGE('',*,*,#1151,.T.);
#1805=ORIENTED_EDGE('',*,*,#1342,.T.);
#1806=ORIENTED_EDGE('',*,*,#1319,.F.);
#1807=ORIENTED_EDGE('',*,*,#1323,.F.);
#1808=ORIENTED_EDGE('',*,*,#1341,.F.);
#1809=ORIENTED_EDGE('',*,*,#1343,.F.);
#1810=ORIENTED_EDGE('',*,*,#1334,.F.);
#1811=ORIENTED_EDGE('',*,*,#1337,.F.);
#1812=ORIENTED_EDGE('',*,*,#1328,.F.);
#1813=ORIENTED_EDGE('',*,*,#1330,.F.);
#1814=ORIENTED_EDGE('',*,*,#1331,.F.);
#1815=ORIENTED_EDGE('',*,*,#1343,.T.);
#1816=ORIENTED_EDGE('',*,*,#1340,.F.);
#1817=ORIENTED_EDGE('',*,*,#1344,.T.);
#1818=ORIENTED_EDGE('',*,*,#1335,.F.);
#1819=ORIENTED_EDGE('',*,*,#1344,.F.);
#1820=ORIENTED_EDGE('',*,*,#1342,.F.);
#1821=ORIENTED_EDGE('',*,*,#1150,.F.);
#1822=ORIENTED_EDGE('',*,*,#1345,.T.);
#1823=ORIENTED_EDGE('',*,*,#1346,.T.);
#1824=ORIENTED_EDGE('',*,*,#1347,.T.);
#1825=ORIENTED_EDGE('',*,*,#1348,.T.);
#1826=ORIENTED_EDGE('',*,*,#1270,.T.);
#1827=ORIENTED_EDGE('',*,*,#1159,.T.);
#1828=ORIENTED_EDGE('',*,*,#1346,.F.);
#1829=ORIENTED_EDGE('',*,*,#1349,.T.);
#1830=ORIENTED_EDGE('',*,*,#1347,.F.);
#1831=ORIENTED_EDGE('',*,*,#1158,.T.);
#1832=ORIENTED_EDGE('',*,*,#1350,.F.);
#1833=ORIENTED_EDGE('',*,*,#1351,.T.);
#1834=ORIENTED_EDGE('',*,*,#1274,.F.);
#1835=ORIENTED_EDGE('',*,*,#1262,.T.);
#1836=ORIENTED_EDGE('',*,*,#1266,.F.);
#1837=ORIENTED_EDGE('',*,*,#1352,.T.);
#1838=ORIENTED_EDGE('',*,*,#1256,.F.);
#1839=ORIENTED_EDGE('',*,*,#1271,.F.);
#1840=ORIENTED_EDGE('',*,*,#1349,.F.);
#1841=ORIENTED_EDGE('',*,*,#1353,.F.);
#1842=ORIENTED_EDGE('',*,*,#1354,.T.);
#1843=ORIENTED_EDGE('',*,*,#1355,.T.);
#1844=ORIENTED_EDGE('',*,*,#1356,.T.);
#1845=ORIENTED_EDGE('',*,*,#1357,.T.);
#1846=ORIENTED_EDGE('',*,*,#1356,.F.);
#1847=ORIENTED_EDGE('',*,*,#1358,.T.);
#1848=ORIENTED_EDGE('',*,*,#1359,.T.);
#1849=ORIENTED_EDGE('',*,*,#1358,.F.);
#1850=ORIENTED_EDGE('',*,*,#1360,.T.);
#1851=ORIENTED_EDGE('',*,*,#1361,.F.);
#1852=ORIENTED_EDGE('',*,*,#1362,.T.);
#1853=ORIENTED_EDGE('',*,*,#1355,.F.);
#1854=ORIENTED_EDGE('',*,*,#1363,.F.);
#1855=ORIENTED_EDGE('',*,*,#1364,.F.);
#1856=ORIENTED_EDGE('',*,*,#1360,.F.);
#1857=ORIENTED_EDGE('',*,*,#1354,.F.);
#1858=ORIENTED_EDGE('',*,*,#1365,.T.);
#1859=ORIENTED_EDGE('',*,*,#1366,.F.);
#1860=ORIENTED_EDGE('',*,*,#1367,.T.);
#1861=ORIENTED_EDGE('',*,*,#1368,.F.);
#1862=ORIENTED_EDGE('',*,*,#1369,.T.);
#1863=ORIENTED_EDGE('',*,*,#1370,.F.);
#1864=ORIENTED_EDGE('',*,*,#1363,.T.);
#1865=ORIENTED_EDGE('',*,*,#1370,.T.);
#1866=ORIENTED_EDGE('',*,*,#1371,.T.);
#1867=ORIENTED_EDGE('',*,*,#1372,.T.);
#1868=ORIENTED_EDGE('',*,*,#1364,.T.);
#1869=ORIENTED_EDGE('',*,*,#1372,.F.);
#1870=ORIENTED_EDGE('',*,*,#1373,.T.);
#1871=ORIENTED_EDGE('',*,*,#1361,.T.);
#1872=ORIENTED_EDGE('',*,*,#1371,.F.);
#1873=ORIENTED_EDGE('',*,*,#1369,.F.);
#1874=ORIENTED_EDGE('',*,*,#1374,.F.);
#1875=ORIENTED_EDGE('',*,*,#1375,.F.);
#1876=ORIENTED_EDGE('',*,*,#1376,.T.);
#1877=ORIENTED_EDGE('',*,*,#1377,.T.);
#1878=ORIENTED_EDGE('',*,*,#1378,.T.);
#1879=ORIENTED_EDGE('',*,*,#1368,.T.);
#1880=ORIENTED_EDGE('',*,*,#1379,.T.);
#1881=ORIENTED_EDGE('',*,*,#1376,.F.);
#1882=ORIENTED_EDGE('',*,*,#1374,.T.);
#1883=ORIENTED_EDGE('',*,*,#1373,.F.);
#1884=ORIENTED_EDGE('',*,*,#1375,.T.);
#1885=ORIENTED_EDGE('',*,*,#1378,.F.);
#1886=ORIENTED_EDGE('',*,*,#1380,.T.);
#1887=ORIENTED_EDGE('',*,*,#1377,.F.);
#1888=ORIENTED_EDGE('',*,*,#1381,.T.);
#1889=ORIENTED_EDGE('',*,*,#1382,.F.);
#1890=ORIENTED_EDGE('',*,*,#1383,.T.);
#1891=ORIENTED_EDGE('',*,*,#1366,.T.);
#1892=ORIENTED_EDGE('',*,*,#1384,.T.);
#1893=ORIENTED_EDGE('',*,*,#1385,.T.);
#1894=ORIENTED_EDGE('',*,*,#1386,.T.);
#1895=ORIENTED_EDGE('',*,*,#1385,.F.);
#1896=ORIENTED_EDGE('',*,*,#1387,.T.);
#1897=ORIENTED_EDGE('',*,*,#1382,.T.);
#1898=ORIENTED_EDGE('',*,*,#1359,.F.);
#1899=ORIENTED_EDGE('',*,*,#1388,.T.);
#1900=ORIENTED_EDGE('',*,*,#1387,.F.);
#1901=ORIENTED_EDGE('',*,*,#1389,.T.);
#1902=ORIENTED_EDGE('',*,*,#1357,.F.);
#1903=ORIENTED_EDGE('',*,*,#1389,.F.);
#1904=ORIENTED_EDGE('',*,*,#1384,.F.);
#1905=ORIENTED_EDGE('',*,*,#1365,.F.);
#1906=ORIENTED_EDGE('',*,*,#1390,.T.);
#1907=ORIENTED_EDGE('',*,*,#1391,.T.);
#1908=ORIENTED_EDGE('',*,*,#1392,.T.);
#1909=ORIENTED_EDGE('',*,*,#1393,.T.);
#1910=ORIENTED_EDGE('',*,*,#1391,.F.);
#1911=ORIENTED_EDGE('',*,*,#1394,.T.);
#1912=ORIENTED_EDGE('',*,*,#1291,.T.);
#1913=ORIENTED_EDGE('',*,*,#1395,.T.);
#1914=ORIENTED_EDGE('',*,*,#1392,.F.);
#1915=ORIENTED_EDGE('',*,*,#1396,.T.);
#1916=ORIENTED_EDGE('',*,*,#1397,.F.);
#1917=ORIENTED_EDGE('',*,*,#1398,.T.);
#1918=ORIENTED_EDGE('',*,*,#1395,.F.);
#1919=ORIENTED_EDGE('',*,*,#1290,.F.);
#1920=ORIENTED_EDGE('',*,*,#1399,.F.);
#1921=ORIENTED_EDGE('',*,*,#1396,.F.);
#1922=ORIENTED_EDGE('',*,*,#1400,.T.);
#1923=ORIENTED_EDGE('',*,*,#1401,.T.);
#1924=ORIENTED_EDGE('',*,*,#1350,.T.);
#1925=ORIENTED_EDGE('',*,*,#1402,.T.);
#1926=ORIENTED_EDGE('',*,*,#1293,.T.);
#1927=ORIENTED_EDGE('',*,*,#1403,.T.);
#1928=ORIENTED_EDGE('',*,*,#1402,.F.);
#1929=ORIENTED_EDGE('',*,*,#1157,.T.);
#1930=ORIENTED_EDGE('',*,*,#1404,.F.);
#1931=ORIENTED_EDGE('',*,*,#1405,.F.);
#1932=ORIENTED_EDGE('',*,*,#1406,.F.);
#1933=ORIENTED_EDGE('',*,*,#1407,.F.);
#1934=ORIENTED_EDGE('',*,*,#1408,.F.);
#1935=ORIENTED_EDGE('',*,*,#1409,.F.);
#1936=ORIENTED_EDGE('',*,*,#1410,.T.);
#1937=ORIENTED_EDGE('',*,*,#1180,.T.);
#1938=ORIENTED_EDGE('',*,*,#1411,.T.);
#1939=ORIENTED_EDGE('',*,*,#1412,.F.);
#1940=ORIENTED_EDGE('',*,*,#1413,.F.);
#1941=ORIENTED_EDGE('',*,*,#1414,.F.);
#1942=ORIENTED_EDGE('',*,*,#1239,.F.);
#1943=ORIENTED_EDGE('',*,*,#1415,.F.);
#1944=ORIENTED_EDGE('',*,*,#1348,.F.);
#1945=ORIENTED_EDGE('',*,*,#1351,.F.);
#1946=ORIENTED_EDGE('',*,*,#1401,.F.);
#1947=ORIENTED_EDGE('',*,*,#1416,.F.);
#1948=ORIENTED_EDGE('',*,*,#1393,.F.);
#1949=ORIENTED_EDGE('',*,*,#1398,.F.);
#1950=ORIENTED_EDGE('',*,*,#1417,.F.);
#1951=ORIENTED_EDGE('',*,*,#1298,.F.);
#1952=ORIENTED_EDGE('',*,*,#1418,.F.);
#1953=ORIENTED_EDGE('',*,*,#1419,.F.);
#1954=ORIENTED_EDGE('',*,*,#1307,.F.);
#1955=ORIENTED_EDGE('',*,*,#1352,.F.);
#1956=ORIENTED_EDGE('',*,*,#1276,.F.);
#1957=ORIENTED_EDGE('',*,*,#1247,.F.);
#1958=ORIENTED_EDGE('',*,*,#1250,.F.);
#1959=ORIENTED_EDGE('',*,*,#1362,.F.);
#1960=ORIENTED_EDGE('',*,*,#1380,.F.);
#1961=ORIENTED_EDGE('',*,*,#1383,.F.);
#1962=ORIENTED_EDGE('',*,*,#1388,.F.);
#1963=ORIENTED_EDGE('',*,*,#1390,.F.);
#1964=ORIENTED_EDGE('',*,*,#1416,.T.);
#1965=ORIENTED_EDGE('',*,*,#1400,.F.);
#1966=ORIENTED_EDGE('',*,*,#1420,.T.);
#1967=ORIENTED_EDGE('',*,*,#1394,.F.);
#1968=ORIENTED_EDGE('',*,*,#1420,.F.);
#1969=ORIENTED_EDGE('',*,*,#1403,.F.);
#1970=ORIENTED_EDGE('',*,*,#1292,.F.);
#1971=ORIENTED_EDGE('',*,*,#1289,.T.);
#1972=ORIENTED_EDGE('',*,*,#1421,.T.);
#1973=ORIENTED_EDGE('',*,*,#1422,.T.);
#1974=ORIENTED_EDGE('',*,*,#1399,.T.);
#1975=ORIENTED_EDGE('',*,*,#1422,.F.);
#1976=ORIENTED_EDGE('',*,*,#1423,.T.);
#1977=ORIENTED_EDGE('',*,*,#1397,.T.);
#1978=ORIENTED_EDGE('',*,*,#1423,.F.);
#1979=ORIENTED_EDGE('',*,*,#1424,.T.);
#1980=ORIENTED_EDGE('',*,*,#1425,.F.);
#1981=ORIENTED_EDGE('',*,*,#1417,.T.);
#1982=ORIENTED_EDGE('',*,*,#1421,.F.);
#1983=ORIENTED_EDGE('',*,*,#1288,.F.);
#1984=ORIENTED_EDGE('',*,*,#1426,.F.);
#1985=ORIENTED_EDGE('',*,*,#1424,.F.);
#1986=ORIENTED_EDGE('',*,*,#1287,.T.);
#1987=ORIENTED_EDGE('',*,*,#1297,.T.);
#1988=ORIENTED_EDGE('',*,*,#1427,.T.);
#1989=ORIENTED_EDGE('',*,*,#1426,.T.);
#1990=ORIENTED_EDGE('',*,*,#1427,.F.);
#1991=ORIENTED_EDGE('',*,*,#1299,.T.);
#1992=ORIENTED_EDGE('',*,*,#1425,.T.);
#1993=ORIENTED_EDGE('',*,*,#1281,.F.);
#1994=ORIENTED_EDGE('',*,*,#1310,.T.);
#1995=ORIENTED_EDGE('',*,*,#1314,.F.);
#1996=ORIENTED_EDGE('',*,*,#1418,.T.);
#1997=ORIENTED_EDGE('',*,*,#1306,.F.);
#1998=ORIENTED_EDGE('',*,*,#1419,.T.);
#1999=ORIENTED_EDGE('',*,*,#1313,.F.);
#2000=ORIENTED_EDGE('',*,*,#1315,.T.);
#2001=ORIENTED_EDGE('',*,*,#1253,.F.);
#2002=ORIENTED_EDGE('',*,*,#1353,.T.);
#2003=ORIENTED_EDGE('',*,*,#1345,.F.);
#2004=ORIENTED_EDGE('',*,*,#1415,.T.);
#2005=ORIENTED_EDGE('',*,*,#1379,.F.);
#2006=ORIENTED_EDGE('',*,*,#1367,.F.);
#2007=ORIENTED_EDGE('',*,*,#1386,.F.);
#2008=ORIENTED_EDGE('',*,*,#1381,.F.);
#2009=ORIENTED_EDGE('',*,*,#1428,.T.);
#2010=ORIENTED_EDGE('',*,*,#1404,.T.);
#2011=ORIENTED_EDGE('',*,*,#1429,.T.);
#2012=ORIENTED_EDGE('',*,*,#1430,.T.);
#2013=ORIENTED_EDGE('',*,*,#1431,.T.);
#2014=ORIENTED_EDGE('',*,*,#1430,.F.);
#2015=ORIENTED_EDGE('',*,*,#1432,.T.);
#2016=ORIENTED_EDGE('',*,*,#1162,.F.);
#2017=ORIENTED_EDGE('',*,*,#1428,.F.);
#2018=ORIENTED_EDGE('',*,*,#1433,.T.);
#2019=ORIENTED_EDGE('',*,*,#1434,.F.);
#2020=ORIENTED_EDGE('',*,*,#1405,.T.);
#2021=ORIENTED_EDGE('',*,*,#1431,.F.);
#2022=ORIENTED_EDGE('',*,*,#1173,.F.);
#2023=ORIENTED_EDGE('',*,*,#1435,.F.);
#2024=ORIENTED_EDGE('',*,*,#1433,.F.);
#2025=ORIENTED_EDGE('',*,*,#1436,.T.);
#2026=ORIENTED_EDGE('',*,*,#1406,.T.);
#2027=ORIENTED_EDGE('',*,*,#1434,.T.);
#2028=ORIENTED_EDGE('',*,*,#1437,.T.);
#2029=ORIENTED_EDGE('',*,*,#1438,.T.);
#2030=ORIENTED_EDGE('',*,*,#1437,.F.);
#2031=ORIENTED_EDGE('',*,*,#1435,.T.);
#2032=ORIENTED_EDGE('',*,*,#1172,.F.);
#2033=ORIENTED_EDGE('',*,*,#1436,.F.);
#2034=ORIENTED_EDGE('',*,*,#1439,.T.);
#2035=ORIENTED_EDGE('',*,*,#1440,.F.);
#2036=ORIENTED_EDGE('',*,*,#1407,.T.);
#2037=ORIENTED_EDGE('',*,*,#1438,.F.);
#2038=ORIENTED_EDGE('',*,*,#1171,.F.);
#2039=ORIENTED_EDGE('',*,*,#1441,.F.);
#2040=ORIENTED_EDGE('',*,*,#1439,.F.);
#2041=ORIENTED_EDGE('',*,*,#1442,.T.);
#2042=ORIENTED_EDGE('',*,*,#1408,.T.);
#2043=ORIENTED_EDGE('',*,*,#1440,.T.);
#2044=ORIENTED_EDGE('',*,*,#1443,.T.);
#2045=ORIENTED_EDGE('',*,*,#1444,.T.);
#2046=ORIENTED_EDGE('',*,*,#1443,.F.);
#2047=ORIENTED_EDGE('',*,*,#1441,.T.);
#2048=ORIENTED_EDGE('',*,*,#1170,.F.);
#2049=ORIENTED_EDGE('',*,*,#1442,.F.);
#2050=ORIENTED_EDGE('',*,*,#1445,.T.);
#2051=ORIENTED_EDGE('',*,*,#1446,.T.);
#2052=ORIENTED_EDGE('',*,*,#1409,.T.);
#2053=ORIENTED_EDGE('',*,*,#1444,.F.);
#2054=ORIENTED_EDGE('',*,*,#1169,.F.);
#2055=ORIENTED_EDGE('',*,*,#1447,.T.);
#2056=ORIENTED_EDGE('',*,*,#1445,.F.);
#2057=ORIENTED_EDGE('',*,*,#1448,.T.);
#2058=ORIENTED_EDGE('',*,*,#1413,.T.);
#2059=ORIENTED_EDGE('',*,*,#1449,.T.);
#2060=ORIENTED_EDGE('',*,*,#1450,.T.);
#2061=ORIENTED_EDGE('',*,*,#1451,.T.);
#2062=ORIENTED_EDGE('',*,*,#1450,.F.);
#2063=ORIENTED_EDGE('',*,*,#1452,.T.);
#2064=ORIENTED_EDGE('',*,*,#1164,.F.);
#2065=ORIENTED_EDGE('',*,*,#1452,.F.);
#2066=ORIENTED_EDGE('',*,*,#1453,.F.);
#2067=ORIENTED_EDGE('',*,*,#1454,.F.);
#2068=ORIENTED_EDGE('',*,*,#1165,.F.);
#2069=ORIENTED_EDGE('',*,*,#1449,.F.);
#2070=ORIENTED_EDGE('',*,*,#1412,.T.);
#2071=ORIENTED_EDGE('',*,*,#1455,.T.);
#2072=ORIENTED_EDGE('',*,*,#1453,.T.);
#2073=ORIENTED_EDGE('',*,*,#1429,.F.);
#2074=ORIENTED_EDGE('',*,*,#1414,.T.);
#2075=ORIENTED_EDGE('',*,*,#1448,.F.);
#2076=ORIENTED_EDGE('',*,*,#1456,.T.);
#2077=ORIENTED_EDGE('',*,*,#1432,.F.);
#2078=ORIENTED_EDGE('',*,*,#1456,.F.);
#2079=ORIENTED_EDGE('',*,*,#1451,.F.);
#2080=ORIENTED_EDGE('',*,*,#1163,.F.);
#2081=ORIENTED_EDGE('',*,*,#1457,.T.);
#2082=ORIENTED_EDGE('',*,*,#1234,.F.);
#2083=ORIENTED_EDGE('',*,*,#1211,.T.);
#2084=ORIENTED_EDGE('',*,*,#1166,.F.);
#2085=ORIENTED_EDGE('',*,*,#1454,.T.);
#2086=ORIENTED_EDGE('',*,*,#1455,.F.);
#2087=ORIENTED_EDGE('',*,*,#1411,.F.);
#2088=ORIENTED_EDGE('',*,*,#1179,.T.);
#2089=ORIENTED_EDGE('',*,*,#1458,.F.);
#2090=ORIENTED_EDGE('',*,*,#1219,.F.);
#2091=ORIENTED_EDGE('',*,*,#1226,.T.);
#2092=ORIENTED_EDGE('',*,*,#1175,.T.);
#2093=ORIENTED_EDGE('',*,*,#1184,.F.);
#2094=ORIENTED_EDGE('',*,*,#1459,.F.);
#2095=ORIENTED_EDGE('',*,*,#1221,.F.);
#2096=ORIENTED_EDGE('',*,*,#1222,.F.);
#2097=ORIENTED_EDGE('',*,*,#1459,.T.);
#2098=ORIENTED_EDGE('',*,*,#1183,.F.);
#2099=ORIENTED_EDGE('',*,*,#1208,.F.);
#2100=ORIENTED_EDGE('',*,*,#1220,.T.);
#2101=ORIENTED_EDGE('',*,*,#1458,.T.);
#2102=ORIENTED_EDGE('',*,*,#1178,.T.);
#2103=ORIENTED_EDGE('',*,*,#1177,.T.);
#2104=ORIENTED_EDGE('',*,*,#1215,.F.);
#2105=ORIENTED_EDGE('',*,*,#1236,.T.);
#2106=ORIENTED_EDGE('',*,*,#1460,.F.);
#2107=ORIENTED_EDGE('',*,*,#1461,.F.);
#2108=ORIENTED_EDGE('',*,*,#1229,.T.);
#2109=ORIENTED_EDGE('',*,*,#1216,.F.);
#2110=ORIENTED_EDGE('',*,*,#1461,.T.);
#2111=ORIENTED_EDGE('',*,*,#1462,.F.);
#2112=ORIENTED_EDGE('',*,*,#1224,.F.);
#2113=ORIENTED_EDGE('',*,*,#1203,.T.);
#2114=ORIENTED_EDGE('',*,*,#1206,.F.);
#2115=ORIENTED_EDGE('',*,*,#1186,.F.);
#2116=ORIENTED_EDGE('',*,*,#1205,.T.);
#2117=ORIENTED_EDGE('',*,*,#1201,.F.);
#2118=ORIENTED_EDGE('',*,*,#1223,.F.);
#2119=ORIENTED_EDGE('',*,*,#1209,.T.);
#2120=ORIENTED_EDGE('',*,*,#1181,.T.);
#2121=ORIENTED_EDGE('',*,*,#1410,.F.);
#2122=ORIENTED_EDGE('',*,*,#1446,.F.);
#2123=ORIENTED_EDGE('',*,*,#1447,.F.);
#2124=ORIENTED_EDGE('',*,*,#1168,.F.);
#2125=ORIENTED_EDGE('',*,*,#1210,.T.);
#2126=ORIENTED_EDGE('',*,*,#1194,.T.);
#2127=ORIENTED_EDGE('',*,*,#1228,.T.);
#2128=ORIENTED_EDGE('',*,*,#1462,.T.);
#2129=ORIENTED_EDGE('',*,*,#1460,.T.);
#2130=ORIENTED_EDGE('',*,*,#1235,.T.);
#2131=ORIENTED_EDGE('',*,*,#1230,.T.);
#2132=ORIENTED_EDGE('',*,*,#1233,.T.);
#2133=ORIENTED_EDGE('',*,*,#1457,.F.);
#2134=ORIENTED_EDGE('',*,*,#1225,.T.);
#2135=PLANE('',#2333);
#2136=PLANE('',#2334);
#2137=PLANE('',#2335);
#2138=PLANE('',#2336);
#2139=PLANE('',#2345);
#2140=PLANE('',#2346);
#2141=PLANE('',#2351);
#2142=PLANE('',#2352);
#2143=PLANE('',#2353);
#2144=PLANE('',#2354);
#2145=PLANE('',#2355);
#2146=PLANE('',#2356);
#2147=PLANE('',#2357);
#2148=PLANE('',#2358);
#2149=PLANE('',#2359);
#2150=PLANE('',#2360);
#2151=PLANE('',#2361);
#2152=PLANE('',#2362);
#2153=PLANE('',#2363);
#2154=PLANE('',#2364);
#2155=PLANE('',#2365);
#2156=PLANE('',#2366);
#2157=PLANE('',#2382);
#2158=PLANE('',#2383);
#2159=PLANE('',#2384);
#2160=PLANE('',#2387);
#2161=PLANE('',#2396);
#2162=PLANE('',#2402);
#2163=PLANE('',#2408);
#2164=PLANE('',#2412);
#2165=PLANE('',#2419);
#2166=PLANE('',#2424);
#2167=PLANE('',#2432);
#2168=PLANE('',#2445);
#2169=PLANE('',#2450);
#2170=PLANE('',#2452);
#2171=PLANE('',#2461);
#2172=PLANE('',#2469);
#2173=PLANE('',#2470);
#2174=PLANE('',#2477);
#2175=PLANE('',#2489);
#2176=PLANE('',#2497);
#2177=PLANE('',#2502);
#2178=PLANE('',#2508);
#2179=PLANE('',#2514);
#2180=PLANE('',#2520);
#2181=PLANE('',#2527);
#2182=PLANE('',#2533);
#2183=PLANE('',#2539);
#2184=PLANE('',#2544);
#2185=PLANE('',#2548);
#2186=PLANE('',#2549);
#2187=PLANE('',#2550);
#2188=PLANE('',#2551);
#2189=PLANE('',#2552);
#2190=PLANE('',#2553);
#2191=PLANE('',#2554);
#2192=PLANE('',#2555);
#2193=PLANE('',#2556);
#2194=PLANE('',#2557);
#2195=ADVANCED_FACE('',(#209),#2135,.F.);
#2196=ADVANCED_FACE('',(#210),#2136,.F.);
#2197=ADVANCED_FACE('',(#211),#2137,.F.);
#2198=ADVANCED_FACE('',(#212),#2138,.T.);
#2199=ADVANCED_FACE('',(#213),#2139,.T.);
#2200=ADVANCED_FACE('',(#214),#2140,.T.);
#2201=ADVANCED_FACE('',(#215),#2141,.F.);
#2202=ADVANCED_FACE('',(#216),#2142,.T.);
#2203=ADVANCED_FACE('',(#217),#2143,.T.);
#2204=ADVANCED_FACE('',(#218),#2144,.T.);
#2205=ADVANCED_FACE('',(#219),#2145,.T.);
#2206=ADVANCED_FACE('',(#220),#2146,.F.);
#2207=ADVANCED_FACE('',(#221),#2147,.F.);
#2208=ADVANCED_FACE('',(#222),#2148,.T.);
#2209=ADVANCED_FACE('',(#223),#2149,.T.);
#2210=ADVANCED_FACE('',(#224),#2150,.T.);
#2211=ADVANCED_FACE('',(#225),#2151,.T.);
#2212=ADVANCED_FACE('',(#226),#2152,.F.);
#2213=ADVANCED_FACE('',(#227),#2153,.F.);
#2214=ADVANCED_FACE('',(#228),#2154,.F.);
#2215=ADVANCED_FACE('',(#229),#2155,.F.);
#2216=ADVANCED_FACE('',(#230),#2156,.T.);
#2217=ADVANCED_FACE('',(#231),#68,.F.);
#2218=ADVANCED_FACE('',(#232),#32,.T.);
#2219=ADVANCED_FACE('',(#233),#17,.T.);
#2220=ADVANCED_FACE('',(#234),#69,.F.);
#2221=ADVANCED_FACE('',(#235),#70,.F.);
#2222=ADVANCED_FACE('',(#236),#18,.T.);
#2223=ADVANCED_FACE('',(#237),#71,.F.);
#2224=ADVANCED_FACE('',(#238),#2157,.T.);
#2225=ADVANCED_FACE('',(#239),#2158,.T.);
#2226=ADVANCED_FACE('',(#240),#2159,.T.);
#2227=ADVANCED_FACE('',(#241),#33,.F.);
#2228=ADVANCED_FACE('',(#242),#2160,.T.);
#2229=ADVANCED_FACE('',(#243),#72,.T.);
#2230=ADVANCED_FACE('',(#244),#34,.F.);
#2231=ADVANCED_FACE('',(#245),#73,.F.);
#2232=ADVANCED_FACE('',(#246),#2161,.T.);
#2233=ADVANCED_FACE('',(#247),#35,.F.);
#2234=ADVANCED_FACE('',(#248),#74,.T.);
#2235=ADVANCED_FACE('',(#249),#2162,.T.);
#2236=ADVANCED_FACE('',(#250),#2163,.T.);
#2237=ADVANCED_FACE('',(#251),#75,.F.);
#2238=ADVANCED_FACE('',(#252),#76,.T.);
#2239=ADVANCED_FACE('',(#253),#2164,.T.);
#2240=ADVANCED_FACE('',(#254),#77,.T.);
#2241=ADVANCED_FACE('',(#255),#36,.F.);
#2242=ADVANCED_FACE('',(#256),#78,.F.);
#2243=ADVANCED_FACE('',(#257),#79,.T.);
#2244=ADVANCED_FACE('',(#258),#2165,.T.);
#2245=ADVANCED_FACE('',(#259),#80,.T.);
#2246=ADVANCED_FACE('',(#260),#37,.F.);
#2247=ADVANCED_FACE('',(#261),#2166,.T.);
#2248=ADVANCED_FACE('',(#262),#19,.T.);
#2249=ADVANCED_FACE('',(#263),#81,.F.);
#2250=ADVANCED_FACE('',(#264),#82,.F.);
#2251=ADVANCED_FACE('',(#265),#2167,.T.);
#2252=ADVANCED_FACE('',(#266),#20,.T.);
#2253=ADVANCED_FACE('',(#267),#83,.F.);
#2254=ADVANCED_FACE('',(#268),#84,.F.);
#2255=ADVANCED_FACE('',(#269),#21,.T.);
#2256=ADVANCED_FACE('',(#270),#85,.F.);
#2257=ADVANCED_FACE('',(#271),#86,.F.);
#2258=ADVANCED_FACE('',(#272),#2168,.T.);
#2259=ADVANCED_FACE('',(#273),#22,.T.);
#2260=ADVANCED_FACE('',(#274),#87,.F.);
#2261=ADVANCED_FACE('',(#275),#2169,.T.);
#2262=ADVANCED_FACE('',(#276),#88,.F.);
#2263=ADVANCED_FACE('',(#277),#2170,.T.);
#2264=ADVANCED_FACE('',(#278),#23,.T.);
#2265=ADVANCED_FACE('',(#279),#89,.F.);
#2266=ADVANCED_FACE('',(#280),#90,.F.);
#2267=ADVANCED_FACE('',(#281),#91,.F.);
#2268=ADVANCED_FACE('',(#282),#2171,.T.);
#2269=ADVANCED_FACE('',(#283),#92,.T.);
#2270=ADVANCED_FACE('',(#284),#38,.F.);
#2271=ADVANCED_FACE('',(#285),#93,.F.);
#2272=ADVANCED_FACE('',(#286),#2172,.T.);
#2273=ADVANCED_FACE('',(#287),#2173,.T.);
#2274=ADVANCED_FACE('',(#288),#94,.T.);
#2275=ADVANCED_FACE('',(#289),#39,.F.);
#2276=ADVANCED_FACE('',(#290),#2174,.T.);
#2277=ADVANCED_FACE('',(#291),#40,.F.);
#2278=ADVANCED_FACE('',(#292),#95,.T.);
#2279=ADVANCED_FACE('',(#293),#96,.F.);
#2280=ADVANCED_FACE('',(#294),#97,.F.);
#2281=ADVANCED_FACE('',(#295),#98,.T.);
#2282=ADVANCED_FACE('',(#296),#41,.F.);
#2283=ADVANCED_FACE('',(#297),#99,.F.);
#2284=ADVANCED_FACE('',(#298),#2175,.T.);
#2285=ADVANCED_FACE('',(#299),#24,.T.);
#2286=ADVANCED_FACE('',(#300),#100,.F.);
#2287=ADVANCED_FACE('',(#301),#101,.F.);
#2288=ADVANCED_FACE('',(#302),#2176,.T.);
#2289=ADVANCED_FACE('',(#303),#25,.T.);
#2290=ADVANCED_FACE('',(#304),#102,.F.);
#2291=ADVANCED_FACE('',(#305,#15,#16),#2177,.T.);
#2292=ADVANCED_FACE('',(#306),#103,.F.);
#2293=ADVANCED_FACE('',(#307),#2178,.T.);
#2294=ADVANCED_FACE('',(#308),#104,.T.);
#2295=ADVANCED_FACE('',(#309),#42,.F.);
#2296=ADVANCED_FACE('',(#310),#105,.F.);
#2297=ADVANCED_FACE('',(#311),#2179,.T.);
#2298=ADVANCED_FACE('',(#312),#106,.T.);
#2299=ADVANCED_FACE('',(#313),#43,.F.);
#2300=ADVANCED_FACE('',(#314),#107,.F.);
#2301=ADVANCED_FACE('',(#315),#108,.F.);
#2302=ADVANCED_FACE('',(#316),#109,.F.);
#2303=ADVANCED_FACE('',(#317),#2180,.T.);
#2304=ADVANCED_FACE('',(#318),#26,.F.);
#2305=ADVANCED_FACE('',(#319),#110,.T.);
#2306=ADVANCED_FACE('',(#320),#111,.T.);
#2307=ADVANCED_FACE('',(#321),#2181,.T.);
#2308=ADVANCED_FACE('',(#322),#27,.F.);
#2309=ADVANCED_FACE('',(#323),#112,.T.);
#2310=ADVANCED_FACE('',(#324),#113,.T.);
#2311=ADVANCED_FACE('',(#325),#2182,.T.);
#2312=ADVANCED_FACE('',(#326),#28,.F.);
#2313=ADVANCED_FACE('',(#327),#114,.T.);
#2314=ADVANCED_FACE('',(#328),#115,.T.);
#2315=ADVANCED_FACE('',(#329),#2183,.T.);
#2316=ADVANCED_FACE('',(#330),#29,.F.);
#2317=ADVANCED_FACE('',(#331),#116,.T.);
#2318=ADVANCED_FACE('',(#332),#2184,.T.);
#2319=ADVANCED_FACE('',(#333),#117,.T.);
#2320=ADVANCED_FACE('',(#334),#118,.T.);
#2321=ADVANCED_FACE('',(#335),#2185,.T.);
#2322=ADVANCED_FACE('',(#336),#2186,.T.);
#2323=ADVANCED_FACE('',(#337),#2187,.T.);
#2324=ADVANCED_FACE('',(#338),#2188,.T.);
#2325=ADVANCED_FACE('',(#339),#2189,.T.);
#2326=ADVANCED_FACE('',(#340),#2190,.T.);
#2327=ADVANCED_FACE('',(#341),#2191,.T.);
#2328=ADVANCED_FACE('',(#342),#2192,.T.);
#2329=ADVANCED_FACE('',(#343),#2193,.T.);
#2330=ADVANCED_FACE('',(#344),#2194,.T.);
#2331=CLOSED_SHELL('',(#2195,#2196,#2197,#2198,#2199,#2200,#2201,#2202,
#2203,#2204,#2205,#2206,#2207,#2208,#2209,#2210,#2211,#2212,#2213,#2214,
#2215,#2216,#2217,#2218,#2219,#2220,#2221,#2222,#2223,#2224,#2225,#2226,
#2227,#2228,#2229,#2230,#2231,#2232,#2233,#2234,#2235,#2236,#2237,#2238,
#2239,#2240,#2241,#2242,#2243,#2244,#2245,#2246,#2247,#2248,#2249,#2250,
#2251,#2252,#2253,#2254,#2255,#2256,#2257,#2258,#2259,#2260,#2261,#2262,
#2263,#2264,#2265,#2266,#2267,#2268,#2269,#2270,#2271,#2272,#2273,#2274,
#2275,#2276,#2277,#2278,#2279,#2280,#2281,#2282,#2283,#2284,#2285,#2286,
#2287,#2288,#2289,#2290,#2291,#2292,#2293,#2294,#2295,#2296,#2297,#2298,
#2299,#2300,#2301,#2302,#2303,#2304,#2305,#2306,#2307,#2308,#2309,#2310,
#2311,#2312,#2313,#2314,#2315,#2316,#2317,#2318,#2319,#2320,#2321,#2322,
#2323,#2324,#2325,#2326,#2327,#2328,#2329,#2330));
#2332=AXIS2_PLACEMENT_3D('',#3230,#2558,#2559);
#2333=AXIS2_PLACEMENT_3D('',#3231,#2560,#2561);
#2334=AXIS2_PLACEMENT_3D('',#3240,#2566,#2567);
#2335=AXIS2_PLACEMENT_3D('',#3249,#2572,#2573);
#2336=AXIS2_PLACEMENT_3D('',#3252,#2576,#2577);
#2337=AXIS2_PLACEMENT_3D('',#3256,#2579,#2580);
#2338=AXIS2_PLACEMENT_3D('',#3260,#2582,#2583);
#2339=AXIS2_PLACEMENT_3D('',#3264,#2585,#2586);
#2340=AXIS2_PLACEMENT_3D('',#3268,#2588,#2589);
#2341=AXIS2_PLACEMENT_3D('',#3273,#2592,#2593);
#2342=AXIS2_PLACEMENT_3D('',#3277,#2595,#2596);
#2343=AXIS2_PLACEMENT_3D('',#3281,#2598,#2599);
#2344=AXIS2_PLACEMENT_3D('',#3285,#2601,#2602);
#2345=AXIS2_PLACEMENT_3D('',#3287,#2604,#2605);
#2346=AXIS2_PLACEMENT_3D('',#3301,#2613,#2614);
#2347=AXIS2_PLACEMENT_3D('',#3304,#2615,#2616);
#2348=AXIS2_PLACEMENT_3D('',#3308,#2618,#2619);
#2349=AXIS2_PLACEMENT_3D('',#3320,#2625,#2626);
#2350=AXIS2_PLACEMENT_3D('',#3324,#2628,#2629);
#2351=AXIS2_PLACEMENT_3D('',#3326,#2631,#2632);
#2352=AXIS2_PLACEMENT_3D('',#3335,#2637,#2638);
#2353=AXIS2_PLACEMENT_3D('',#3349,#2646,#2647);
#2354=AXIS2_PLACEMENT_3D('',#3358,#2652,#2653);
#2355=AXIS2_PLACEMENT_3D('',#3364,#2657,#2658);
#2356=AXIS2_PLACEMENT_3D('',#3370,#2662,#2663);
#2357=AXIS2_PLACEMENT_3D('',#3379,#2668,#2669);
#2358=AXIS2_PLACEMENT_3D('',#3385,#2673,#2674);
#2359=AXIS2_PLACEMENT_3D('',#3391,#2678,#2679);
#2360=AXIS2_PLACEMENT_3D('',#3394,#2682,#2683);
#2361=AXIS2_PLACEMENT_3D('',#3400,#2687,#2688);
#2362=AXIS2_PLACEMENT_3D('',#3426,#2704,#2705);
#2363=AXIS2_PLACEMENT_3D('',#3432,#2709,#2710);
#2364=AXIS2_PLACEMENT_3D('',#3436,#2713,#2714);
#2365=AXIS2_PLACEMENT_3D('',#3442,#2718,#2719);
#2366=AXIS2_PLACEMENT_3D('',#3446,#2722,#2723);
#2367=AXIS2_PLACEMENT_3D('',#3450,#2726,#2727);
#2368=AXIS2_PLACEMENT_3D('',#3455,#2729,#2730);
#2369=AXIS2_PLACEMENT_3D('',#3458,#2732,#2733);
#2370=AXIS2_PLACEMENT_3D('',#3481,#2734,#2735);
#2371=AXIS2_PLACEMENT_3D('',#3504,#2736,#2737);
#2372=AXIS2_PLACEMENT_3D('',#3505,#2738,#2739);
#2373=AXIS2_PLACEMENT_3D('',#3506,#2740,#2741);
#2374=AXIS2_PLACEMENT_3D('',#3507,#2742,#2743);
#2375=AXIS2_PLACEMENT_3D('',#3512,#2746,#2747);
#2376=AXIS2_PLACEMENT_3D('',#3513,#2748,#2749);
#2377=AXIS2_PLACEMENT_3D('',#3527,#2752,#2753);
#2378=AXIS2_PLACEMENT_3D('',#3528,#2754,#2755);
#2379=AXIS2_PLACEMENT_3D('',#3529,#2756,#2757);
#2380=AXIS2_PLACEMENT_3D('',#3530,#2758,#2759);
#2381=AXIS2_PLACEMENT_3D('',#3533,#2760,#2761);
#2382=AXIS2_PLACEMENT_3D('',#3536,#2764,#2765);
#2383=AXIS2_PLACEMENT_3D('',#3540,#2768,#2769);
#2384=AXIS2_PLACEMENT_3D('',#3544,#2772,#2773);
#2385=AXIS2_PLACEMENT_3D('',#3576,#2777,#2778);
#2386=AXIS2_PLACEMENT_3D('',#3577,#2779,#2780);
#2387=AXIS2_PLACEMENT_3D('',#3578,#2781,#2782);
#2388=AXIS2_PLACEMENT_3D('',#3580,#2783,#2784);
#2389=AXIS2_PLACEMENT_3D('',#3583,#2786,#2787);
#2390=AXIS2_PLACEMENT_3D('',#3585,#2788,#2789);
#2391=AXIS2_PLACEMENT_3D('',#3587,#2791,#2792);
#2392=AXIS2_PLACEMENT_3D('',#3589,#2793,#2794);
#2393=AXIS2_PLACEMENT_3D('',#3617,#2796,#2797);
#2394=AXIS2_PLACEMENT_3D('',#3618,#2798,#2799);
#2395=AXIS2_PLACEMENT_3D('',#3619,#2800,#2801);
#2396=AXIS2_PLACEMENT_3D('',#3621,#2803,#2804);
#2397=AXIS2_PLACEMENT_3D('',#3654,#2808,#2809);
#2398=AXIS2_PLACEMENT_3D('',#3656,#2810,#2811);
#2399=AXIS2_PLACEMENT_3D('',#3657,#2812,#2813);
#2400=AXIS2_PLACEMENT_3D('',#3658,#2814,#2815);
#2401=AXIS2_PLACEMENT_3D('',#3661,#2816,#2817);
#2402=AXIS2_PLACEMENT_3D('',#3664,#2820,#2821);
#2403=AXIS2_PLACEMENT_3D('',#3668,#2823,#2824);
#2404=AXIS2_PLACEMENT_3D('',#3672,#2826,#2827);
#2405=AXIS2_PLACEMENT_3D('',#3676,#2829,#2830);
#2406=AXIS2_PLACEMENT_3D('',#3679,#2832,#2833);
#2407=AXIS2_PLACEMENT_3D('',#3681,#2834,#2835);
#2408=AXIS2_PLACEMENT_3D('',#3683,#2837,#2838);
#2409=AXIS2_PLACEMENT_3D('',#3687,#2841,#2842);
#2410=AXIS2_PLACEMENT_3D('',#3690,#2844,#2845);
#2411=AXIS2_PLACEMENT_3D('',#3691,#2846,#2847);
#2412=AXIS2_PLACEMENT_3D('',#3693,#2849,#2850);
#2413=AXIS2_PLACEMENT_3D('',#3697,#2853,#2854);
#2414=AXIS2_PLACEMENT_3D('',#3699,#2855,#2856);
#2415=AXIS2_PLACEMENT_3D('',#3727,#2858,#2859);
#2416=AXIS2_PLACEMENT_3D('',#3728,#2860,#2861);
#2417=AXIS2_PLACEMENT_3D('',#3729,#2862,#2863);
#2418=AXIS2_PLACEMENT_3D('',#3731,#2865,#2866);
#2419=AXIS2_PLACEMENT_3D('',#3733,#2868,#2869);
#2420=AXIS2_PLACEMENT_3D('',#3737,#2872,#2873);
#2421=AXIS2_PLACEMENT_3D('',#3740,#2875,#2876);
#2422=AXIS2_PLACEMENT_3D('',#3767,#2877,#2878);
#2423=AXIS2_PLACEMENT_3D('',#3768,#2879,#2880);
#2424=AXIS2_PLACEMENT_3D('',#3769,#2881,#2882);
#2425=AXIS2_PLACEMENT_3D('',#3781,#2884,#2885);
#2426=AXIS2_PLACEMENT_3D('',#3783,#2886,#2887);
#2427=AXIS2_PLACEMENT_3D('',#3785,#2888,#2889);
#2428=AXIS2_PLACEMENT_3D('',#3786,#2890,#2891);
#2429=AXIS2_PLACEMENT_3D('',#3787,#2892,#2893);
#2430=AXIS2_PLACEMENT_3D('',#3789,#2895,#2896);
#2431=AXIS2_PLACEMENT_3D('',#3793,#2898,#2899);
#2432=AXIS2_PLACEMENT_3D('',#3795,#2901,#2902);
#2433=AXIS2_PLACEMENT_3D('',#3808,#2904,#2905);
#2434=AXIS2_PLACEMENT_3D('',#3809,#2906,#2907);
#2435=AXIS2_PLACEMENT_3D('',#3811,#2908,#2909);
#2436=AXIS2_PLACEMENT_3D('',#3812,#2910,#2911);
#2437=AXIS2_PLACEMENT_3D('',#3813,#2912,#2913);
#2438=AXIS2_PLACEMENT_3D('',#3815,#2915,#2916);
#2439=AXIS2_PLACEMENT_3D('',#3828,#2918,#2919);
#2440=AXIS2_PLACEMENT_3D('',#3830,#2920,#2921);
#2441=AXIS2_PLACEMENT_3D('',#3832,#2922,#2923);
#2442=AXIS2_PLACEMENT_3D('',#3833,#2924,#2925);
#2443=AXIS2_PLACEMENT_3D('',#3834,#2926,#2927);
#2444=AXIS2_PLACEMENT_3D('',#3837,#2930,#2931);
#2445=AXIS2_PLACEMENT_3D('',#3840,#2934,#2935);
#2446=AXIS2_PLACEMENT_3D('',#3851,#2936,#2937);
#2447=AXIS2_PLACEMENT_3D('',#3853,#2938,#2939);
#2448=AXIS2_PLACEMENT_3D('',#3854,#2940,#2941);
#2449=AXIS2_PLACEMENT_3D('',#3855,#2942,#2943);
#2450=AXIS2_PLACEMENT_3D('',#3857,#2945,#2946);
#2451=AXIS2_PLACEMENT_3D('',#3859,#2948,#2949);
#2452=AXIS2_PLACEMENT_3D('',#3861,#2951,#2952);
#2453=AXIS2_PLACEMENT_3D('',#3873,#2953,#2954);
#2454=AXIS2_PLACEMENT_3D('',#3874,#2955,#2956);
#2455=AXIS2_PLACEMENT_3D('',#3876,#2957,#2958);
#2456=AXIS2_PLACEMENT_3D('',#3877,#2959,#2960);
#2457=AXIS2_PLACEMENT_3D('',#3878,#2961,#2962);
#2458=AXIS2_PLACEMENT_3D('',#3880,#2964,#2965);
#2459=AXIS2_PLACEMENT_3D('',#3882,#2966,#2967);
#2460=AXIS2_PLACEMENT_3D('',#3884,#2969,#2970);
#2461=AXIS2_PLACEMENT_3D('',#3886,#2972,#2973);
#2462=AXIS2_PLACEMENT_3D('',#3888,#2975,#2976);
#2463=AXIS2_PLACEMENT_3D('',#3891,#2977,#2978);
#2464=AXIS2_PLACEMENT_3D('',#3895,#2980,#2981);
#2465=AXIS2_PLACEMENT_3D('',#3923,#2983,#2984);
#2466=AXIS2_PLACEMENT_3D('',#3924,#2985,#2986);
#2467=AXIS2_PLACEMENT_3D('',#3925,#2987,#2988);
#2468=AXIS2_PLACEMENT_3D('',#3929,#2990,#2991);
#2469=AXIS2_PLACEMENT_3D('',#3931,#2993,#2994);
#2470=AXIS2_PLACEMENT_3D('',#3935,#2997,#2998);
#2471=AXIS2_PLACEMENT_3D('',#3939,#3000,#3001);
#2472=AXIS2_PLACEMENT_3D('',#3943,#3003,#3004);
#2473=AXIS2_PLACEMENT_3D('',#3946,#3006,#3007);
#2474=AXIS2_PLACEMENT_3D('',#3947,#3008,#3009);
#2475=AXIS2_PLACEMENT_3D('',#3950,#3011,#3012);
#2476=AXIS2_PLACEMENT_3D('',#3976,#3013,#3014);
#2477=AXIS2_PLACEMENT_3D('',#3977,#3015,#3016);
#2478=AXIS2_PLACEMENT_3D('',#4007,#3019,#3020);
#2479=AXIS2_PLACEMENT_3D('',#4009,#3021,#3022);
#2480=AXIS2_PLACEMENT_3D('',#4010,#3023,#3024);
#2481=AXIS2_PLACEMENT_3D('',#4011,#3025,#3026);
#2482=AXIS2_PLACEMENT_3D('',#4013,#3028,#3029);
#2483=AXIS2_PLACEMENT_3D('',#4015,#3031,#3032);
#2484=AXIS2_PLACEMENT_3D('',#4019,#3034,#3035);
#2485=AXIS2_PLACEMENT_3D('',#4021,#3037,#3038);
#2486=AXIS2_PLACEMENT_3D('',#4024,#3040,#3041);
#2487=AXIS2_PLACEMENT_3D('',#4051,#3043,#3044);
#2488=AXIS2_PLACEMENT_3D('',#4052,#3045,#3046);
#2489=AXIS2_PLACEMENT_3D('',#4055,#3049,#3050);
#2490=AXIS2_PLACEMENT_3D('',#4067,#3051,#3052);
#2491=AXIS2_PLACEMENT_3D('',#4069,#3053,#3054);
#2492=AXIS2_PLACEMENT_3D('',#4071,#3055,#3056);
#2493=AXIS2_PLACEMENT_3D('',#4072,#3057,#3058);
#2494=AXIS2_PLACEMENT_3D('',#4073,#3059,#3060);
#2495=AXIS2_PLACEMENT_3D('',#4076,#3063,#3064);
#2496=AXIS2_PLACEMENT_3D('',#4080,#3066,#3067);
#2497=AXIS2_PLACEMENT_3D('',#4082,#3069,#3070);
#2498=AXIS2_PLACEMENT_3D('',#4095,#3072,#3073);
#2499=AXIS2_PLACEMENT_3D('',#4096,#3074,#3075);
#2500=AXIS2_PLACEMENT_3D('',#4097,#3076,#3077);
#2501=AXIS2_PLACEMENT_3D('',#4098,#3078,#3079);
#2502=AXIS2_PLACEMENT_3D('',#4100,#3081,#3082);
#2503=AXIS2_PLACEMENT_3D('',#4103,#3083,#3084);
#2504=AXIS2_PLACEMENT_3D('',#4107,#3086,#3087);
#2505=AXIS2_PLACEMENT_3D('',#4111,#3089,#3090);
#2506=AXIS2_PLACEMENT_3D('',#4120,#3095,#3096);
#2507=AXIS2_PLACEMENT_3D('',#4127,#3103,#3104);
#2508=AXIS2_PLACEMENT_3D('',#4129,#3106,#3107);
#2509=AXIS2_PLACEMENT_3D('',#4130,#3108,#3109);
#2510=AXIS2_PLACEMENT_3D('',#4133,#3111,#3112);
#2511=AXIS2_PLACEMENT_3D('',#4159,#3113,#3114);
#2512=AXIS2_PLACEMENT_3D('',#4160,#3115,#3116);
#2513=AXIS2_PLACEMENT_3D('',#4163,#3118,#3119);
#2514=AXIS2_PLACEMENT_3D('',#4164,#3120,#3121);
#2515=AXIS2_PLACEMENT_3D('',#4166,#3123,#3124);
#2516=AXIS2_PLACEMENT_3D('',#4167,#3125,#3126);
#2517=AXIS2_PLACEMENT_3D('',#4193,#3127,#3128);
#2518=AXIS2_PLACEMENT_3D('',#4194,#3129,#3130);
#2519=AXIS2_PLACEMENT_3D('',#4195,#3131,#3132);
#2520=AXIS2_PLACEMENT_3D('',#4196,#3133,#3134);
#2521=AXIS2_PLACEMENT_3D('',#4207,#3135,#3136);
#2522=AXIS2_PLACEMENT_3D('',#4209,#3137,#3138);
#2523=AXIS2_PLACEMENT_3D('',#4210,#3139,#3140);
#2524=AXIS2_PLACEMENT_3D('',#4211,#3141,#3142);
#2525=AXIS2_PLACEMENT_3D('',#4214,#3145,#3146);
#2526=AXIS2_PLACEMENT_3D('',#4217,#3148,#3149);
#2527=AXIS2_PLACEMENT_3D('',#4218,#3150,#3151);
#2528=AXIS2_PLACEMENT_3D('',#4230,#3153,#3154);
#2529=AXIS2_PLACEMENT_3D('',#4231,#3155,#3156);
#2530=AXIS2_PLACEMENT_3D('',#4232,#3157,#3158);
#2531=AXIS2_PLACEMENT_3D('',#4234,#3160,#3161);
#2532=AXIS2_PLACEMENT_3D('',#4237,#3163,#3164);
#2533=AXIS2_PLACEMENT_3D('',#4238,#3165,#3166);
#2534=AXIS2_PLACEMENT_3D('',#4250,#3168,#3169);
#2535=AXIS2_PLACEMENT_3D('',#4251,#3170,#3171);
#2536=AXIS2_PLACEMENT_3D('',#4252,#3172,#3173);
#2537=AXIS2_PLACEMENT_3D('',#4254,#3175,#3176);
#2538=AXIS2_PLACEMENT_3D('',#4257,#3178,#3179);
#2539=AXIS2_PLACEMENT_3D('',#4258,#3180,#3181);
#2540=AXIS2_PLACEMENT_3D('',#4270,#3183,#3184);
#2541=AXIS2_PLACEMENT_3D('',#4272,#3185,#3186);
#2542=AXIS2_PLACEMENT_3D('',#4273,#3187,#3188);
#2543=AXIS2_PLACEMENT_3D('',#4274,#3189,#3190);
#2544=AXIS2_PLACEMENT_3D('',#4277,#3193,#3194);
#2545=AXIS2_PLACEMENT_3D('',#4281,#3197,#3198);
#2546=AXIS2_PLACEMENT_3D('',#4282,#3199,#3200);
#2547=AXIS2_PLACEMENT_3D('',#4283,#3201,#3202);
#2548=AXIS2_PLACEMENT_3D('',#4285,#3204,#3205);
#2549=AXIS2_PLACEMENT_3D('',#4286,#3206,#3207);
#2550=AXIS2_PLACEMENT_3D('',#4289,#3210,#3211);
#2551=AXIS2_PLACEMENT_3D('',#4291,#3213,#3214);
#2552=AXIS2_PLACEMENT_3D('',#4292,#3215,#3216);
#2553=AXIS2_PLACEMENT_3D('',#4293,#3217,#3218);
#2554=AXIS2_PLACEMENT_3D('',#4297,#3221,#3222);
#2555=AXIS2_PLACEMENT_3D('',#4299,#3224,#3225);
#2556=AXIS2_PLACEMENT_3D('',#4300,#3226,#3227);
#2557=AXIS2_PLACEMENT_3D('',#4301,#3228,#3229);
#2558=DIRECTION('axis',(0.,0.,1.));
#2559=DIRECTION('refdir',(1.,0.,0.));
#2560=DIRECTION('center_axis',(0.,-1.,0.));
#2561=DIRECTION('ref_axis',(0.,0.,1.));
#2562=DIRECTION('',(0.,0.,-1.));
#2563=DIRECTION('',(-1.,0.,0.));
#2564=DIRECTION('',(0.,0.,1.));
#2565=DIRECTION('',(1.,0.,0.));
#2566=DIRECTION('center_axis',(0.,1.,0.));
#2567=DIRECTION('ref_axis',(0.,0.,-1.));
#2568=DIRECTION('',(0.,0.,1.));
#2569=DIRECTION('',(-1.,0.,0.));
#2570=DIRECTION('',(0.,0.,-1.));
#2571=DIRECTION('',(-1.,0.,0.));
#2572=DIRECTION('center_axis',(0.,0.,1.));
#2573=DIRECTION('ref_axis',(0.,1.,0.));
#2574=DIRECTION('',(0.,-1.,0.));
#2575=DIRECTION('',(0.,1.,0.));
#2576=DIRECTION('center_axis',(0.,0.,-1.));
#2577=DIRECTION('ref_axis',(-1.,0.,0.));
#2578=DIRECTION('',(0.,-1.,0.));
#2579=DIRECTION('center_axis',(0.,0.,1.));
#2580=DIRECTION('ref_axis',(0.707106781186485,-0.70710678118661,0.));
#2581=DIRECTION('',(-1.,0.,0.));
#2582=DIRECTION('center_axis',(0.,0.,1.));
#2583=DIRECTION('ref_axis',(-0.707106781186548,-0.707106781186548,0.));
#2584=DIRECTION('',(0.,1.,0.));
#2585=DIRECTION('center_axis',(0.,0.,1.));
#2586=DIRECTION('ref_axis',(-0.707106781186548,0.707106781186548,0.));
#2587=DIRECTION('',(1.,0.,0.));
#2588=DIRECTION('center_axis',(0.,0.,1.));
#2589=DIRECTION('ref_axis',(0.70710678118661,0.707106781186485,0.));
#2590=DIRECTION('',(0.,-1.,0.));
#2591=DIRECTION('',(0.,1.,0.));
#2592=DIRECTION('center_axis',(0.,0.,-1.));
#2593=DIRECTION('ref_axis',(0.707106781186485,0.70710678118661,0.));
#2594=DIRECTION('',(-1.,0.,0.));
#2595=DIRECTION('center_axis',(0.,0.,-1.));
#2596=DIRECTION('ref_axis',(-0.707106781186548,0.707106781186548,0.));
#2597=DIRECTION('',(0.,-1.,0.));
#2598=DIRECTION('center_axis',(0.,0.,-1.));
#2599=DIRECTION('ref_axis',(-0.707106781186548,-0.707106781186548,0.));
#2600=DIRECTION('',(1.,0.,0.));
#2601=DIRECTION('center_axis',(0.,0.,-1.));
#2602=DIRECTION('ref_axis',(0.70710678118661,-0.707106781186485,0.));
#2603=DIRECTION('',(0.,1.,0.));
#2604=DIRECTION('center_axis',(1.,0.,0.));
#2605=DIRECTION('ref_axis',(0.,-1.,0.));
#2606=DIRECTION('',(0.,0.,-1.));
#2607=DIRECTION('',(0.,-1.,0.));
#2608=DIRECTION('',(0.,0.,-1.));
#2609=DIRECTION('',(0.,1.,0.));
#2610=DIRECTION('',(0.,0.,1.));
#2611=DIRECTION('',(0.,-1.,0.));
#2612=DIRECTION('',(0.,0.,1.));
#2613=DIRECTION('center_axis',(0.,0.,1.));
#2614=DIRECTION('ref_axis',(1.,0.,0.));
#2615=DIRECTION('center_axis',(0.,0.,1.));
#2616=DIRECTION('ref_axis',(-0.707106781186548,0.707106781186548,0.));
#2617=DIRECTION('',(0.,-1.,0.));
#2618=DIRECTION('center_axis',(0.,0.,1.));
#2619=DIRECTION('ref_axis',(-0.707106781186548,-0.707106781186548,0.));
#2620=DIRECTION('',(1.,0.,0.));
#2621=DIRECTION('',(0.,1.,0.));
#2622=DIRECTION('',(1.,0.,0.));
#2623=DIRECTION('',(0.,-1.,0.));
#2624=DIRECTION('',(1.,0.,0.));
#2625=DIRECTION('center_axis',(0.,0.,1.));
#2626=DIRECTION('ref_axis',(0.707106781186522,-0.707106781186573,0.));
#2627=DIRECTION('',(0.,1.,0.));
#2628=DIRECTION('center_axis',(0.,0.,1.));
#2629=DIRECTION('ref_axis',(0.707106781186522,0.707106781186573,0.));
#2630=DIRECTION('',(-1.,0.,0.));
#2631=DIRECTION('center_axis',(1.,0.,0.));
#2632=DIRECTION('ref_axis',(0.,0.,-1.));
#2633=DIRECTION('',(0.,0.,-1.));
#2634=DIRECTION('',(0.,-1.,0.));
#2635=DIRECTION('',(0.,0.,-1.));
#2636=DIRECTION('',(0.,1.,0.));
#2637=DIRECTION('center_axis',(0.,-1.,0.));
#2638=DIRECTION('ref_axis',(1.,0.,0.));
#2639=DIRECTION('',(1.,0.,0.));
#2640=DIRECTION('',(0.,0.,1.));
#2641=DIRECTION('',(-1.,0.,0.));
#2642=DIRECTION('',(0.,0.,-1.));
#2643=DIRECTION('',(1.,0.,0.));
#2644=DIRECTION('',(0.,0.,1.));
#2645=DIRECTION('',(-1.,0.,0.));
#2646=DIRECTION('center_axis',(0.,0.,-1.));
#2647=DIRECTION('ref_axis',(1.,0.,0.));
#2648=DIRECTION('',(-1.,0.,0.));
#2649=DIRECTION('',(0.,-1.,0.));
#2650=DIRECTION('',(1.,0.,0.));
#2651=DIRECTION('',(0.,-1.,0.));
#2652=DIRECTION('center_axis',(-1.,0.,0.));
#2653=DIRECTION('ref_axis',(0.,0.,-1.));
#2654=DIRECTION('',(0.,0.,1.));
#2655=DIRECTION('',(0.,0.,-1.));
#2656=DIRECTION('',(0.,-1.,0.));
#2657=DIRECTION('center_axis',(0.,0.,1.));
#2658=DIRECTION('ref_axis',(-1.,0.,0.));
#2659=DIRECTION('',(1.,0.,0.));
#2660=DIRECTION('',(-1.,0.,0.));
#2661=DIRECTION('',(0.,-1.,0.));
#2662=DIRECTION('center_axis',(1.,0.,0.));
#2663=DIRECTION('ref_axis',(0.,0.,1.));
#2664=DIRECTION('',(0.,0.,-1.));
#2665=DIRECTION('',(0.,-1.,0.));
#2666=DIRECTION('',(0.,0.,-1.));
#2667=DIRECTION('',(0.,-1.,0.));
#2668=DIRECTION('center_axis',(0.,0.,1.));
#2669=DIRECTION('ref_axis',(-1.,0.,0.));
#2670=DIRECTION('',(1.,0.,0.));
#2671=DIRECTION('',(1.,0.,0.));
#2672=DIRECTION('',(0.,-1.,0.));
#2673=DIRECTION('center_axis',(0.,0.,1.));
#2674=DIRECTION('ref_axis',(-1.,0.,0.));
#2675=DIRECTION('',(-1.,0.,0.));
#2676=DIRECTION('',(0.,-1.,0.));
#2677=DIRECTION('',(1.,0.,0.));
#2678=DIRECTION('center_axis',(0.,-1.,0.));
#2679=DIRECTION('ref_axis',(1.,0.,0.));
#2680=DIRECTION('',(0.,0.,-1.));
#2681=DIRECTION('',(0.,0.,-1.));
#2682=DIRECTION('center_axis',(0.,0.,1.));
#2683=DIRECTION('ref_axis',(1.,0.,0.));
#2684=DIRECTION('',(-1.,0.,0.));
#2685=DIRECTION('',(0.,-1.,0.));
#2686=DIRECTION('',(0.,-1.,0.));
#2687=DIRECTION('center_axis',(0.,-1.,0.));
#2688=DIRECTION('ref_axis',(-1.,0.,0.));
#2689=DIRECTION('',(0.,0.,-1.));
#2690=DIRECTION('',(0.,0.,1.));
#2691=DIRECTION('',(-1.,0.,0.));
#2692=DIRECTION('',(0.,0.,-1.));
#2693=DIRECTION('',(-1.,0.,0.));
#2694=DIRECTION('',(0.,0.,-1.));
#2695=DIRECTION('',(1.,0.,0.));
#2696=DIRECTION('',(0.,0.,-1.));
#2697=DIRECTION('',(-1.,0.,0.));
#2698=DIRECTION('',(0.,0.,-1.));
#2699=DIRECTION('',(-1.,0.,0.));
#2700=DIRECTION('',(1.,0.,0.));
#2701=DIRECTION('',(0.,0.,-1.));
#2702=DIRECTION('',(-5.72714469139354E-15,0.,1.));
#2703=DIRECTION('',(0.,0.,1.));
#2704=DIRECTION('center_axis',(0.,0.,1.));
#2705=DIRECTION('ref_axis',(-1.,0.,0.));
#2706=DIRECTION('',(1.,0.,0.));
#2707=DIRECTION('',(0.,-1.,0.));
#2708=DIRECTION('',(0.,-1.,0.));
#2709=DIRECTION('center_axis',(-1.,0.,0.));
#2710=DIRECTION('ref_axis',(0.,0.,-1.));
#2711=DIRECTION('',(0.,0.,1.));
#2712=DIRECTION('',(0.,1.,0.));
#2713=DIRECTION('center_axis',(-1.,0.,0.));
#2714=DIRECTION('ref_axis',(0.,0.,-1.));
#2715=DIRECTION('',(0.,0.,1.));
#2716=DIRECTION('',(0.,-1.,0.));
#2717=DIRECTION('',(0.,-1.,0.));
#2718=DIRECTION('center_axis',(0.,0.,-1.));
#2719=DIRECTION('ref_axis',(1.,0.,0.));
#2720=DIRECTION('',(-1.,0.,0.));
#2721=DIRECTION('',(0.,-1.,0.));
#2722=DIRECTION('center_axis',(0.,0.,-1.));
#2723=DIRECTION('ref_axis',(1.,0.,0.));
#2724=DIRECTION('',(1.,0.,0.));
#2725=DIRECTION('',(0.,-1.,0.));
#2726=DIRECTION('center_axis',(0.,-1.,0.));
#2727=DIRECTION('ref_axis',(0.707106781186233,0.,0.707106781186861));
#2728=DIRECTION('',(0.,-1.,0.));
#2729=DIRECTION('center_axis',(0.,-1.,0.));
#2730=DIRECTION('ref_axis',(1.,0.,0.));
#2731=DIRECTION('',(0.,1.,0.));
#2732=DIRECTION('center_axis',(0.70710678118661,0.707106781186485,0.));
#2733=DIRECTION('ref_axis',(-0.707106781186485,0.70710678118661,0.));
#2734=DIRECTION('center_axis',(0.,0.986013297183236,0.166666666666866));
#2735=DIRECTION('ref_axis',(-1.,0.,0.));
#2736=DIRECTION('center_axis',(0.,1.,0.));
#2737=DIRECTION('ref_axis',(-1.,0.,0.));
#2738=DIRECTION('center_axis',(1.,0.,0.));
#2739=DIRECTION('ref_axis',(0.,-0.169101978725815,0.98559855965348));
#2740=DIRECTION('center_axis',(-1.,0.,0.));
#2741=DIRECTION('ref_axis',(0.,-0.169101978725815,0.98559855965348));
#2742=DIRECTION('center_axis',(0.,1.,0.));
#2743=DIRECTION('ref_axis',(-0.707106781186233,0.,0.707106781186861));
#2744=DIRECTION('',(0.,-1.,0.));
#2745=DIRECTION('',(0.,1.,0.));
#2746=DIRECTION('center_axis',(-0.707106781186673,0.707106781186422,0.));
#2747=DIRECTION('ref_axis',(-0.707106781186422,-0.707106781186673,0.));
#2748=DIRECTION('center_axis',(-1.,-1.06581410364021E-13,0.));
#2749=DIRECTION('ref_axis',(0.,-0.70710678118661,0.707106781186485));
#2750=DIRECTION('',(1.,1.06581410364021E-13,0.));
#2751=DIRECTION('',(-1.,-1.06581410364021E-13,0.));
#2752=DIRECTION('center_axis',(0.,0.,-1.));
#2753=DIRECTION('ref_axis',(1.,0.,0.));
#2754=DIRECTION('center_axis',(-1.,0.,0.));
#2755=DIRECTION('ref_axis',(0.,-0.707106781186542,0.707106781186553));
#2756=DIRECTION('center_axis',(1.,0.,0.));
#2757=DIRECTION('ref_axis',(0.,-0.707106781186542,0.707106781186553));
#2758=DIRECTION('center_axis',(0.,0.,-1.));
#2759=DIRECTION('ref_axis',(0.707106781186296,-0.707106781186799,0.));
#2760=DIRECTION('center_axis',(0.,0.,-1.));
#2761=DIRECTION('ref_axis',(0.707106781186296,-0.707106781186799,0.));
#2762=DIRECTION('',(0.,0.,1.));
#2763=DIRECTION('',(0.,0.,-1.));
#2764=DIRECTION('center_axis',(-1.,0.,0.));
#2765=DIRECTION('ref_axis',(0.,1.,0.));
#2766=DIRECTION('',(0.,0.,-1.));
#2767=DIRECTION('',(0.,1.,0.));
#2768=DIRECTION('center_axis',(-1.06581410364021E-13,1.,0.));
#2769=DIRECTION('ref_axis',(1.,1.06581410364021E-13,0.));
#2770=DIRECTION('',(0.,0.,-1.));
#2771=DIRECTION('',(1.,1.06581410364021E-13,0.));
#2772=DIRECTION('center_axis',(1.,0.,0.));
#2773=DIRECTION('ref_axis',(0.,-1.,0.));
#2774=DIRECTION('',(0.,1.,0.));
#2775=DIRECTION('',(0.,0.,1.));
#2776=DIRECTION('',(0.,-1.,0.));
#2777=DIRECTION('center_axis',(-0.316227766016821,0.94868329805052,0.));
#2778=DIRECTION('ref_axis',(-0.948683298050519,-0.316227766016821,0.));
#2779=DIRECTION('center_axis',(0.948683298050497,-0.316227766016889,0.));
#2780=DIRECTION('ref_axis',(-0.316227766016888,-0.948683298050497,0.));
#2781=DIRECTION('center_axis',(0.,0.,-1.));
#2782=DIRECTION('ref_axis',(-1.,0.,0.));
#2783=DIRECTION('center_axis',(0.,0.,1.));
#2784=DIRECTION('ref_axis',(0.707106781186485,-0.70710678118661,0.));
#2785=DIRECTION('',(-1.,0.,0.));
#2786=DIRECTION('center_axis',(0.,0.,1.));
#2787=DIRECTION('ref_axis',(0.707106781186485,-0.70710678118661,0.));
#2788=DIRECTION('center_axis',(0.,0.,-1.));
#2789=DIRECTION('ref_axis',(-0.707106781186485,-0.70710678118661,0.));
#2790=DIRECTION('',(1.,0.,0.));
#2791=DIRECTION('center_axis',(0.,0.,-1.));
#2792=DIRECTION('ref_axis',(0.707106781186485,-0.70710678118661,0.));
#2793=DIRECTION('center_axis',(0.,0.,-1.));
#2794=DIRECTION('ref_axis',(1.,0.,0.));
#2795=DIRECTION('',(0.,0.,-1.));
#2796=DIRECTION('center_axis',(0.9486832980505,0.31622776601688,0.));
#2797=DIRECTION('ref_axis',(-0.31622776601688,0.9486832980505,0.));
#2798=DIRECTION('center_axis',(-0.316227766016821,-0.94868329805052,0.));
#2799=DIRECTION('ref_axis',(-0.948683298050519,0.316227766016821,0.));
#2800=DIRECTION('center_axis',(-1.,0.,0.));
#2801=DIRECTION('ref_axis',(0.,-0.70710678118654,0.707106781186555));
#2802=DIRECTION('',(1.,0.,0.));
#2803=DIRECTION('center_axis',(-1.,0.,0.));
#2804=DIRECTION('ref_axis',(0.,1.,0.));
#2805=DIRECTION('',(0.,0.,-1.));
#2806=DIRECTION('',(0.,-1.,0.));
#2807=DIRECTION('',(0.,0.,1.));
#2808=DIRECTION('center_axis',(0.,0.,1.));
#2809=DIRECTION('ref_axis',(1.,0.,0.));
#2810=DIRECTION('center_axis',(-0.316227766016821,0.94868329805052,0.));
#2811=DIRECTION('ref_axis',(-0.948683298050519,-0.316227766016821,0.));
#2812=DIRECTION('center_axis',(0.9486832980505,-0.31622776601688,0.));
#2813=DIRECTION('ref_axis',(-0.31622776601688,-0.9486832980505,0.));
#2814=DIRECTION('center_axis',(0.,0.,-1.));
#2815=DIRECTION('ref_axis',(0.707106781186485,0.70710678118661,0.));
#2816=DIRECTION('center_axis',(0.,0.,1.));
#2817=DIRECTION('ref_axis',(0.707106781186485,0.70710678118661,0.));
#2818=DIRECTION('',(0.,0.,1.));
#2819=DIRECTION('',(0.,0.,-1.));
#2820=DIRECTION('center_axis',(0.,0.,-1.));
#2821=DIRECTION('ref_axis',(-1.,0.,0.));
#2822=DIRECTION('',(0.,-1.,0.));
#2823=DIRECTION('center_axis',(0.,0.,1.));
#2824=DIRECTION('ref_axis',(0.707106781186485,-0.70710678118661,0.));
#2825=DIRECTION('',(-1.,0.,0.));
#2826=DIRECTION('center_axis',(0.,0.,1.));
#2827=DIRECTION('ref_axis',(-0.707106781186485,-0.70710678118661,0.));
#2828=DIRECTION('',(0.,1.,0.));
#2829=DIRECTION('center_axis',(0.,0.,-1.));
#2830=DIRECTION('ref_axis',(0.707106781186485,0.70710678118661,0.));
#2831=DIRECTION('',(-1.,0.,0.));
#2832=DIRECTION('center_axis',(0.,0.,-1.));
#2833=DIRECTION('ref_axis',(-0.70710678118661,0.707106781186485,0.));
#2834=DIRECTION('center_axis',(0.,0.,1.));
#2835=DIRECTION('ref_axis',(0.70710678118661,0.707106781186485,0.));
#2836=DIRECTION('',(1.,0.,0.));
#2837=DIRECTION('center_axis',(1.,0.,0.));
#2838=DIRECTION('ref_axis',(0.,-1.,0.));
#2839=DIRECTION('',(0.,1.,0.));
#2840=DIRECTION('',(0.,0.,1.));
#2841=DIRECTION('center_axis',(0.,1.,0.));
#2842=DIRECTION('ref_axis',(-0.707106781186728,0.,0.707106781186367));
#2843=DIRECTION('',(0.,-1.,0.));
#2844=DIRECTION('center_axis',(0.9486832980505,0.31622776601688,0.));
#2845=DIRECTION('ref_axis',(-0.31622776601688,0.9486832980505,0.));
#2846=DIRECTION('center_axis',(0.,0.,-1.));
#2847=DIRECTION('ref_axis',(0.707106781186485,-0.70710678118661,0.));
#2848=DIRECTION('',(0.,0.,-1.));
#2849=DIRECTION('center_axis',(0.,-1.,0.));
#2850=DIRECTION('ref_axis',(-1.,0.,0.));
#2851=DIRECTION('',(1.,0.,0.));
#2852=DIRECTION('',(0.,0.,1.));
#2853=DIRECTION('center_axis',(0.,0.,-1.));
#2854=DIRECTION('ref_axis',(-0.707106781186548,-0.707106781186548,0.));
#2855=DIRECTION('center_axis',(0.,0.,-1.));
#2856=DIRECTION('ref_axis',(0.,-1.,0.));
#2857=DIRECTION('',(0.,0.,-1.));
#2858=DIRECTION('center_axis',(0.316227766016838,-0.948683298050514,0.));
#2859=DIRECTION('ref_axis',(0.948683298050514,0.316227766016838,0.));
#2860=DIRECTION('center_axis',(-0.94868329805052,0.316227766016821,0.));
#2861=DIRECTION('ref_axis',(0.316227766016821,0.948683298050519,0.));
#2862=DIRECTION('center_axis',(1.,0.,0.));
#2863=DIRECTION('ref_axis',(0.,0.70710678118654,0.707106781186555));
#2864=DIRECTION('',(-1.,0.,0.));
#2865=DIRECTION('center_axis',(0.,0.,-1.));
#2866=DIRECTION('ref_axis',(0.70710678118661,0.707106781186485,0.));
#2867=DIRECTION('',(0.,0.,1.));
#2868=DIRECTION('center_axis',(0.,1.,0.));
#2869=DIRECTION('ref_axis',(1.,0.,0.));
#2870=DIRECTION('',(0.,0.,-1.));
#2871=DIRECTION('',(-1.,0.,0.));
#2872=DIRECTION('center_axis',(0.,0.,-1.));
#2873=DIRECTION('ref_axis',(-0.707106781186548,0.707106781186548,0.));
#2874=DIRECTION('',(0.,0.,1.));
#2875=DIRECTION('center_axis',(0.,0.,-1.));
#2876=DIRECTION('ref_axis',(-1.,0.,0.));
#2877=DIRECTION('center_axis',(-0.948683298050517,-0.31622776601683,0.));
#2878=DIRECTION('ref_axis',(0.31622776601683,-0.948683298050517,0.));
#2879=DIRECTION('center_axis',(0.316227766016838,0.948683298050514,0.));
#2880=DIRECTION('ref_axis',(0.948683298050514,-0.316227766016838,0.));
#2881=DIRECTION('center_axis',(-1.,0.,0.));
#2882=DIRECTION('ref_axis',(0.,1.,0.));
#2883=DIRECTION('',(0.,-1.,0.));
#2884=DIRECTION('center_axis',(0.,1.,0.));
#2885=DIRECTION('ref_axis',(0.,0.,1.));
#2886=DIRECTION('center_axis',(0.,0.,-1.));
#2887=DIRECTION('ref_axis',(0.707106781186548,-0.707106781186548,0.));
#2888=DIRECTION('center_axis',(-1.,0.,0.));
#2889=DIRECTION('ref_axis',(0.,-1.,0.));
#2890=DIRECTION('center_axis',(0.,0.,1.));
#2891=DIRECTION('ref_axis',(0.707106781186548,-0.707106781186548,0.));
#2892=DIRECTION('center_axis',(0.,0.,-1.));
#2893=DIRECTION('ref_axis',(0.70710678118661,-0.707106781186485,0.));
#2894=DIRECTION('',(0.,0.,1.));
#2895=DIRECTION('center_axis',(-1.,0.,0.));
#2896=DIRECTION('ref_axis',(0.,-0.70710678118654,0.707106781186555));
#2897=DIRECTION('',(-1.,0.,0.));
#2898=DIRECTION('center_axis',(1.,0.,0.));
#2899=DIRECTION('ref_axis',(0.,0.,1.));
#2900=DIRECTION('',(1.,0.,0.));
#2901=DIRECTION('center_axis',(0.,1.,0.));
#2902=DIRECTION('ref_axis',(1.,0.,0.));
#2903=DIRECTION('',(0.,0.,-1.));
#2904=DIRECTION('center_axis',(-1.,0.,0.));
#2905=DIRECTION('ref_axis',(0.,0.,1.));
#2906=DIRECTION('center_axis',(0.,0.,-1.));
#2907=DIRECTION('ref_axis',(0.707106781186233,0.707106781186862,0.));
#2908=DIRECTION('center_axis',(0.,-1.,0.));
#2909=DIRECTION('ref_axis',(1.,0.,0.));
#2910=DIRECTION('center_axis',(0.,0.,1.));
#2911=DIRECTION('ref_axis',(0.707106781186233,0.707106781186861,0.));
#2912=DIRECTION('center_axis',(0.,0.,-1.));
#2913=DIRECTION('ref_axis',(0.707106781186485,0.70710678118661,0.));
#2914=DIRECTION('',(0.,0.,-1.));
#2915=DIRECTION('center_axis',(0.,-1.,0.));
#2916=DIRECTION('ref_axis',(0.707106781186477,0.,0.707106781186618));
#2917=DIRECTION('',(0.,1.,0.));
#2918=DIRECTION('center_axis',(0.,-1.,0.));
#2919=DIRECTION('ref_axis',(0.,0.,1.));
#2920=DIRECTION('center_axis',(0.,0.,-1.));
#2921=DIRECTION('ref_axis',(-0.70710678118661,0.707106781186485,0.));
#2922=DIRECTION('center_axis',(1.,0.,0.));
#2923=DIRECTION('ref_axis',(0.,1.,0.));
#2924=DIRECTION('center_axis',(0.,0.,1.));
#2925=DIRECTION('ref_axis',(-0.70710678118661,0.707106781186485,0.));
#2926=DIRECTION('center_axis',(0.,0.,-1.));
#2927=DIRECTION('ref_axis',(-0.707106781186548,0.707106781186548,0.));
#2928=DIRECTION('',(0.,0.,-1.));
#2929=DIRECTION('',(0.,0.,1.));
#2930=DIRECTION('center_axis',(1.,0.,0.));
#2931=DIRECTION('ref_axis',(0.,0.70710678118654,0.707106781186555));
#2932=DIRECTION('',(-1.,0.,0.));
#2933=DIRECTION('',(1.,0.,0.));
#2934=DIRECTION('center_axis',(0.,-1.,0.));
#2935=DIRECTION('ref_axis',(-1.,0.,0.));
#2936=DIRECTION('center_axis',(0.,0.,-1.));
#2937=DIRECTION('ref_axis',(-0.70710678118661,-0.707106781186485,0.));
#2938=DIRECTION('center_axis',(0.,1.,0.));
#2939=DIRECTION('ref_axis',(-1.,0.,0.));
#2940=DIRECTION('center_axis',(0.,0.,1.));
#2941=DIRECTION('ref_axis',(-0.70710678118661,-0.707106781186485,0.));
#2942=DIRECTION('center_axis',(0.,0.,-1.));
#2943=DIRECTION('ref_axis',(-0.707106781186548,-0.707106781186548,0.));
#2944=DIRECTION('',(0.,0.,1.));
#2945=DIRECTION('center_axis',(0.,0.,-1.));
#2946=DIRECTION('ref_axis',(-1.,0.,0.));
#2947=DIRECTION('',(0.,-1.,0.));
#2948=DIRECTION('center_axis',(0.,1.,0.));
#2949=DIRECTION('ref_axis',(-0.707106781186477,0.,0.707106781186618));
#2950=DIRECTION('',(0.,1.,0.));
#2951=DIRECTION('center_axis',(1.,0.,0.));
#2952=DIRECTION('ref_axis',(0.,-1.,0.));
#2953=DIRECTION('center_axis',(1.,0.,0.));
#2954=DIRECTION('ref_axis',(0.,0.,1.));
#2955=DIRECTION('center_axis',(0.,0.,-1.));
#2956=DIRECTION('ref_axis',(-0.707106781186233,-0.707106781186862,0.));
#2957=DIRECTION('center_axis',(0.,1.,0.));
#2958=DIRECTION('ref_axis',(-1.,0.,0.));
#2959=DIRECTION('center_axis',(0.,0.,1.));
#2960=DIRECTION('ref_axis',(-0.707106781186233,-0.707106781186861,0.));
#2961=DIRECTION('center_axis',(0.,0.,-1.));
#2962=DIRECTION('ref_axis',(-0.707106781186485,-0.70710678118661,0.));
#2963=DIRECTION('',(0.,0.,-1.));
#2964=DIRECTION('center_axis',(0.,1.,0.));
#2965=DIRECTION('ref_axis',(-0.707106781186477,0.,0.707106781186618));
#2966=DIRECTION('center_axis',(0.,-1.,0.));
#2967=DIRECTION('ref_axis',(3.5527136788005E-13,0.,1.));
#2968=DIRECTION('',(0.,-1.,0.));
#2969=DIRECTION('center_axis',(0.,1.,0.));
#2970=DIRECTION('ref_axis',(-0.707106781186728,0.,0.707106781186367));
#2971=DIRECTION('',(0.,-1.,0.));
#2972=DIRECTION('center_axis',(0.,1.,0.));
#2973=DIRECTION('ref_axis',(1.,0.,0.));
#2974=DIRECTION('',(-1.,0.,0.));
#2975=DIRECTION('center_axis',(0.,0.,-1.));
#2976=DIRECTION('ref_axis',(0.707106781186485,-0.70710678118661,0.));
#2977=DIRECTION('center_axis',(0.,0.,1.));
#2978=DIRECTION('ref_axis',(0.707106781186485,-0.70710678118661,0.));
#2979=DIRECTION('',(0.,0.,1.));
#2980=DIRECTION('center_axis',(0.,0.,-1.));
#2981=DIRECTION('ref_axis',(1.,0.,0.));
#2982=DIRECTION('',(0.,0.,-1.));
#2983=DIRECTION('center_axis',(0.9486832980505,0.31622776601688,0.));
#2984=DIRECTION('ref_axis',(-0.31622776601688,0.9486832980505,0.));
#2985=DIRECTION('center_axis',(-0.316227766016821,-0.94868329805052,0.));
#2986=DIRECTION('ref_axis',(-0.948683298050519,0.316227766016821,0.));
#2987=DIRECTION('center_axis',(0.,1.,0.));
#2988=DIRECTION('ref_axis',(-0.707106781186728,0.,0.707106781186367));
#2989=DIRECTION('',(0.,1.,0.));
#2990=DIRECTION('center_axis',(0.948683298050508,-0.316227766016855,0.));
#2991=DIRECTION('ref_axis',(-0.316227766016855,-0.948683298050508,0.));
#2992=DIRECTION('',(0.,-1.,0.));
#2993=DIRECTION('center_axis',(1.,0.,0.));
#2994=DIRECTION('ref_axis',(0.,-1.,0.));
#2995=DIRECTION('',(0.,-1.,0.));
#2996=DIRECTION('',(0.,0.,-1.));
#2997=DIRECTION('center_axis',(0.,0.,-1.));
#2998=DIRECTION('ref_axis',(-1.,0.,0.));
#2999=DIRECTION('',(-1.,0.,0.));
#3000=DIRECTION('center_axis',(0.,0.,1.));
#3001=DIRECTION('ref_axis',(-0.707106781186485,-0.70710678118661,0.));
#3002=DIRECTION('',(0.,1.,0.));
#3003=DIRECTION('center_axis',(0.,0.,1.));
#3004=DIRECTION('ref_axis',(-0.70710678118661,0.707106781186485,0.));
#3005=DIRECTION('',(1.,1.06581410364021E-13,0.));
#3006=DIRECTION('center_axis',(0.,0.,1.));
#3007=DIRECTION('ref_axis',(0.707106781186485,0.70710678118661,0.));
#3008=DIRECTION('center_axis',(0.,0.,-1.));
#3009=DIRECTION('ref_axis',(0.707106781186485,0.70710678118661,0.));
#3010=DIRECTION('',(0.,0.,1.));
#3011=DIRECTION('center_axis',(0.,0.,-1.));
#3012=DIRECTION('ref_axis',(-1.77635683940029E-13,1.,0.));
#3013=DIRECTION('center_axis',(-0.316227766016889,0.948683298050497,0.));
#3014=DIRECTION('ref_axis',(-0.948683298050497,-0.316227766016888,0.));
#3015=DIRECTION('center_axis',(-1.06581410364021E-13,1.,0.));
#3016=DIRECTION('ref_axis',(1.,1.06581410364021E-13,0.));
#3017=DIRECTION('',(0.,0.,-1.));
#3018=DIRECTION('',(-1.,-1.06581410364021E-13,0.));
#3019=DIRECTION('center_axis',(0.,0.,1.));
#3020=DIRECTION('ref_axis',(-1.77635683940021E-13,1.,0.));
#3021=DIRECTION('center_axis',(-0.948683298050489,-0.316227766016914,0.));
#3022=DIRECTION('ref_axis',(0.316227766016914,-0.948683298050489,0.));
#3023=DIRECTION('center_axis',(0.316227766016779,0.948683298050534,-8.42600032458425E-14));
#3024=DIRECTION('ref_axis',(0.948683298050533,-0.316227766016779,0.));
#3025=DIRECTION('center_axis',(0.,0.,-1.));
#3026=DIRECTION('ref_axis',(-0.70710678118661,0.707106781186485,0.));
#3027=DIRECTION('',(0.,0.,1.));
#3028=DIRECTION('center_axis',(-1.,-1.06581410364021E-13,0.));
#3029=DIRECTION('ref_axis',(0.,-0.70710678118654,0.707106781186555));
#3030=DIRECTION('',(1.,1.06581410364021E-13,0.));
#3031=DIRECTION('center_axis',(0.,-1.,0.));
#3032=DIRECTION('ref_axis',(0.707106781186728,0.,0.707106781186367));
#3033=DIRECTION('',(0.,-1.,0.));
#3034=DIRECTION('center_axis',(-0.948683298050497,0.316227766016889,0.));
#3035=DIRECTION('ref_axis',(0.316227766016888,0.948683298050497,0.));
#3036=DIRECTION('',(0.,1.,0.));
#3037=DIRECTION('center_axis',(0.,0.,-1.));
#3038=DIRECTION('ref_axis',(-0.707106781186485,-0.70710678118661,0.));
#3039=DIRECTION('',(0.,0.,1.));
#3040=DIRECTION('center_axis',(0.,0.,-1.));
#3041=DIRECTION('ref_axis',(0.,-1.,0.));
#3042=DIRECTION('',(0.,0.,-1.));
#3043=DIRECTION('center_axis',(0.316227766016821,-0.94868329805052,0.));
#3044=DIRECTION('ref_axis',(0.948683298050519,0.316227766016821,0.));
#3045=DIRECTION('center_axis',(1.,0.,0.));
#3046=DIRECTION('ref_axis',(0.,0.70710678118654,0.707106781186555));
#3047=DIRECTION('',(-1.,0.,0.));
#3048=DIRECTION('',(1.,0.,0.));
#3049=DIRECTION('center_axis',(0.,-1.,0.));
#3050=DIRECTION('ref_axis',(-1.,0.,0.));
#3051=DIRECTION('center_axis',(-1.,0.,0.));
#3052=DIRECTION('ref_axis',(0.,0.,1.));
#3053=DIRECTION('center_axis',(0.,0.,-1.));
#3054=DIRECTION('ref_axis',(0.707106781186485,0.70710678118661,0.));
#3055=DIRECTION('center_axis',(0.,-1.,0.));
#3056=DIRECTION('ref_axis',(1.,0.,0.));
#3057=DIRECTION('center_axis',(0.,0.,1.));
#3058=DIRECTION('ref_axis',(0.707106781186485,0.70710678118661,0.));
#3059=DIRECTION('center_axis',(0.,0.,-1.));
#3060=DIRECTION('ref_axis',(0.707106781186485,0.70710678118661,0.));
#3061=DIRECTION('',(0.,0.,-1.));
#3062=DIRECTION('',(0.,0.,1.));
#3063=DIRECTION('center_axis',(0.,-1.,0.));
#3064=DIRECTION('ref_axis',(0.707106781186728,0.,0.707106781186367));
#3065=DIRECTION('',(0.,-1.,0.));
#3066=DIRECTION('center_axis',(-0.948683298050497,0.316227766016889,0.));
#3067=DIRECTION('ref_axis',(0.316227766016888,0.948683298050497,0.));
#3068=DIRECTION('',(0.,1.,0.));
#3069=DIRECTION('center_axis',(-1.,0.,0.));
#3070=DIRECTION('ref_axis',(0.,1.,0.));
#3071=DIRECTION('',(0.,0.,-1.));
#3072=DIRECTION('center_axis',(1.,0.,0.));
#3073=DIRECTION('ref_axis',(0.,1.,0.));
#3074=DIRECTION('center_axis',(0.,0.,1.));
#3075=DIRECTION('ref_axis',(-0.707106781186485,0.70710678118661,0.));
#3076=DIRECTION('center_axis',(0.,0.,-1.));
#3077=DIRECTION('ref_axis',(-0.707106781186485,0.70710678118661,0.));
#3078=DIRECTION('center_axis',(0.,0.,1.));
#3079=DIRECTION('ref_axis',(-0.70710678118661,0.707106781186485,0.));
#3080=DIRECTION('',(0.,0.,1.));
#3081=DIRECTION('center_axis',(0.,0.,-1.));
#3082=DIRECTION('ref_axis',(-1.,0.,0.));
#3083=DIRECTION('center_axis',(0.,0.,1.));
#3084=DIRECTION('ref_axis',(-0.707106781186548,0.707106781186548,0.));
#3085=DIRECTION('',(-1.,0.,0.));
#3086=DIRECTION('center_axis',(0.,0.,1.));
#3087=DIRECTION('ref_axis',(0.707106781186648,0.707106781186447,0.));
#3088=DIRECTION('',(0.,1.,0.));
#3089=DIRECTION('center_axis',(0.,0.,1.));
#3090=DIRECTION('ref_axis',(0.707106781186598,-0.707106781186497,0.));
#3091=DIRECTION('',(1.,0.,0.));
#3092=DIRECTION('',(0.,1.,0.));
#3093=DIRECTION('',(0.,-1.,0.));
#3094=DIRECTION('',(1.,0.,0.));
#3095=DIRECTION('center_axis',(0.,0.,1.));
#3096=DIRECTION('ref_axis',(-0.707106781186497,-0.707106781186598,0.));
#3097=DIRECTION('',(0.,-1.,0.));
#3098=DIRECTION('',(1.,0.,0.));
#3099=DIRECTION('',(-1.,0.,0.));
#3100=DIRECTION('',(-1.,0.,0.));
#3101=DIRECTION('',(1.,0.,0.));
#3102=DIRECTION('',(0.,1.,0.));
#3103=DIRECTION('center_axis',(1.,0.,0.));
#3104=DIRECTION('ref_axis',(0.,0.70710678118654,0.707106781186555));
#3105=DIRECTION('',(1.,0.,0.));
#3106=DIRECTION('center_axis',(0.,-1.,0.));
#3107=DIRECTION('ref_axis',(-1.,0.,0.));
#3108=DIRECTION('center_axis',(0.,0.,-1.));
#3109=DIRECTION('ref_axis',(-0.707106781186485,-0.70710678118661,0.));
#3110=DIRECTION('',(0.,0.,1.));
#3111=DIRECTION('center_axis',(0.,0.,-1.));
#3112=DIRECTION('ref_axis',(0.,-1.,0.));
#3113=DIRECTION('center_axis',(0.316227766016821,-0.94868329805052,0.));
#3114=DIRECTION('ref_axis',(0.948683298050519,0.316227766016821,0.));
#3115=DIRECTION('center_axis',(1.,0.,0.));
#3116=DIRECTION('ref_axis',(0.,0.70710678118654,0.707106781186555));
#3117=DIRECTION('',(1.,0.,0.));
#3118=DIRECTION('center_axis',(-0.316227766016821,-0.94868329805052,0.));
#3119=DIRECTION('ref_axis',(-0.948683298050519,0.316227766016821,0.));
#3120=DIRECTION('center_axis',(0.,-1.,0.));
#3121=DIRECTION('ref_axis',(-1.,0.,0.));
#3122=DIRECTION('',(0.,0.,-1.));
#3123=DIRECTION('center_axis',(0.,0.,-1.));
#3124=DIRECTION('ref_axis',(0.707106781186485,-0.70710678118661,0.));
#3125=DIRECTION('center_axis',(0.,0.,-1.));
#3126=DIRECTION('ref_axis',(1.,0.,0.));
#3127=DIRECTION('center_axis',(-1.,0.,0.));
#3128=DIRECTION('ref_axis',(0.,-0.70710678118654,0.707106781186555));
#3129=DIRECTION('center_axis',(0.,-1.,0.));
#3130=DIRECTION('ref_axis',(0.707106781186602,0.,0.707106781186493));
#3131=DIRECTION('center_axis',(-1.,0.,0.));
#3132=DIRECTION('ref_axis',(0.,-0.70710678118654,0.707106781186555));
#3133=DIRECTION('center_axis',(-1.,0.,0.));
#3134=DIRECTION('ref_axis',(0.,1.,0.));
#3135=DIRECTION('center_axis',(-1.,0.,0.));
#3136=DIRECTION('ref_axis',(0.,1.,0.));
#3137=DIRECTION('center_axis',(0.,1.,0.));
#3138=DIRECTION('ref_axis',(-7.105427357601E-14,0.,-1.));
#3139=DIRECTION('center_axis',(0.,0.,-1.));
#3140=DIRECTION('ref_axis',(-0.707106781186548,0.707106781186548,0.));
#3141=DIRECTION('center_axis',(0.,0.,-1.));
#3142=DIRECTION('ref_axis',(-0.707106781186548,0.707106781186548,0.));
#3143=DIRECTION('',(0.,0.,-1.));
#3144=DIRECTION('',(0.,0.,1.));
#3145=DIRECTION('center_axis',(1.,0.,0.));
#3146=DIRECTION('ref_axis',(0.,0.707106781186554,-0.707106781186541));
#3147=DIRECTION('',(1.,0.,0.));
#3148=DIRECTION('center_axis',(1.,0.,0.));
#3149=DIRECTION('ref_axis',(0.,-3.5527136788005E-14,-1.));
#3150=DIRECTION('center_axis',(0.,1.,0.));
#3151=DIRECTION('ref_axis',(1.,0.,0.));
#3152=DIRECTION('',(0.,0.,1.));
#3153=DIRECTION('center_axis',(0.,1.,0.));
#3154=DIRECTION('ref_axis',(1.,0.,0.));
#3155=DIRECTION('center_axis',(0.,0.,-1.));
#3156=DIRECTION('ref_axis',(0.707106781186648,0.707106781186447,0.));
#3157=DIRECTION('center_axis',(0.,0.,-1.));
#3158=DIRECTION('ref_axis',(0.707106781186522,0.707106781186573,0.));
#3159=DIRECTION('',(0.,0.,-1.));
#3160=DIRECTION('center_axis',(0.,-1.,0.));
#3161=DIRECTION('ref_axis',(0.707106781186529,0.,-0.707106781186566));
#3162=DIRECTION('',(0.,-1.,0.));
#3163=DIRECTION('center_axis',(0.,-1.,0.));
#3164=DIRECTION('ref_axis',(0.,0.,-1.));
#3165=DIRECTION('center_axis',(1.,0.,0.));
#3166=DIRECTION('ref_axis',(0.,-1.,0.));
#3167=DIRECTION('',(0.,0.,1.));
#3168=DIRECTION('center_axis',(1.,0.,0.));
#3169=DIRECTION('ref_axis',(0.,-1.,0.));
#3170=DIRECTION('center_axis',(0.,0.,-1.));
#3171=DIRECTION('ref_axis',(0.707106781186598,-0.707106781186497,0.));
#3172=DIRECTION('center_axis',(0.,0.,-1.));
#3173=DIRECTION('ref_axis',(0.707106781186522,-0.707106781186573,0.));
#3174=DIRECTION('',(0.,0.,-1.));
#3175=DIRECTION('center_axis',(-1.,0.,0.));
#3176=DIRECTION('ref_axis',(0.,-0.707106781186529,-0.707106781186566));
#3177=DIRECTION('',(-1.,0.,0.));
#3178=DIRECTION('center_axis',(1.,0.,0.));
#3179=DIRECTION('ref_axis',(0.,-0.707106781186529,-0.707106781186566));
#3180=DIRECTION('center_axis',(0.,-1.,0.));
#3181=DIRECTION('ref_axis',(-1.,0.,0.));
#3182=DIRECTION('',(0.,0.,-1.));
#3183=DIRECTION('center_axis',(0.,-1.,0.));
#3184=DIRECTION('ref_axis',(-1.,0.,0.));
#3185=DIRECTION('center_axis',(-1.,0.,0.));
#3186=DIRECTION('ref_axis',(0.,-7.105427357601E-14,-1.));
#3187=DIRECTION('center_axis',(0.,0.,-1.));
#3188=DIRECTION('ref_axis',(-0.707106781186497,-0.707106781186598,0.));
#3189=DIRECTION('center_axis',(0.,0.,-1.));
#3190=DIRECTION('ref_axis',(-0.707106781186548,-0.707106781186548,0.));
#3191=DIRECTION('',(0.,0.,-1.));
#3192=DIRECTION('',(0.,0.,1.));
#3193=DIRECTION('center_axis',(0.,-1.,0.));
#3194=DIRECTION('ref_axis',(-1.,0.,0.));
#3195=DIRECTION('',(-1.,0.,0.));
#3196=DIRECTION('',(0.,0.,-1.));
#3197=DIRECTION('center_axis',(-1.,0.,0.));
#3198=DIRECTION('ref_axis',(0.,-0.707106781186529,-0.707106781186566));
#3199=DIRECTION('center_axis',(-1.,0.,0.));
#3200=DIRECTION('ref_axis',(0.,-0.707106781186529,-0.707106781186566));
#3201=DIRECTION('center_axis',(0.,1.,0.));
#3202=DIRECTION('ref_axis',(-0.707106781186579,0.,-0.707106781186516));
#3203=DIRECTION('',(0.,1.,0.));
#3204=DIRECTION('center_axis',(-1.,0.,0.));
#3205=DIRECTION('ref_axis',(0.,1.,0.));
#3206=DIRECTION('center_axis',(1.,0.,0.));
#3207=DIRECTION('ref_axis',(0.,-1.,0.));
#3208=DIRECTION('',(0.,0.,1.));
#3209=DIRECTION('',(0.,-1.,0.));
#3210=DIRECTION('center_axis',(0.,0.,1.));
#3211=DIRECTION('ref_axis',(-1.,0.,0.));
#3212=DIRECTION('',(0.,-1.,0.));
#3213=DIRECTION('center_axis',(1.,0.,0.));
#3214=DIRECTION('ref_axis',(0.,0.,1.));
#3215=DIRECTION('center_axis',(0.,0.,1.));
#3216=DIRECTION('ref_axis',(1.,0.,0.));
#3217=DIRECTION('center_axis',(1.,0.,0.));
#3218=DIRECTION('ref_axis',(0.,0.,1.));
#3219=DIRECTION('',(0.,0.,1.));
#3220=DIRECTION('',(0.,-1.,0.));
#3221=DIRECTION('center_axis',(0.,0.,1.));
#3222=DIRECTION('ref_axis',(-1.,0.,0.));
#3223=DIRECTION('',(-1.,0.,0.));
#3224=DIRECTION('center_axis',(-1.,0.,0.));
#3225=DIRECTION('ref_axis',(0.,0.,-1.));
#3226=DIRECTION('center_axis',(-1.,0.,0.));
#3227=DIRECTION('ref_axis',(0.,1.,0.));
#3228=DIRECTION('center_axis',(0.,-1.,0.));
#3229=DIRECTION('ref_axis',(1.,0.,0.));
#3230=CARTESIAN_POINT('',(0.,0.,0.));
#3231=CARTESIAN_POINT('Origin',(176.542017246368,-55.5849713881821,-15.509));
#3232=CARTESIAN_POINT('',(176.042017246368,-55.5849713881821,-9.86339827246));
#3233=CARTESIAN_POINT('',(176.042017246368,-55.5849713881821,-15.509));
#3234=CARTESIAN_POINT('',(176.042017246368,-55.5849713881821,-11.909));
#3235=CARTESIAN_POINT('',(176.542017246368,-55.5849713881821,-9.86339827246));
#3236=CARTESIAN_POINT('',(176.542017246368,-55.5849713881821,-9.86339827246));
#3237=CARTESIAN_POINT('',(176.542017246368,-55.5849713881821,-15.509));
#3238=CARTESIAN_POINT('',(176.542017246368,-55.5849713881821,-11.909));
#3239=CARTESIAN_POINT('',(163.542017246368,-55.5849713881821,-15.509));
#3240=CARTESIAN_POINT('Origin',(176.542017246368,-49.5406621056593,-9.86339827246));
#3241=CARTESIAN_POINT('',(176.042017246368,-49.5406621056593,-15.509));
#3242=CARTESIAN_POINT('',(176.042017246368,-49.5406621056593,-9.86339827246));
#3243=CARTESIAN_POINT('',(176.042017246368,-49.5406621056593,-9.08619913623));
#3244=CARTESIAN_POINT('',(176.542017246368,-49.5406621056593,-15.509));
#3245=CARTESIAN_POINT('',(163.542017246368,-49.5406621056593,-15.509));
#3246=CARTESIAN_POINT('',(176.542017246368,-49.5406621056593,-9.86339827246));
#3247=CARTESIAN_POINT('',(176.542017246368,-49.5406621056593,-9.08619913623));
#3248=CARTESIAN_POINT('',(176.542017246368,-49.5406621056593,-9.86339827246));
#3249=CARTESIAN_POINT('Origin',(176.542017246368,-55.5849713881821,-9.86339827246));
#3250=CARTESIAN_POINT('',(176.042017246368,-52.9345724121291,-9.86339827246));
#3251=CARTESIAN_POINT('',(176.542017246368,-51.3845724121291,-9.86339827246));
#3252=CARTESIAN_POINT('Origin',(150.542017246368,-63.2841734360761,-15.509));
#3253=CARTESIAN_POINT('',(176.542017246368,-79.1841734360761,-15.509));
#3254=CARTESIAN_POINT('',(176.542017246368,-47.1841734360761,-15.509));
#3255=CARTESIAN_POINT('',(176.342017246368,-79.3841734360761,-15.509));
#3256=CARTESIAN_POINT('Origin',(176.342017246368,-79.1841734360761,-15.509));
#3257=CARTESIAN_POINT('',(124.742017246368,-79.3841734360761,-15.509));
#3258=CARTESIAN_POINT('',(176.542017246368,-79.3841734360761,-15.509));
#3259=CARTESIAN_POINT('',(124.542017246368,-79.1841734360761,-15.509));
#3260=CARTESIAN_POINT('Origin',(124.742017246368,-79.1841734360761,-15.509));
#3261=CARTESIAN_POINT('',(124.542017246368,-47.3841734360761,-15.509));
#3262=CARTESIAN_POINT('',(124.542017246368,-79.3841734360761,-15.509));
#3263=CARTESIAN_POINT('',(124.742017246368,-47.1841734360761,-15.509));
#3264=CARTESIAN_POINT('Origin',(124.742017246368,-47.3841734360761,-15.509));
#3265=CARTESIAN_POINT('',(176.342017246368,-47.1841734360761,-15.509));
#3266=CARTESIAN_POINT('',(124.542017246368,-47.1841734360761,-15.509));
#3267=CARTESIAN_POINT('',(176.542017246368,-47.3841734360761,-15.509));
#3268=CARTESIAN_POINT('Origin',(176.342017246368,-47.3841734360761,-15.509));
#3269=CARTESIAN_POINT('',(176.542017246368,-47.1841734360761,-15.509));
#3270=CARTESIAN_POINT('',(176.042017246368,-47.9841734360761,-15.509));
#3271=CARTESIAN_POINT('',(176.042017246368,-55.1841734360761,-15.509));
#3272=CARTESIAN_POINT('',(175.842017246368,-47.7841734360761,-15.509));
#3273=CARTESIAN_POINT('Origin',(175.842017246368,-47.9841734360761,-15.509));
#3274=CARTESIAN_POINT('',(125.242017246368,-47.7841734360761,-15.509));
#3275=CARTESIAN_POINT('',(176.042017246368,-47.7841734360761,-15.509));
#3276=CARTESIAN_POINT('',(125.042017246368,-47.9841734360761,-15.509));
#3277=CARTESIAN_POINT('Origin',(125.242017246368,-47.9841734360761,-15.509));
#3278=CARTESIAN_POINT('',(125.042017246368,-78.5841734360761,-15.509));
#3279=CARTESIAN_POINT('',(125.042017246368,-47.7841734360761,-15.509));
#3280=CARTESIAN_POINT('',(125.242017246368,-78.7841734360761,-15.509));
#3281=CARTESIAN_POINT('Origin',(125.242017246368,-78.5841734360761,-15.509));
#3282=CARTESIAN_POINT('',(175.842017246368,-78.7841734360761,-15.509));
#3283=CARTESIAN_POINT('',(125.042017246368,-78.7841734360761,-15.509));
#3284=CARTESIAN_POINT('',(176.042017246368,-78.5841734360761,-15.509));
#3285=CARTESIAN_POINT('Origin',(175.842017246368,-78.5841734360761,-15.509));
#3286=CARTESIAN_POINT('',(176.042017246368,-55.1841734360761,-15.509));
#3287=CARTESIAN_POINT('Origin',(176.542017246368,-47.1841734360761,-8.309));
#3288=CARTESIAN_POINT('',(176.542017246368,-47.3841734360761,-14.309));
#3289=CARTESIAN_POINT('',(176.542017246368,-47.3841734360761,-8.309));
#3290=CARTESIAN_POINT('',(176.542017246368,-47.8841734360761,-14.309));
#3291=CARTESIAN_POINT('',(176.542017246368,-48.049025056102,-14.309));
#3292=CARTESIAN_POINT('',(176.542017246368,-47.8841734360761,-8.409));
#3293=CARTESIAN_POINT('',(176.542017246368,-47.8841734360761,-8.309));
#3294=CARTESIAN_POINT('',(176.542017246368,-78.5841734360761,-8.409));
#3295=CARTESIAN_POINT('',(176.542017246368,-55.4341734360761,-8.409));
#3296=CARTESIAN_POINT('',(176.542017246368,-78.5841734360761,-14.309));
#3297=CARTESIAN_POINT('',(176.542017246368,-78.5841734360761,-8.309));
#3298=CARTESIAN_POINT('',(176.542017246368,-79.1841734360761,-14.309));
#3299=CARTESIAN_POINT('',(176.542017246368,-67.1341734360761,-14.309));
#3300=CARTESIAN_POINT('',(176.542017246368,-79.1841734360761,-8.309));
#3301=CARTESIAN_POINT('Origin',(166.792017246368,-63.6841734360761,15.25));
#3302=CARTESIAN_POINT('',(124.542017246368,-46.6841734360761,15.25));
#3303=CARTESIAN_POINT('',(124.042017246368,-47.1841734360761,15.25));
#3304=CARTESIAN_POINT('Origin',(124.542017246368,-47.1841734360761,15.25));
#3305=CARTESIAN_POINT('',(124.042017246368,-80.1841734360761,15.25));
#3306=CARTESIAN_POINT('',(124.042017246368,-80.6841734360761,15.25));
#3307=CARTESIAN_POINT('',(124.542017246368,-80.6841734360761,15.25));
#3308=CARTESIAN_POINT('Origin',(124.542017246368,-80.1841734360761,15.25));
#3309=CARTESIAN_POINT('',(125.042017246368,-80.6841734360761,15.25));
#3310=CARTESIAN_POINT('',(209.542017246368,-80.6841734360761,15.25));
#3311=CARTESIAN_POINT('',(125.042017246368,-47.6841734360761,15.25));
#3312=CARTESIAN_POINT('',(125.042017246368,-79.6841734360761,15.25));
#3313=CARTESIAN_POINT('',(208.542017246368,-47.6841734360761,15.25));
#3314=CARTESIAN_POINT('',(125.042017246368,-47.6841734360761,15.25));
#3315=CARTESIAN_POINT('',(208.542017246368,-80.6841734360761,15.25));
#3316=CARTESIAN_POINT('',(208.542017246368,-79.6841734360761,15.25));
#3317=CARTESIAN_POINT('',(209.042017246368,-80.6841734360761,15.25));
#3318=CARTESIAN_POINT('',(209.542017246368,-80.6841734360761,15.25));
#3319=CARTESIAN_POINT('',(209.542017246368,-80.1841734360761,15.25));
#3320=CARTESIAN_POINT('Origin',(209.042017246368,-80.1841734360761,15.25));
#3321=CARTESIAN_POINT('',(209.542017246368,-47.1841734360761,15.25));
#3322=CARTESIAN_POINT('',(209.542017246368,-46.6841734360761,15.25));
#3323=CARTESIAN_POINT('',(209.042017246368,-46.6841734360761,15.25));
#3324=CARTESIAN_POINT('Origin',(209.042017246368,-47.1841734360761,15.25));
#3325=CARTESIAN_POINT('',(124.042017246368,-46.6841734360761,15.25));
#3326=CARTESIAN_POINT('Origin',(157.27575330584,-79.6841734360761,-0.0864213562373151));
#3327=CARTESIAN_POINT('',(157.27575330584,-79.6841734360761,-0.0864213562373151));
#3328=CARTESIAN_POINT('',(157.27575330584,-79.6841734360761,-7.309));
#3329=CARTESIAN_POINT('',(157.27575330584,-79.6841734360761,-3.94771067811866));
#3330=CARTESIAN_POINT('',(157.27575330584,-47.6841734360761,-0.0864213562373151));
#3331=CARTESIAN_POINT('',(157.27575330584,-63.6841734360761,-0.086421356237315));
#3332=CARTESIAN_POINT('',(157.27575330584,-47.6841734360761,-7.309));
#3333=CARTESIAN_POINT('',(157.27575330584,-47.6841734360761,-0.0864213562373151));
#3334=CARTESIAN_POINT('',(157.27575330584,-79.6841734360761,-7.309));
#3335=CARTESIAN_POINT('Origin',(125.042017246368,-79.6841734360761,-7.809));
#3336=CARTESIAN_POINT('',(125.042017246368,-79.6841734360761,-7.309));
#3337=CARTESIAN_POINT('',(208.542017246368,-79.6841734360761,-7.309));
#3338=CARTESIAN_POINT('',(125.042017246368,-79.6841734360761,-8.309));
#3339=CARTESIAN_POINT('',(125.042017246368,-79.6841734360761,-7.809));
#3340=CARTESIAN_POINT('',(208.542017246368,-79.6841734360761,-8.309));
#3341=CARTESIAN_POINT('',(208.542017246368,-79.6841734360761,-8.309));
#3342=CARTESIAN_POINT('',(208.542017246368,-79.6841734360761,-7.309));
#3343=CARTESIAN_POINT('',(208.542017246368,-79.6841734360761,-7.809));
#3344=CARTESIAN_POINT('',(160.940326354124,-79.6841734360761,-7.309));
#3345=CARTESIAN_POINT('',(208.542017246368,-79.6841734360761,-7.309));
#3346=CARTESIAN_POINT('',(160.940326354124,-79.6841734360761,-0.0864213562373151));
#3347=CARTESIAN_POINT('',(160.940326354124,-79.6841734360761,-0.086421356237315));
#3348=CARTESIAN_POINT('',(156.281559585269,-79.6841734360761,-0.086421356237315));
#3349=CARTESIAN_POINT('Origin',(206.951466792087,-47.6841734360761,1.69363287081463));
#3350=CARTESIAN_POINT('',(207.968705627441,-47.6841734360761,1.69363287081463));
#3351=CARTESIAN_POINT('',(206.951466792087,-47.6841734360761,1.69363287081463));
#3352=CARTESIAN_POINT('',(207.746742019228,-47.6841734360761,1.69363287081463));
#3353=CARTESIAN_POINT('',(207.968705627441,-79.6841734360761,1.69363287081463));
#3354=CARTESIAN_POINT('',(207.968705627441,-47.6841734360761,1.69363287081463));
#3355=CARTESIAN_POINT('',(206.951466792087,-79.6841734360761,1.69363287081463));
#3356=CARTESIAN_POINT('',(206.951466792087,-79.6841734360761,1.69363287081463));
#3357=CARTESIAN_POINT('',(206.951466792087,-47.6841734360761,1.69363287081463));
#3358=CARTESIAN_POINT('Origin',(206.951466792087,-47.6841734360761,2.49151333560156));
#3359=CARTESIAN_POINT('',(206.951466792087,-47.6841734360761,2.49151333560156));
#3360=CARTESIAN_POINT('',(206.951466792087,-47.6841734360761,-2.65874333219922));
#3361=CARTESIAN_POINT('',(206.951466792087,-79.6841734360761,2.49151333560156));
#3362=CARTESIAN_POINT('',(206.951466792087,-79.6841734360761,2.49151333560156));
#3363=CARTESIAN_POINT('',(206.951466792087,-47.6841734360761,2.49151333560156));
#3364=CARTESIAN_POINT('Origin',(208.542017246368,-47.6841734360761,2.49151333560156));
#3365=CARTESIAN_POINT('',(208.542017246368,-47.6841734360761,2.49151333560156));
#3366=CARTESIAN_POINT('',(208.542017246368,-47.6841734360761,2.49151333560156));
#3367=CARTESIAN_POINT('',(208.542017246368,-79.6841734360761,2.49151333560156));
#3368=CARTESIAN_POINT('',(208.542017246368,-79.6841734360761,2.49151333560156));
#3369=CARTESIAN_POINT('',(208.542017246368,-64.1841734360761,2.49151333560156));
#3370=CARTESIAN_POINT('Origin',(206.951466792087,-47.6841734360761,-1.10571045479375));
#3371=CARTESIAN_POINT('',(206.951466792087,-79.6841734360761,-0.220091449733257));
#3372=CARTESIAN_POINT('',(206.951466792087,-79.6841734360761,-1.10571045479375));
#3373=CARTESIAN_POINT('',(206.951466792087,-79.6841734360761,-4.45735522739688));
#3374=CARTESIAN_POINT('',(206.951466792087,-47.6841734360761,-0.220091449733257));
#3375=CARTESIAN_POINT('',(206.951466792087,-47.6841734360761,-0.220091449733257));
#3376=CARTESIAN_POINT('',(206.951466792087,-47.6841734360761,-1.10571045479375));
#3377=CARTESIAN_POINT('',(206.951466792087,-47.6841734360761,-0.220091449733257));
#3378=CARTESIAN_POINT('',(206.951466792087,-47.6841734360761,-1.10571045479375));
#3379=CARTESIAN_POINT('Origin',(208.542017246368,-47.6841734360761,-1.10571045479375));
#3380=CARTESIAN_POINT('',(208.542017246368,-79.6841734360761,-1.10571045479375));
#3381=CARTESIAN_POINT('',(166.792017246368,-79.6841734360761,-1.10571045479375));
#3382=CARTESIAN_POINT('',(208.542017246368,-47.6841734360761,-1.10571045479375));
#3383=CARTESIAN_POINT('',(206.951466792087,-47.6841734360761,-1.10571045479375));
#3384=CARTESIAN_POINT('',(208.542017246368,-47.6841734360761,-1.10571045479375));
#3385=CARTESIAN_POINT('Origin',(207.968705627441,-47.6841734360761,-0.220091449733257));
#3386=CARTESIAN_POINT('',(207.968705627441,-79.6841734360761,-0.220091449733256));
#3387=CARTESIAN_POINT('',(204.533272856747,-79.6841734360761,-0.220091449733257));
#3388=CARTESIAN_POINT('',(207.968705627441,-47.6841734360761,-0.220091449733257));
#3389=CARTESIAN_POINT('',(207.968705627441,-47.6841734360761,-0.220091449733257));
#3390=CARTESIAN_POINT('',(208.255361436905,-47.6841734360761,-0.220091449733256));
#3391=CARTESIAN_POINT('Origin',(125.042017246368,-79.6841734360761,-7.809));
#3392=CARTESIAN_POINT('',(208.542017246368,-79.6841734360761,-2.90412166609961));
#3393=CARTESIAN_POINT('',(207.968705627441,-79.6841734360761,1.51));
#3394=CARTESIAN_POINT('Origin',(166.792017246368,-63.6841734360761,-7.309));
#3395=CARTESIAN_POINT('',(208.542017246368,-47.6841734360761,-7.309));
#3396=CARTESIAN_POINT('',(160.940326354124,-47.6841734360761,-7.309));
#3397=CARTESIAN_POINT('',(125.042017246368,-47.6841734360761,-7.309));
#3398=CARTESIAN_POINT('',(160.940326354124,-55.6841734360761,-7.309));
#3399=CARTESIAN_POINT('',(208.542017246368,-47.6841734360761,-7.309));
#3400=CARTESIAN_POINT('Origin',(208.542017246368,-47.6841734360761,-7.809));
#3401=CARTESIAN_POINT('',(208.542017246368,-47.6841734360761,-7.809));
#3402=CARTESIAN_POINT('',(125.042017246368,-47.6841734360761,2.80623745700976));
#3403=CARTESIAN_POINT('',(125.042017246368,-47.6841734360761,-7.809));
#3404=CARTESIAN_POINT('',(127.841503784127,-47.6841734360761,2.80623745700976));
#3405=CARTESIAN_POINT('',(138.924809209637,-47.6841734360761,2.80623745700976));
#3406=CARTESIAN_POINT('',(127.841503784127,-47.6841734360761,1.67764147369403));
#3407=CARTESIAN_POINT('',(127.841503784127,-47.6841734360761,2.80623745700976));
#3408=CARTESIAN_POINT('',(126.985595666971,-47.6841734360761,1.67764147369403));
#3409=CARTESIAN_POINT('',(167.76380645667,-47.6841734360761,1.67764147369402));
#3410=CARTESIAN_POINT('',(126.985595666971,-47.6841734360761,-0.115888259317283));
#3411=CARTESIAN_POINT('',(126.985595666971,-47.6841734360761,-3.96244412965864));
#3412=CARTESIAN_POINT('',(127.841503784127,-47.6841734360761,-0.115888259317283));
#3413=CARTESIAN_POINT('',(173.366520866872,-47.6841734360761,-0.115888259317284));
#3414=CARTESIAN_POINT('',(127.841503784127,-47.6841734360761,-1.24488825931728));
#3415=CARTESIAN_POINT('',(127.841503784127,-47.6841734360761,-0.115888259317283));
#3416=CARTESIAN_POINT('',(125.042017246368,-47.6841734360761,-1.24488825931728));
#3417=CARTESIAN_POINT('',(127.841503784127,-47.6841734360761,-1.24488825931728));
#3418=CARTESIAN_POINT('',(125.042017246368,-47.6841734360761,-7.309));
#3419=CARTESIAN_POINT('',(125.042017246368,-47.6841734360761,-1.24488825931728));
#3420=CARTESIAN_POINT('',(125.042017246368,-47.6841734360761,-7.309));
#3421=CARTESIAN_POINT('',(160.940326354124,-47.6841734360761,-0.086421356237315));
#3422=CARTESIAN_POINT('',(184.741171800246,-47.6841734360761,-0.0864213562373151));
#3423=CARTESIAN_POINT('',(160.940326354124,-47.6841734360761,-7.559));
#3424=CARTESIAN_POINT('',(208.542017246368,-47.6841734360761,-7.309));
#3425=CARTESIAN_POINT('',(207.968705627441,-47.6841734360761,-3.1495));
#3426=CARTESIAN_POINT('Origin',(127.841503784127,-47.6841734360761,-1.24488825931728));
#3427=CARTESIAN_POINT('',(125.042017246368,-79.6841734360761,-1.24488825931728));
#3428=CARTESIAN_POINT('',(127.841503784127,-79.6841734360761,-1.24488825931728));
#3429=CARTESIAN_POINT('',(126.441760515248,-79.6841734360761,-1.24488825931728));
#3430=CARTESIAN_POINT('',(125.042017246368,-47.6841734360761,-1.24488825931728));
#3431=CARTESIAN_POINT('',(127.841503784127,-47.6841734360761,-1.24488825931728));
#3432=CARTESIAN_POINT('Origin',(127.841503784127,-47.6841734360761,-0.115888259317283));
#3433=CARTESIAN_POINT('',(127.841503784127,-79.6841734360761,-0.115888259317283));
#3434=CARTESIAN_POINT('',(127.841503784127,-79.6841734360761,-3.96244412965864));
#3435=CARTESIAN_POINT('',(127.841503784127,-47.6841734360761,-0.115888259317283));
#3436=CARTESIAN_POINT('Origin',(127.841503784127,-47.6841734360761,2.80623745700976));
#3437=CARTESIAN_POINT('',(127.841503784127,-79.6841734360761,1.67764147369403));
#3438=CARTESIAN_POINT('',(127.841503784127,-79.6841734360761,2.80623745700976));
#3439=CARTESIAN_POINT('',(127.841503784127,-79.6841734360761,-2.50138127149512));
#3440=CARTESIAN_POINT('',(127.841503784127,-47.6841734360761,1.67764147369403));
#3441=CARTESIAN_POINT('',(127.841503784127,-47.6841734360761,2.80623745700976));
#3442=CARTESIAN_POINT('Origin',(125.042017246368,-47.6841734360761,2.80623745700976));
#3443=CARTESIAN_POINT('',(125.042017246368,-79.6841734360761,2.80623745700976));
#3444=CARTESIAN_POINT('',(125.042017246368,-79.6841734360761,2.80623745700976));
#3445=CARTESIAN_POINT('',(125.042017246368,-47.6841734360761,2.80623745700976));
#3446=CARTESIAN_POINT('Origin',(126.985595666971,-47.6841734360761,1.67764147369403));
#3447=CARTESIAN_POINT('',(126.985595666971,-79.6841734360761,1.67764147369402));
#3448=CARTESIAN_POINT('',(126.985595666971,-79.6841734360761,1.67764147369403));
#3449=CARTESIAN_POINT('',(126.985595666971,-47.6841734360761,1.67764147369403));
#3450=CARTESIAN_POINT('Origin',(208.492017246368,-71.506917644789,-8.359));
#3451=CARTESIAN_POINT('',(208.542017246368,-75.8724218749717,-8.359));
#3452=CARTESIAN_POINT('',(208.542017246368,-78.6841734360761,-8.359));
#3453=CARTESIAN_POINT('',(208.542017246368,-71.506917644789,-8.359));
#3454=CARTESIAN_POINT('',(208.492017246368,-78.6841734360761,-8.309));
#3455=CARTESIAN_POINT('Origin',(208.492017246368,-78.6841734360761,-8.359));
#3456=CARTESIAN_POINT('',(208.492017246368,-75.8224218749717,-8.309));
#3457=CARTESIAN_POINT('',(208.492017246368,-71.506917644789,-8.309));
#3458=CARTESIAN_POINT('Origin',(208.492017246368,-75.8224218749717,-8.359));
#3459=CARTESIAN_POINT('Ctrl Pts',(209.042017246368,-78.9841734360761,-8.409));
#3460=CARTESIAN_POINT('Ctrl Pts',(209.042017246368,-78.9532864341052,-8.37446725024688));
#3461=CARTESIAN_POINT('Ctrl Pts',(209.065592843284,-78.8495581567714,-8.33666541760799));
#3462=CARTESIAN_POINT('Ctrl Pts',(209.082252609788,-78.755088083747,-8.31956825267291));
#3463=CARTESIAN_POINT('Ctrl Pts',(209.092017246368,-78.7008401027427,-8.31039867028167));
#3464=CARTESIAN_POINT('Ctrl Pts',(209.042017246368,-78.9841734360761,-8.409));
#3465=CARTESIAN_POINT('Ctrl Pts',(209.04036749936,-78.9514314350943,-8.38258795300354));
#3466=CARTESIAN_POINT('Ctrl Pts',(209.050368287445,-78.84866262762,-8.34821595578342));
#3467=CARTESIAN_POINT('Ctrl Pts',(209.059769325994,-78.7540629126097,-8.32452623199053));
#3468=CARTESIAN_POINT('Ctrl Pts',(209.065837307588,-78.7008401027427,-8.31039867028167));
#3469=CARTESIAN_POINT('Ctrl Pts',(209.042017246368,-78.9841734360761,-8.409));
#3470=CARTESIAN_POINT('Ctrl Pts',(209.042017246368,-78.9474379012108,-8.38390185674769));
#3471=CARTESIAN_POINT('Ctrl Pts',(209.042017246368,-78.8470567912766,-8.36594331674061));
#3472=CARTESIAN_POINT('Ctrl Pts',(209.042017246368,-78.7514382032214,-8.34650078881607));
#3473=CARTESIAN_POINT('Ctrl Pts',(209.042017246368,-78.6968700925394,-8.3338855673844));
#3474=CARTESIAN_POINT('Ctrl Pts',(209.042017246368,-78.9841734360761,-8.409));
#3475=CARTESIAN_POINT('Ctrl Pts',(209.042017246368,-78.945564671784,-8.39173361983358));
#3476=CARTESIAN_POINT('Ctrl Pts',(209.042017246368,-78.8453738332488,-8.38305737501822));
#3477=CARTESIAN_POINT('Ctrl Pts',(209.042017246368,-78.7481109499388,-8.36909815709186));
#3478=CARTESIAN_POINT('Ctrl Pts',(209.042017246368,-78.6925067694094,-8.35969933514084));
#3479=CARTESIAN_POINT('',(209.042017246368,-78.6925067694094,-8.35969933514084));
#3480=CARTESIAN_POINT('',(209.092017246368,-78.7008401027428,-8.31039867028167));
#3481=CARTESIAN_POINT('Origin',(209.092017246368,-78.6925067694094,-8.35969933514084));
#3482=CARTESIAN_POINT('',(209.042017246368,-78.9841734360761,-8.409));
#3483=CARTESIAN_POINT('Ctrl Pts',(209.092017246368,-78.7008401027427,-8.31039867028167));
#3484=CARTESIAN_POINT('Ctrl Pts',(209.082252609788,-78.755088083747,-8.31956825267291));
#3485=CARTESIAN_POINT('Ctrl Pts',(209.065592843284,-78.8495581567714,-8.33666541760799));
#3486=CARTESIAN_POINT('Ctrl Pts',(209.042017246368,-78.9532864341052,-8.37446725024688));
#3487=CARTESIAN_POINT('Ctrl Pts',(209.042017246368,-78.9841734360761,-8.409));
#3488=CARTESIAN_POINT('Ctrl Pts',(209.042017246368,-78.9841734360761,-8.409));
#3489=CARTESIAN_POINT('Ctrl Pts',(209.042017246368,-78.945564671784,-8.39173361983358));
#3490=CARTESIAN_POINT('Ctrl Pts',(209.042017246368,-78.8453738332488,-8.38305737501822));
#3491=CARTESIAN_POINT('Ctrl Pts',(209.042017246368,-78.7481109499388,-8.36909815709186));
#3492=CARTESIAN_POINT('Ctrl Pts',(209.042017246368,-78.6925067694094,-8.35969933514084));
#3493=CARTESIAN_POINT('Ctrl Pts',(209.092017246368,-78.7008401027428,-8.31039867028168));
#3494=CARTESIAN_POINT('Ctrl Pts',(209.092017246368,-78.6925654577661,-8.309));
#3495=CARTESIAN_POINT('Ctrl Pts',(209.092017246368,-78.6841734360761,-8.309));
#3496=CARTESIAN_POINT('Ctrl Pts',(209.042017246368,-78.7008401027428,-8.31039867028168));
#3497=CARTESIAN_POINT('Ctrl Pts',(209.042017246368,-78.6925654577661,-8.309));
#3498=CARTESIAN_POINT('Ctrl Pts',(209.042017246368,-78.6841734360761,-8.309));
#3499=CARTESIAN_POINT('Ctrl Pts',(209.042017246368,-78.6925067694094,-8.35969933514084));
#3500=CARTESIAN_POINT('Ctrl Pts',(209.042017246368,-78.6883694469211,-8.359));
#3501=CARTESIAN_POINT('Ctrl Pts',(209.042017246368,-78.6841734360761,-8.359));
#3502=CARTESIAN_POINT('',(209.042017246368,-78.6841734360761,-8.359));
#3503=CARTESIAN_POINT('',(209.092017246368,-78.6841734360761,-8.309));
#3504=CARTESIAN_POINT('Origin',(209.092017246368,-78.6841734360761,-8.359));
#3505=CARTESIAN_POINT('Origin',(209.092017246368,-78.6841734360761,-8.409));
#3506=CARTESIAN_POINT('Origin',(209.042017246368,-78.6841734360761,-8.409));
#3507=CARTESIAN_POINT('Origin',(209.092017246368,-71.2341734360761,-8.359));
#3508=CARTESIAN_POINT('',(209.092017246368,-75.8224218749717,-8.309));
#3509=CARTESIAN_POINT('',(209.092017246368,-71.2341734360761,-8.309));
#3510=CARTESIAN_POINT('',(209.042017246368,-75.8724218749717,-8.359));
#3511=CARTESIAN_POINT('',(209.042017246368,-71.2341734360761,-8.359));
#3512=CARTESIAN_POINT('Origin',(209.092017246368,-75.8224218749717,-8.359));
#3513=CARTESIAN_POINT('Origin',(187.667017246369,-75.822421874974,-8.359));
#3514=CARTESIAN_POINT('',(187.667017246369,-75.822421874974,-8.309));
#3515=CARTESIAN_POINT('',(187.667017246369,-75.872421874974,-8.359));
#3516=CARTESIAN_POINT('Ctrl Pts',(208.492017246368,-78.6841734360761,-8.309));
#3517=CARTESIAN_POINT('Ctrl Pts',(208.492017246368,-78.7841734360761,-8.309));
#3518=CARTESIAN_POINT('Ctrl Pts',(208.492017246368,-78.7841734360761,-8.409));
#3519=CARTESIAN_POINT('Ctrl Pts',(208.542017246368,-78.6841734360761,-8.309));
#3520=CARTESIAN_POINT('Ctrl Pts',(208.542017246368,-78.7841734360761,-8.309));
#3521=CARTESIAN_POINT('Ctrl Pts',(208.542017246368,-78.7841734360761,-8.409));
#3522=CARTESIAN_POINT('Ctrl Pts',(208.542017246368,-78.6841734360761,-8.359));
#3523=CARTESIAN_POINT('Ctrl Pts',(208.542017246368,-78.7341734360761,-8.359));
#3524=CARTESIAN_POINT('Ctrl Pts',(208.542017246368,-78.7341734360761,-8.409));
#3525=CARTESIAN_POINT('',(208.542017246368,-78.7341734360761,-8.409));
#3526=CARTESIAN_POINT('',(208.492017246368,-78.7841734360761,-8.409));
#3527=CARTESIAN_POINT('Origin',(208.492017246368,-78.7341734360761,-8.409));
#3528=CARTESIAN_POINT('Origin',(208.492017246368,-78.6841734360761,-8.409));
#3529=CARTESIAN_POINT('Origin',(208.542017246368,-78.6841734360761,-8.409));
#3530=CARTESIAN_POINT('Origin',(208.492017246368,-78.7341734360761,-8.309));
#3531=CARTESIAN_POINT('',(208.542017246368,-78.7341734360761,-14.309));
#3532=CARTESIAN_POINT('',(208.492017246368,-78.7841734360761,-14.309));
#3533=CARTESIAN_POINT('Origin',(208.492017246368,-78.7341734360761,-14.309));
#3534=CARTESIAN_POINT('',(208.492017246368,-78.7841734360761,-8.309));
#3535=CARTESIAN_POINT('',(208.542017246368,-78.7341734360761,-8.309));
#3536=CARTESIAN_POINT('Origin',(208.542017246368,-79.3296618535019,-8.309));
#3537=CARTESIAN_POINT('',(208.542017246368,-75.8724218749717,-14.309));
#3538=CARTESIAN_POINT('',(208.542017246368,-75.8724218749717,-8.309));
#3539=CARTESIAN_POINT('',(208.542017246368,-79.3296618535019,-14.309));
#3540=CARTESIAN_POINT('Origin',(208.542017246368,-75.8724218749717,-8.309));
#3541=CARTESIAN_POINT('',(209.042017246368,-75.8724218749717,-14.309));
#3542=CARTESIAN_POINT('',(209.042017246368,-75.8724218749717,-8.309));
#3543=CARTESIAN_POINT('',(208.542017246368,-75.8724218749717,-14.309));
#3544=CARTESIAN_POINT('Origin',(209.042017246368,-78.7841734360761,-8.309));
#3545=CARTESIAN_POINT('',(209.042017246368,-79.1841734360761,-8.409));
#3546=CARTESIAN_POINT('',(209.042017246368,-71.2341734360761,-8.409));
#3547=CARTESIAN_POINT('',(209.042017246368,-79.1841734360761,-14.309));
#3548=CARTESIAN_POINT('',(209.042017246368,-79.1841734360761,-8.309));
#3549=CARTESIAN_POINT('',(209.042017246368,-79.3296618535019,-14.309));
#3550=CARTESIAN_POINT('Ctrl Pts',(208.842017246368,-78.7841734360761,-8.409));
#3551=CARTESIAN_POINT('Ctrl Pts',(208.842017246368,-78.7841734360761,-8.38656005247436));
#3552=CARTESIAN_POINT('Ctrl Pts',(208.896909415356,-78.7658760464135,-8.33412740521917));
#3553=CARTESIAN_POINT('Ctrl Pts',(209.052257456266,-78.7140933661103,-8.309));
#3554=CARTESIAN_POINT('Ctrl Pts',(209.142017246368,-78.6841734360761,-8.309));
#3555=CARTESIAN_POINT('Ctrl Pts',(208.894377123928,-78.7841734360761,-8.409));
#3556=CARTESIAN_POINT('Ctrl Pts',(208.894377123928,-78.7841734360761,-8.39842251058894));
#3557=CARTESIAN_POINT('Ctrl Pts',(208.925729839478,-78.7890896024007,-8.35783817515303));
#3558=CARTESIAN_POINT('Ctrl Pts',(209.062230766277,-78.7240666761217,-8.309));
#3559=CARTESIAN_POINT('Ctrl Pts',(209.142017246368,-78.6841734360761,-8.309));
#3560=CARTESIAN_POINT('Ctrl Pts',(208.998506702499,-78.8276839799457,-8.409));
#3561=CARTESIAN_POINT('Ctrl Pts',(208.998506702499,-78.8276839799457,-8.4118979684191));
#3562=CARTESIAN_POINT('Ctrl Pts',(208.983752365548,-78.842438316896,-8.38252053518977));
#3563=CARTESIAN_POINT('Ctrl Pts',(209.0821773863,-78.7440132961444,-8.309));
#3564=CARTESIAN_POINT('Ctrl Pts',(209.142017246368,-78.6841734360761,-8.309));
#3565=CARTESIAN_POINT('Ctrl Pts',(209.042017246368,-78.9318135585163,-8.409));
#3566=CARTESIAN_POINT('Ctrl Pts',(209.042017246368,-78.9318135585163,-8.39842251058894));
#3567=CARTESIAN_POINT('Ctrl Pts',(209.037101080044,-78.9004608429668,-8.35783817515302));
#3568=CARTESIAN_POINT('Ctrl Pts',(209.102124006323,-78.7639599161673,-8.309));
#3569=CARTESIAN_POINT('Ctrl Pts',(209.142017246368,-78.6841734360761,-8.309));
#3570=CARTESIAN_POINT('Ctrl Pts',(209.042017246368,-78.9841734360761,-8.409));
#3571=CARTESIAN_POINT('Ctrl Pts',(209.042017246368,-78.9841734360761,-8.38656005247436));
#3572=CARTESIAN_POINT('Ctrl Pts',(209.060314636031,-78.9292812670884,-8.33412740521917));
#3573=CARTESIAN_POINT('Ctrl Pts',(209.112097316334,-78.7739332261786,-8.309));
#3574=CARTESIAN_POINT('Ctrl Pts',(209.142017246368,-78.6841734360761,-8.309));
#3575=CARTESIAN_POINT('',(209.142017246368,-78.6841734360761,-8.309));
#3576=CARTESIAN_POINT('Origin',(209.142017246368,-78.6841734360761,-8.409));
#3577=CARTESIAN_POINT('Origin',(209.142017246368,-78.6841734360761,-8.409));
#3578=CARTESIAN_POINT('Origin',(192.792017246368,-79.0841734360761,-14.309));
#3579=CARTESIAN_POINT('',(208.842017246368,-79.3841734360761,-14.309));
#3580=CARTESIAN_POINT('Origin',(208.842017246368,-79.1841734360761,-14.309));
#3581=CARTESIAN_POINT('',(176.342017246368,-79.3841734360761,-14.309));
#3582=CARTESIAN_POINT('',(176.542017246368,-79.3841734360761,-14.309));
#3583=CARTESIAN_POINT('Origin',(176.342017246368,-79.1841734360761,-14.309));
#3584=CARTESIAN_POINT('',(176.742017246368,-78.7841734360761,-14.309));
#3585=CARTESIAN_POINT('Origin',(176.742017246368,-78.5841734360761,-14.309));
#3586=CARTESIAN_POINT('',(176.542017246368,-78.7841734360761,-14.309));
#3587=CARTESIAN_POINT('Origin',(208.842017246368,-79.1841734360761,-8.309));
#3588=CARTESIAN_POINT('',(208.842017246368,-79.3841734360761,-8.409));
#3589=CARTESIAN_POINT('Origin',(208.842017246368,-79.1841734360761,-8.409));
#3590=CARTESIAN_POINT('',(208.842017246368,-79.3841734360761,-8.309));
#3591=CARTESIAN_POINT('Ctrl Pts',(209.042017246368,-79.1841734360761,-8.409));
#3592=CARTESIAN_POINT('Ctrl Pts',(209.042017246368,-79.1841734360761,-8.38656005247436));
#3593=CARTESIAN_POINT('Ctrl Pts',(209.060314650833,-79.2390656494698,-8.33412741755565));
#3594=CARTESIAN_POINT('Ctrl Pts',(209.112097316334,-79.3944136459735,-8.309));
#3595=CARTESIAN_POINT('Ctrl Pts',(209.142017246368,-79.4841734360761,-8.309));
#3596=CARTESIAN_POINT('Ctrl Pts',(209.042017246368,-79.2365333136359,-8.409));
#3597=CARTESIAN_POINT('Ctrl Pts',(209.042017246368,-79.2365333136359,-8.39842251058894));
#3598=CARTESIAN_POINT('Ctrl Pts',(209.037101069236,-79.2678860719728,-8.35783804817316));
#3599=CARTESIAN_POINT('Ctrl Pts',(209.102124006323,-79.4043869559849,-8.309));
#3600=CARTESIAN_POINT('Ctrl Pts',(209.142017246368,-79.4841734360761,-8.309));
#3601=CARTESIAN_POINT('Ctrl Pts',(208.998506673133,-79.3406628628406,-8.409));
#3602=CARTESIAN_POINT('Ctrl Pts',(208.998506673133,-79.3406628628406,-8.4118979684191));
#3603=CARTESIAN_POINT('Ctrl Pts',(208.98375242005,-79.3259086097576,-8.38252017162742));
#3604=CARTESIAN_POINT('Ctrl Pts',(209.0821773863,-79.4243335760077,-8.309));
#3605=CARTESIAN_POINT('Ctrl Pts',(209.142017246368,-79.484173436076,-8.309));
#3606=CARTESIAN_POINT('Ctrl Pts',(208.894377123928,-79.3841734360761,-8.409));
#3607=CARTESIAN_POINT('Ctrl Pts',(208.894377123928,-79.3841734360761,-8.39842251058894));
#3608=CARTESIAN_POINT('Ctrl Pts',(208.925729882265,-79.3792572589435,-8.35783804817316));
#3609=CARTESIAN_POINT('Ctrl Pts',(209.062230766277,-79.4442801960305,-8.309));
#3610=CARTESIAN_POINT('Ctrl Pts',(209.142017246368,-79.4841734360761,-8.309));
#3611=CARTESIAN_POINT('Ctrl Pts',(208.842017246368,-79.3841734360761,-8.409));
#3612=CARTESIAN_POINT('Ctrl Pts',(208.842017246368,-79.3841734360761,-8.38656005247436));
#3613=CARTESIAN_POINT('Ctrl Pts',(208.896909459762,-79.4024708405406,-8.33412741755566));
#3614=CARTESIAN_POINT('Ctrl Pts',(209.052257456266,-79.4542535060419,-8.309));
#3615=CARTESIAN_POINT('Ctrl Pts',(209.142017246368,-79.4841734360761,-8.309));
#3616=CARTESIAN_POINT('',(209.142017246368,-79.4841734360761,-8.309));
#3617=CARTESIAN_POINT('Origin',(209.142017246368,-79.4841734360761,-8.409));
#3618=CARTESIAN_POINT('Origin',(209.142017246368,-79.4841734360761,-8.409));
#3619=CARTESIAN_POINT('Origin',(171.667017246368,-78.6841734360761,-8.409));
#3620=CARTESIAN_POINT('',(171.667017246368,-78.6841734360761,-8.309));
#3621=CARTESIAN_POINT('Origin',(176.042017246368,-50.2841734360761,-8.309));
#3622=CARTESIAN_POINT('',(176.042017246368,-78.5841734360761,-8.409));
#3623=CARTESIAN_POINT('',(176.042017246368,-78.5841734360761,-8.309));
#3624=CARTESIAN_POINT('',(176.042017246368,-47.9841734360761,-8.409));
#3625=CARTESIAN_POINT('',(176.042017246368,-56.9841734360761,-8.409));
#3626=CARTESIAN_POINT('',(176.042017246368,-47.9841734360761,-8.309));
#3627=CARTESIAN_POINT('Ctrl Pts',(209.142017246368,-47.0841734360761,-8.309));
#3628=CARTESIAN_POINT('Ctrl Pts',(209.119577298843,-47.151493278653,-8.309));
#3629=CARTESIAN_POINT('Ctrl Pts',(209.06714378627,-47.3087938163722,-8.32729635140313));
#3630=CARTESIAN_POINT('Ctrl Pts',(209.042017246368,-47.3841734360761,-8.37908006996581));
#3631=CARTESIAN_POINT('Ctrl Pts',(209.042017246368,-47.3841734360761,-8.409));
#3632=CARTESIAN_POINT('Ctrl Pts',(209.142017246368,-47.0841734360761,-8.309));
#3633=CARTESIAN_POINT('Ctrl Pts',(209.112097316334,-47.1440132961445,-8.309));
#3634=CARTESIAN_POINT('Ctrl Pts',(209.04162458168,-47.2847977803075,-8.34621429643779));
#3635=CARTESIAN_POINT('Ctrl Pts',(209.042017246368,-47.3318135585163,-8.39489668078525));
#3636=CARTESIAN_POINT('Ctrl Pts',(209.042017246368,-47.3318135585163,-8.409));
#3637=CARTESIAN_POINT('Ctrl Pts',(209.142017246368,-47.0841734360761,-8.309));
#3638=CARTESIAN_POINT('Ctrl Pts',(209.097137351317,-47.1290533311274,-8.309));
#3639=CARTESIAN_POINT('Ctrl Pts',(208.989765667736,-47.2364250147086,-8.36543385973809));
#3640=CARTESIAN_POINT('Ctrl Pts',(208.998508768354,-47.2276819140906,-8.41286395789213));
#3641=CARTESIAN_POINT('Ctrl Pts',(208.998508768354,-47.2276819140906,-8.409));
#3642=CARTESIAN_POINT('Ctrl Pts',(209.142017246368,-47.0841734360761,-8.309));
#3643=CARTESIAN_POINT('Ctrl Pts',(209.0821773863,-47.1140933661103,-8.309));
#3644=CARTESIAN_POINT('Ctrl Pts',(208.941392902137,-47.1845661007648,-8.3462142964378));
#3645=CARTESIAN_POINT('Ctrl Pts',(208.894377123928,-47.1841734360761,-8.39489668078525));
#3646=CARTESIAN_POINT('Ctrl Pts',(208.894377123928,-47.1841734360761,-8.409));
#3647=CARTESIAN_POINT('Ctrl Pts',(209.142017246368,-47.0841734360761,-8.309));
#3648=CARTESIAN_POINT('Ctrl Pts',(209.074697403792,-47.1066133836017,-8.309));
#3649=CARTESIAN_POINT('Ctrl Pts',(208.917396866072,-47.1590468961748,-8.32729635140313));
#3650=CARTESIAN_POINT('Ctrl Pts',(208.842017246368,-47.1841734360761,-8.37908006996581));
#3651=CARTESIAN_POINT('Ctrl Pts',(208.842017246368,-47.1841734360761,-8.409));
#3652=CARTESIAN_POINT('',(209.042017246368,-47.3841734360761,-8.409));
#3653=CARTESIAN_POINT('',(208.842017246368,-47.1841734360761,-8.409));
#3654=CARTESIAN_POINT('Origin',(208.842017246368,-47.3841734360761,-8.409));
#3655=CARTESIAN_POINT('',(209.142017246368,-47.0841734360761,-8.309));
#3656=CARTESIAN_POINT('Origin',(209.142017246368,-47.0841734360761,-8.409));
#3657=CARTESIAN_POINT('Origin',(209.142017246368,-47.0841734360761,-8.409));
#3658=CARTESIAN_POINT('Origin',(208.842017246368,-47.3841734360761,-8.309));
#3659=CARTESIAN_POINT('',(209.042017246368,-47.3841734360761,-14.309));
#3660=CARTESIAN_POINT('',(208.842017246368,-47.1841734360761,-14.309));
#3661=CARTESIAN_POINT('Origin',(208.842017246368,-47.3841734360761,-14.309));
#3662=CARTESIAN_POINT('',(208.842017246368,-47.1841734360761,-8.309));
#3663=CARTESIAN_POINT('',(209.042017246368,-47.3841734360761,-8.309));
#3664=CARTESIAN_POINT('Origin',(192.792017246368,-48.9138766761279,-14.309));
#3665=CARTESIAN_POINT('',(209.042017246368,-50.4435799161797,-14.309));
#3666=CARTESIAN_POINT('',(209.042017246368,-47.1841734360761,-14.309));
#3667=CARTESIAN_POINT('',(208.842017246368,-50.6435799161797,-14.309));
#3668=CARTESIAN_POINT('Origin',(208.842017246368,-50.4435799161797,-14.309));
#3669=CARTESIAN_POINT('',(208.742017246368,-50.6435799161797,-14.309));
#3670=CARTESIAN_POINT('',(209.042017246368,-50.6435799161797,-14.309));
#3671=CARTESIAN_POINT('',(208.542017246368,-50.4435799161797,-14.309));
#3672=CARTESIAN_POINT('Origin',(208.742017246368,-50.4435799161797,-14.309));
#3673=CARTESIAN_POINT('',(208.542017246368,-47.8841734360761,-14.309));
#3674=CARTESIAN_POINT('',(208.542017246368,-50.6435799161797,-14.309));
#3675=CARTESIAN_POINT('',(208.342017246368,-47.6841734360761,-14.309));
#3676=CARTESIAN_POINT('Origin',(208.342017246368,-47.8841734360761,-14.309));
#3677=CARTESIAN_POINT('',(176.742017246368,-47.6841734360761,-14.309));
#3678=CARTESIAN_POINT('',(208.542017246368,-47.6841734360761,-14.309));
#3679=CARTESIAN_POINT('Origin',(176.742017246368,-47.8841734360761,-14.309));
#3680=CARTESIAN_POINT('',(176.342017246368,-47.1841734360761,-14.309));
#3681=CARTESIAN_POINT('Origin',(176.342017246368,-47.3841734360761,-14.309));
#3682=CARTESIAN_POINT('',(209.042017246368,-47.1841734360761,-14.309));
#3683=CARTESIAN_POINT('Origin',(209.042017246368,-47.1841734360761,-8.309));
#3684=CARTESIAN_POINT('',(209.042017246368,-50.4435799161797,-8.409));
#3685=CARTESIAN_POINT('',(209.042017246368,-55.4341734360761,-8.409));
#3686=CARTESIAN_POINT('',(209.042017246368,-50.4435799161797,-8.309));
#3687=CARTESIAN_POINT('Origin',(209.142017246368,-55.4341734360761,-8.409));
#3688=CARTESIAN_POINT('',(209.142017246368,-50.7435799161797,-8.309));
#3689=CARTESIAN_POINT('',(209.142017246368,-55.4341734360761,-8.309));
#3690=CARTESIAN_POINT('Origin',(209.142017246368,-50.7435799161797,-8.409));
#3691=CARTESIAN_POINT('Origin',(176.342017246368,-79.1841734360761,-8.309));
#3692=CARTESIAN_POINT('',(176.342017246368,-79.3841734360761,-8.309));
#3693=CARTESIAN_POINT('Origin',(176.542017246368,-79.3841734360761,-8.309));
#3694=CARTESIAN_POINT('',(124.742017246368,-79.3841734360761,-8.409));
#3695=CARTESIAN_POINT('',(171.667017246368,-79.3841734360761,-8.409));
#3696=CARTESIAN_POINT('',(124.742017246368,-79.3841734360761,-8.309));
#3697=CARTESIAN_POINT('Origin',(124.742017246368,-79.1841734360761,-8.309));
#3698=CARTESIAN_POINT('',(124.542017246368,-79.1841734360761,-8.409));
#3699=CARTESIAN_POINT('Origin',(124.742017246368,-79.1841734360761,-8.409));
#3700=CARTESIAN_POINT('',(124.542017246368,-79.1841734360761,-8.309));
#3701=CARTESIAN_POINT('Ctrl Pts',(124.742017246368,-79.3841734360761,-8.409));
#3702=CARTESIAN_POINT('Ctrl Pts',(124.742017246368,-79.3841734360761,-8.38656005247436));
#3703=CARTESIAN_POINT('Ctrl Pts',(124.687135150259,-79.4024674681125,-8.33412460686858));
#3704=CARTESIAN_POINT('Ctrl Pts',(124.531777036471,-79.4542535060419,-8.309));
#3705=CARTESIAN_POINT('Ctrl Pts',(124.442017246368,-79.4841734360761,-8.309));
#3706=CARTESIAN_POINT('Ctrl Pts',(124.689657368809,-79.3841734360761,-8.409));
#3707=CARTESIAN_POINT('Ctrl Pts',(124.689657368809,-79.3841734360761,-8.39842251058894));
#3708=CARTESIAN_POINT('Ctrl Pts',(124.65831435898,-79.3792597213747,-8.35786697869549));
#3709=CARTESIAN_POINT('Ctrl Pts',(124.52180372646,-79.4442801960305,-8.309));
#3710=CARTESIAN_POINT('Ctrl Pts',(124.442017246368,-79.4841734360761,-8.309));
#3711=CARTESIAN_POINT('Ctrl Pts',(124.585521065989,-79.3406696164553,-8.409));
#3712=CARTESIAN_POINT('Ctrl Pts',(124.585521065989,-79.3406696164553,-8.4118979684191));
#3713=CARTESIAN_POINT('Ctrl Pts',(124.600294627561,-79.3258960548837,-8.38260314768436));
#3714=CARTESIAN_POINT('Ctrl Pts',(124.501857106437,-79.4243335760077,-8.309));
#3715=CARTESIAN_POINT('Ctrl Pts',(124.442017246368,-79.484173436076,-8.309));
#3716=CARTESIAN_POINT('Ctrl Pts',(124.542017246368,-79.2365333136359,-8.409));
#3717=CARTESIAN_POINT('Ctrl Pts',(124.542017246368,-79.2365333136359,-8.39842251058894));
#3718=CARTESIAN_POINT('Ctrl Pts',(124.54693096107,-79.2678763234649,-8.35786697869549));
#3719=CARTESIAN_POINT('Ctrl Pts',(124.481910486414,-79.4043869559849,-8.309));
#3720=CARTESIAN_POINT('Ctrl Pts',(124.442017246368,-79.4841734360761,-8.309));
#3721=CARTESIAN_POINT('Ctrl Pts',(124.542017246368,-79.1841734360761,-8.409));
#3722=CARTESIAN_POINT('Ctrl Pts',(124.542017246368,-79.1841734360761,-8.38656005247436));
#3723=CARTESIAN_POINT('Ctrl Pts',(124.523723214332,-79.2390555321855,-8.33412460686858));
#3724=CARTESIAN_POINT('Ctrl Pts',(124.471937176403,-79.3944136459735,-8.309));
#3725=CARTESIAN_POINT('Ctrl Pts',(124.442017246368,-79.4841734360761,-8.309));
#3726=CARTESIAN_POINT('',(124.442017246368,-79.4841734360761,-8.309));
#3727=CARTESIAN_POINT('Origin',(124.442017246368,-79.4841734360761,-8.409));
#3728=CARTESIAN_POINT('Origin',(124.442017246368,-79.4841734360761,-8.409));
#3729=CARTESIAN_POINT('Origin',(171.667017246368,-79.4841734360761,-8.409));
#3730=CARTESIAN_POINT('',(171.667017246368,-79.4841734360761,-8.309));
#3731=CARTESIAN_POINT('Origin',(176.342017246368,-47.3841734360761,-8.309));
#3732=CARTESIAN_POINT('',(176.342017246368,-47.1841734360761,-8.309));
#3733=CARTESIAN_POINT('Origin',(124.542017246368,-47.1841734360761,-8.309));
#3734=CARTESIAN_POINT('',(124.742017246368,-47.1841734360761,-8.409));
#3735=CARTESIAN_POINT('',(124.742017246368,-47.1841734360761,-8.309));
#3736=CARTESIAN_POINT('',(145.667017246368,-47.1841734360761,-8.409));
#3737=CARTESIAN_POINT('Origin',(124.742017246368,-47.3841734360761,-8.309));
#3738=CARTESIAN_POINT('',(124.542017246368,-47.3841734360761,-8.409));
#3739=CARTESIAN_POINT('',(124.542017246368,-47.3841734360761,-8.309));
#3740=CARTESIAN_POINT('Origin',(124.742017246368,-47.3841734360761,-8.409));
#3741=CARTESIAN_POINT('Ctrl Pts',(124.542017246368,-47.3841734360761,-8.409));
#3742=CARTESIAN_POINT('Ctrl Pts',(124.542017246368,-47.3841734360761,-8.38656005247436));
#3743=CARTESIAN_POINT('Ctrl Pts',(124.523725223287,-47.329297366833,-8.33412293254227));
#3744=CARTESIAN_POINT('Ctrl Pts',(124.471937176403,-47.1739332261786,-8.309));
#3745=CARTESIAN_POINT('Ctrl Pts',(124.442017246368,-47.0841734360761,-8.309));
#3746=CARTESIAN_POINT('Ctrl Pts',(124.542017246368,-47.3318135585163,-8.409));
#3747=CARTESIAN_POINT('Ctrl Pts',(124.542017246368,-47.3318135585163,-8.39842251058894));
#3748=CARTESIAN_POINT('Ctrl Pts',(124.546929494199,-47.3004763558735,-8.35788421260775));
#3749=CARTESIAN_POINT('Ctrl Pts',(124.481910486414,-47.1639599161673,-8.309));
#3750=CARTESIAN_POINT('Ctrl Pts',(124.442017246368,-47.0841734360761,-8.309));
#3751=CARTESIAN_POINT('Ctrl Pts',(124.585516981763,-47.2276731714705,-8.409));
#3752=CARTESIAN_POINT('Ctrl Pts',(124.585516981763,-47.2276731714705,-8.4118979684191));
#3753=CARTESIAN_POINT('Ctrl Pts',(124.600302239747,-47.2424584294548,-8.38265271574926));
#3754=CARTESIAN_POINT('Ctrl Pts',(124.501857106437,-47.1440132961445,-8.309));
#3755=CARTESIAN_POINT('Ctrl Pts',(124.442017246368,-47.0841734360761,-8.309));
#3756=CARTESIAN_POINT('Ctrl Pts',(124.689657368809,-47.1841734360761,-8.409));
#3757=CARTESIAN_POINT('Ctrl Pts',(124.689657368809,-47.1841734360761,-8.39842251058894));
#3758=CARTESIAN_POINT('Ctrl Pts',(124.658320166166,-47.1890856839071,-8.35788421260774));
#3759=CARTESIAN_POINT('Ctrl Pts',(124.52180372646,-47.1240666761217,-8.309));
#3760=CARTESIAN_POINT('Ctrl Pts',(124.442017246368,-47.0841734360761,-8.309));
#3761=CARTESIAN_POINT('Ctrl Pts',(124.742017246368,-47.1841734360761,-8.409));
#3762=CARTESIAN_POINT('Ctrl Pts',(124.742017246368,-47.1841734360761,-8.38656005247436));
#3763=CARTESIAN_POINT('Ctrl Pts',(124.687141177125,-47.165881412995,-8.33412293254227));
#3764=CARTESIAN_POINT('Ctrl Pts',(124.531777036471,-47.1140933661103,-8.309));
#3765=CARTESIAN_POINT('Ctrl Pts',(124.442017246368,-47.0841734360761,-8.309));
#3766=CARTESIAN_POINT('',(124.442017246368,-47.0841734360761,-8.309));
#3767=CARTESIAN_POINT('Origin',(124.442017246368,-47.0841734360761,-8.409));
#3768=CARTESIAN_POINT('Origin',(124.442017246368,-47.0841734360761,-8.409));
#3769=CARTESIAN_POINT('Origin',(124.542017246368,-79.3841734360761,-8.309));
#3770=CARTESIAN_POINT('',(124.542017246368,-71.5341734360761,-8.409));
#3771=CARTESIAN_POINT('Ctrl Pts',(175.842017246368,-78.7841734360761,-8.409));
#3772=CARTESIAN_POINT('Ctrl Pts',(176.042017246368,-78.7841734360761,-8.409));
#3773=CARTESIAN_POINT('Ctrl Pts',(176.042017246368,-78.5841734360761,-8.409));
#3774=CARTESIAN_POINT('Ctrl Pts',(175.842017246368,-78.7841734360761,-8.30899999999998));
#3775=CARTESIAN_POINT('Ctrl Pts',(176.042017246368,-78.7841734360761,-8.30899999999998));
#3776=CARTESIAN_POINT('Ctrl Pts',(176.042017246368,-78.5841734360761,-8.30899999999998));
#3777=CARTESIAN_POINT('Ctrl Pts',(175.842017246368,-78.6841734360761,-8.309));
#3778=CARTESIAN_POINT('Ctrl Pts',(175.942017246368,-78.6841734360761,-8.309));
#3779=CARTESIAN_POINT('Ctrl Pts',(175.942017246368,-78.5841734360761,-8.309));
#3780=CARTESIAN_POINT('',(175.942017246368,-78.5841734360761,-8.309));
#3781=CARTESIAN_POINT('Origin',(175.942017246368,-78.5841734360761,-8.409));
#3782=CARTESIAN_POINT('',(175.842017246368,-78.7841734360761,-8.409));
#3783=CARTESIAN_POINT('Origin',(175.842017246368,-78.5841734360761,-8.409));
#3784=CARTESIAN_POINT('',(175.842017246368,-78.6841734360761,-8.309));
#3785=CARTESIAN_POINT('Origin',(175.842017246368,-78.6841734360761,-8.409));
#3786=CARTESIAN_POINT('Origin',(175.842017246368,-78.5841734360761,-8.309));
#3787=CARTESIAN_POINT('Origin',(175.842017246368,-78.5841734360761,-8.309));
#3788=CARTESIAN_POINT('',(175.842017246368,-78.7841734360761,-8.309));
#3789=CARTESIAN_POINT('Origin',(145.917017246368,-78.6841734360761,-8.409));
#3790=CARTESIAN_POINT('',(125.242017246368,-78.7841734360761,-8.409));
#3791=CARTESIAN_POINT('',(145.917017246368,-78.7841734360761,-8.409));
#3792=CARTESIAN_POINT('',(125.242017246368,-78.6841734360761,-8.309));
#3793=CARTESIAN_POINT('Origin',(125.242017246368,-78.6841734360761,-8.409));
#3794=CARTESIAN_POINT('',(145.917017246368,-78.6841734360761,-8.309));
#3795=CARTESIAN_POINT('Origin',(125.042017246368,-78.7841734360761,-8.309));
#3796=CARTESIAN_POINT('',(125.242017246368,-78.7841734360761,-8.309));
#3797=CARTESIAN_POINT('Ctrl Pts',(176.042017246369,-47.9841734360761,-8.409));
#3798=CARTESIAN_POINT('Ctrl Pts',(176.042017246369,-47.784173436076,-8.409));
#3799=CARTESIAN_POINT('Ctrl Pts',(175.842017246368,-47.784173436076,-8.409));
#3800=CARTESIAN_POINT('Ctrl Pts',(176.042017246369,-47.9841734360761,-8.30899999999995));
#3801=CARTESIAN_POINT('Ctrl Pts',(176.042017246369,-47.784173436076,-8.30899999999995));
#3802=CARTESIAN_POINT('Ctrl Pts',(175.842017246368,-47.784173436076,-8.30899999999995));
#3803=CARTESIAN_POINT('Ctrl Pts',(175.942017246368,-47.9841734360761,-8.309));
#3804=CARTESIAN_POINT('Ctrl Pts',(175.942017246368,-47.8841734360761,-8.309));
#3805=CARTESIAN_POINT('Ctrl Pts',(175.842017246368,-47.8841734360761,-8.309));
#3806=CARTESIAN_POINT('',(175.842017246368,-47.8841734360761,-8.309));
#3807=CARTESIAN_POINT('',(175.842017246368,-47.7841734360761,-8.409));
#3808=CARTESIAN_POINT('Origin',(175.842017246368,-47.8841734360761,-8.409));
#3809=CARTESIAN_POINT('Origin',(175.842017246368,-47.9841734360761,-8.409));
#3810=CARTESIAN_POINT('',(175.942017246368,-47.9841734360761,-8.309));
#3811=CARTESIAN_POINT('Origin',(175.942017246368,-47.9841734360761,-8.409));
#3812=CARTESIAN_POINT('Origin',(175.842017246368,-47.9841734360761,-8.309));
#3813=CARTESIAN_POINT('Origin',(175.842017246368,-47.9841734360761,-8.309));
#3814=CARTESIAN_POINT('',(175.842017246368,-47.7841734360761,-8.309));
#3815=CARTESIAN_POINT('Origin',(175.942017246368,-56.9841734360761,-8.409));
#3816=CARTESIAN_POINT('',(175.942017246368,-56.9841734360761,-8.309));
#3817=CARTESIAN_POINT('Ctrl Pts',(125.242017246368,-47.7841734360761,-8.409));
#3818=CARTESIAN_POINT('Ctrl Pts',(125.042017246368,-47.7841734360761,-8.409));
#3819=CARTESIAN_POINT('Ctrl Pts',(125.042017246368,-47.9841734360761,-8.409));
#3820=CARTESIAN_POINT('Ctrl Pts',(125.242017246368,-47.7841734360761,-8.309));
#3821=CARTESIAN_POINT('Ctrl Pts',(125.042017246368,-47.7841734360761,-8.309));
#3822=CARTESIAN_POINT('Ctrl Pts',(125.042017246368,-47.9841734360761,-8.309));
#3823=CARTESIAN_POINT('Ctrl Pts',(125.242017246368,-47.8841734360761,-8.309));
#3824=CARTESIAN_POINT('Ctrl Pts',(125.142017246368,-47.8841734360761,-8.309));
#3825=CARTESIAN_POINT('Ctrl Pts',(125.142017246368,-47.9841734360761,-8.309));
#3826=CARTESIAN_POINT('',(125.142017246368,-47.9841734360761,-8.309));
#3827=CARTESIAN_POINT('',(125.042017246368,-47.9841734360761,-8.409));
#3828=CARTESIAN_POINT('Origin',(125.142017246368,-47.9841734360761,-8.409));
#3829=CARTESIAN_POINT('',(125.242017246368,-47.7841734360761,-8.409));
#3830=CARTESIAN_POINT('Origin',(125.242017246368,-47.9841734360761,-8.409));
#3831=CARTESIAN_POINT('',(125.242017246368,-47.8841734360761,-8.309));
#3832=CARTESIAN_POINT('Origin',(125.242017246368,-47.8841734360761,-8.409));
#3833=CARTESIAN_POINT('Origin',(125.242017246368,-47.9841734360761,-8.309));
#3834=CARTESIAN_POINT('Origin',(125.242017246368,-47.9841734360761,-8.309));
#3835=CARTESIAN_POINT('',(125.042017246368,-47.9841734360761,-8.309));
#3836=CARTESIAN_POINT('',(125.242017246368,-47.7841734360761,-8.309));
#3837=CARTESIAN_POINT('Origin',(171.417017246368,-47.8841734360761,-8.409));
#3838=CARTESIAN_POINT('',(171.417017246368,-47.8841734360761,-8.309));
#3839=CARTESIAN_POINT('',(171.417017246368,-47.7841734360761,-8.409));
#3840=CARTESIAN_POINT('Origin',(176.042017246368,-47.7841734360761,-8.309));
#3841=CARTESIAN_POINT('Ctrl Pts',(125.042017246368,-78.5841734360761,-8.409));
#3842=CARTESIAN_POINT('Ctrl Pts',(125.042017246368,-78.7841734360761,-8.409));
#3843=CARTESIAN_POINT('Ctrl Pts',(125.242017246368,-78.7841734360761,-8.409));
#3844=CARTESIAN_POINT('Ctrl Pts',(125.042017246368,-78.5841734360761,-8.309));
#3845=CARTESIAN_POINT('Ctrl Pts',(125.042017246368,-78.7841734360761,-8.309));
#3846=CARTESIAN_POINT('Ctrl Pts',(125.242017246368,-78.7841734360761,-8.309));
#3847=CARTESIAN_POINT('Ctrl Pts',(125.142017246368,-78.5841734360761,-8.309));
#3848=CARTESIAN_POINT('Ctrl Pts',(125.142017246368,-78.6841734360761,-8.309));
#3849=CARTESIAN_POINT('Ctrl Pts',(125.242017246368,-78.6841734360761,-8.309));
#3850=CARTESIAN_POINT('',(125.042017246368,-78.5841734360761,-8.409));
#3851=CARTESIAN_POINT('Origin',(125.242017246368,-78.5841734360761,-8.409));
#3852=CARTESIAN_POINT('',(125.142017246368,-78.5841734360761,-8.309));
#3853=CARTESIAN_POINT('Origin',(125.142017246368,-78.5841734360761,-8.409));
#3854=CARTESIAN_POINT('Origin',(125.242017246368,-78.5841734360761,-8.309));
#3855=CARTESIAN_POINT('Origin',(125.242017246368,-78.5841734360761,-8.309));
#3856=CARTESIAN_POINT('',(125.042017246368,-78.5841734360761,-8.309));
#3857=CARTESIAN_POINT('Origin',(166.792017246368,-63.6841734360761,-8.309));
#3858=CARTESIAN_POINT('',(125.142017246368,-55.7341734360761,-8.309));
#3859=CARTESIAN_POINT('Origin',(125.142017246368,-55.7341734360761,-8.409));
#3860=CARTESIAN_POINT('',(125.042017246368,-55.7341734360761,-8.409));
#3861=CARTESIAN_POINT('Origin',(125.042017246368,-47.7841734360761,-8.309));
#3862=CARTESIAN_POINT('Ctrl Pts',(176.542017246368,-78.5841734360761,-8.409));
#3863=CARTESIAN_POINT('Ctrl Pts',(176.542017246368,-78.7841734360761,-8.409));
#3864=CARTESIAN_POINT('Ctrl Pts',(176.742017246368,-78.7841734360761,-8.409));
#3865=CARTESIAN_POINT('Ctrl Pts',(176.542017246368,-78.5841734360761,-8.30899999999995));
#3866=CARTESIAN_POINT('Ctrl Pts',(176.542017246368,-78.7841734360761,-8.30899999999995));
#3867=CARTESIAN_POINT('Ctrl Pts',(176.742017246368,-78.7841734360761,-8.30899999999995));
#3868=CARTESIAN_POINT('Ctrl Pts',(176.642017246368,-78.5841734360761,-8.309));
#3869=CARTESIAN_POINT('Ctrl Pts',(176.642017246368,-78.684173436076,-8.309));
#3870=CARTESIAN_POINT('Ctrl Pts',(176.742017246368,-78.684173436076,-8.309));
#3871=CARTESIAN_POINT('',(176.742017246368,-78.6841734360761,-8.309));
#3872=CARTESIAN_POINT('',(176.742017246368,-78.7841734360761,-8.409));
#3873=CARTESIAN_POINT('Origin',(176.742017246368,-78.6841734360761,-8.409));
#3874=CARTESIAN_POINT('Origin',(176.742017246368,-78.5841734360761,-8.409));
#3875=CARTESIAN_POINT('',(176.642017246368,-78.5841734360761,-8.309));
#3876=CARTESIAN_POINT('Origin',(176.642017246368,-78.5841734360761,-8.409));
#3877=CARTESIAN_POINT('Origin',(176.742017246368,-78.5841734360761,-8.309));
#3878=CARTESIAN_POINT('Origin',(176.742017246368,-78.5841734360761,-8.309));
#3879=CARTESIAN_POINT('',(176.742017246368,-78.7841734360761,-8.309));
#3880=CARTESIAN_POINT('Origin',(176.642017246368,-55.4341734360761,-8.409));
#3881=CARTESIAN_POINT('',(176.642017246368,-47.8841734360761,-8.309));
#3882=CARTESIAN_POINT('Origin',(176.642017246368,-47.8841734360761,-8.409));
#3883=CARTESIAN_POINT('',(176.642017246368,-55.4341734360761,-8.309));
#3884=CARTESIAN_POINT('Origin',(209.142017246368,-71.2341734360761,-8.409));
#3885=CARTESIAN_POINT('',(209.142017246368,-71.2341734360761,-8.309));
#3886=CARTESIAN_POINT('Origin',(176.542017246368,-78.7841734360761,-8.309));
#3887=CARTESIAN_POINT('',(171.667017246368,-78.7841734360761,-8.409));
#3888=CARTESIAN_POINT('Origin',(208.842017246368,-63.5559937428575,-8.309));
#3889=CARTESIAN_POINT('',(208.842017246368,-63.7559937428575,-14.309));
#3890=CARTESIAN_POINT('',(209.042017246368,-63.5559937428575,-14.309));
#3891=CARTESIAN_POINT('Origin',(208.842017246368,-63.5559937428575,-14.309));
#3892=CARTESIAN_POINT('',(209.042017246368,-63.5559937428575,-8.409));
#3893=CARTESIAN_POINT('',(209.042017246368,-63.5559937428575,-8.309));
#3894=CARTESIAN_POINT('',(208.842017246368,-63.7559937428575,-8.409));
#3895=CARTESIAN_POINT('Origin',(208.842017246368,-63.5559937428575,-8.409));
#3896=CARTESIAN_POINT('',(208.842017246368,-63.7559937428575,-8.309));
#3897=CARTESIAN_POINT('Ctrl Pts',(209.042017246368,-63.5559937428575,-8.409));
#3898=CARTESIAN_POINT('Ctrl Pts',(209.042017246368,-63.5559937428575,-8.38656005247436));
#3899=CARTESIAN_POINT('Ctrl Pts',(209.0603141655,-63.6108845002519,-8.33412701306387));
#3900=CARTESIAN_POINT('Ctrl Pts',(209.112097316334,-63.7662339527549,-8.309));
#3901=CARTESIAN_POINT('Ctrl Pts',(209.142017246368,-63.8559937428575,-8.309));
#3902=CARTESIAN_POINT('Ctrl Pts',(209.042017246368,-63.6083536204173,-8.409));
#3903=CARTESIAN_POINT('Ctrl Pts',(209.042017246368,-63.6083536204173,-8.39842251058894));
#3904=CARTESIAN_POINT('Ctrl Pts',(209.037101423609,-63.6397049758263,-8.35784221162447));
#3905=CARTESIAN_POINT('Ctrl Pts',(209.102124006323,-63.7762072627663,-8.309));
#3906=CARTESIAN_POINT('Ctrl Pts',(209.142017246368,-63.8559937428575,-8.309));
#3907=CARTESIAN_POINT('Ctrl Pts',(208.998507637249,-63.7124841337378,-8.409));
#3908=CARTESIAN_POINT('Ctrl Pts',(208.998507637249,-63.7124841337378,-8.4118979684191));
#3909=CARTESIAN_POINT('Ctrl Pts',(208.983750630287,-63.697727126776,-8.38253209508415));
#3910=CARTESIAN_POINT('Ctrl Pts',(209.0821773863,-63.7961538827891,-8.309));
#3911=CARTESIAN_POINT('Ctrl Pts',(209.142017246368,-63.8559937428575,-8.309));
#3912=CARTESIAN_POINT('Ctrl Pts',(208.894377123928,-63.7559937428575,-8.409));
#3913=CARTESIAN_POINT('Ctrl Pts',(208.894377123928,-63.7559937428575,-8.39842251058894));
#3914=CARTESIAN_POINT('Ctrl Pts',(208.925728479337,-63.7510779200985,-8.35784221162447));
#3915=CARTESIAN_POINT('Ctrl Pts',(209.062230766277,-63.8161005028119,-8.309));
#3916=CARTESIAN_POINT('Ctrl Pts',(209.142017246368,-63.8559937428575,-8.309));
#3917=CARTESIAN_POINT('Ctrl Pts',(208.842017246368,-63.7559937428575,-8.409));
#3918=CARTESIAN_POINT('Ctrl Pts',(208.842017246368,-63.7559937428575,-8.38656005247436));
#3919=CARTESIAN_POINT('Ctrl Pts',(208.896908003763,-63.774290661989,-8.33412701306387));
#3920=CARTESIAN_POINT('Ctrl Pts',(209.052257456266,-63.8260738128233,-8.309));
#3921=CARTESIAN_POINT('Ctrl Pts',(209.142017246368,-63.8559937428575,-8.309));
#3922=CARTESIAN_POINT('',(209.142017246368,-63.8559937428575,-8.309));
#3923=CARTESIAN_POINT('Origin',(209.142017246368,-63.8559937428575,-8.409));
#3924=CARTESIAN_POINT('Origin',(209.142017246368,-63.8559937428575,-8.409));
#3925=CARTESIAN_POINT('Origin',(209.142017246368,-62.2638766761279,-8.409));
#3926=CARTESIAN_POINT('',(209.042017246368,-61.0435799161796,-8.409));
#3927=CARTESIAN_POINT('',(209.042017246368,-62.2638766761279,-8.409));
#3928=CARTESIAN_POINT('',(209.142017246368,-60.7435799161796,-8.309));
#3929=CARTESIAN_POINT('Origin',(209.142017246368,-60.7435799161796,-8.409));
#3930=CARTESIAN_POINT('',(209.142017246368,-62.2638766761279,-8.309));
#3931=CARTESIAN_POINT('Origin',(209.042017246368,-60.8435799161796,-8.309));
#3932=CARTESIAN_POINT('',(209.042017246368,-61.0435799161796,-14.309));
#3933=CARTESIAN_POINT('',(209.042017246368,-63.7559937428575,-14.309));
#3934=CARTESIAN_POINT('',(209.042017246368,-61.0435799161796,-8.309));
#3935=CARTESIAN_POINT('Origin',(208.792017246368,-62.2997868295186,-14.309));
#3936=CARTESIAN_POINT('',(208.742017246368,-63.7559937428575,-14.309));
#3937=CARTESIAN_POINT('',(208.542017246368,-63.7559937428575,-14.309));
#3938=CARTESIAN_POINT('',(208.542017246368,-63.5559937428575,-14.309));
#3939=CARTESIAN_POINT('Origin',(208.742017246368,-63.5559937428575,-14.309));
#3940=CARTESIAN_POINT('',(208.542017246368,-61.0435799161797,-14.309));
#3941=CARTESIAN_POINT('',(208.542017246368,-63.7559937428575,-14.309));
#3942=CARTESIAN_POINT('',(208.742017246368,-60.8435799161796,-14.309));
#3943=CARTESIAN_POINT('Origin',(208.742017246368,-61.0435799161797,-14.309));
#3944=CARTESIAN_POINT('',(208.842017246368,-60.8435799161796,-14.309));
#3945=CARTESIAN_POINT('',(208.542017246368,-60.8435799161797,-14.309));
#3946=CARTESIAN_POINT('Origin',(208.842017246368,-61.0435799161796,-14.309));
#3947=CARTESIAN_POINT('Origin',(208.842017246368,-61.0435799161796,-8.309));
#3948=CARTESIAN_POINT('',(208.842017246368,-60.8435799161796,-8.409));
#3949=CARTESIAN_POINT('',(208.842017246368,-60.8435799161796,-8.309));
#3950=CARTESIAN_POINT('Origin',(208.842017246368,-61.0435799161796,-8.409));
#3951=CARTESIAN_POINT('Ctrl Pts',(208.842017246368,-60.8435799161796,-8.40900000000189));
#3952=CARTESIAN_POINT('Ctrl Pts',(208.842017246368,-60.8435799161801,-8.38656005247614));
#3953=CARTESIAN_POINT('Ctrl Pts',(208.896907725945,-60.825283089654,-8.33412693588421));
#3954=CARTESIAN_POINT('Ctrl Pts',(209.052257456265,-60.7734998462128,-8.30899999999966));
#3955=CARTESIAN_POINT('Ctrl Pts',(209.142017246368,-60.7435799161785,-8.309));
#3956=CARTESIAN_POINT('Ctrl Pts',(208.894377123928,-60.8435799161796,-8.40900000000149));
#3957=CARTESIAN_POINT('Ctrl Pts',(208.894377123928,-60.8435799161799,-8.39842251059039));
#3958=CARTESIAN_POINT('Ctrl Pts',(208.925728211646,-60.8484956713219,-8.35784300604469));
#3959=CARTESIAN_POINT('Ctrl Pts',(209.062230766277,-60.7834731562243,-8.30899999999974));
#3960=CARTESIAN_POINT('Ctrl Pts',(209.142017246369,-60.7435799161786,-8.309));
#3961=CARTESIAN_POINT('Ctrl Pts',(208.998507821505,-60.8870893410424,-8.40900000000078));
#3962=CARTESIAN_POINT('Ctrl Pts',(208.998507821505,-60.8870893410427,-8.4118979684199));
#3963=CARTESIAN_POINT('Ctrl Pts',(208.98375028814,-60.9018468744083,-8.38253437084949));
#3964=CARTESIAN_POINT('Ctrl Pts',(209.0821773863,-60.8034197762474,-8.30899999999986));
#3965=CARTESIAN_POINT('Ctrl Pts',(209.142017246369,-60.7435799161787,-8.309));
#3966=CARTESIAN_POINT('Ctrl Pts',(209.042017246368,-60.9912200386198,-8.40900000000066));
#3967=CARTESIAN_POINT('Ctrl Pts',(209.042017246368,-60.9912200386202,-8.39842251058955));
#3968=CARTESIAN_POINT('Ctrl Pts',(209.037101491226,-60.9598689509016,-8.35784300604453));
#3969=CARTESIAN_POINT('Ctrl Pts',(209.102124006323,-60.8233663962705,-8.30899999999986));
#3970=CARTESIAN_POINT('Ctrl Pts',(209.142017246369,-60.7435799161789,-8.309));
#3971=CARTESIAN_POINT('Ctrl Pts',(209.042017246368,-61.0435799161796,-8.40900000000077));
#3972=CARTESIAN_POINT('Ctrl Pts',(209.042017246368,-61.0435799161801,-8.38656005247502));
#3973=CARTESIAN_POINT('Ctrl Pts',(209.060314072894,-60.9886894366026,-8.33412693588397));
#3974=CARTESIAN_POINT('Ctrl Pts',(209.112097316335,-60.833339706282,-8.30899999999983));
#3975=CARTESIAN_POINT('Ctrl Pts',(209.142017246369,-60.743579916179,-8.309));
#3976=CARTESIAN_POINT('Origin',(209.142017246368,-60.7435799161796,-8.409));
#3977=CARTESIAN_POINT('Origin',(208.542017246368,-60.8435799161797,-8.309));
#3978=CARTESIAN_POINT('',(208.742017246368,-60.8435799161796,-8.409));
#3979=CARTESIAN_POINT('',(208.742017246368,-60.8435799161796,-8.309));
#3980=CARTESIAN_POINT('',(187.667017246368,-60.8435799161819,-8.409));
#3981=CARTESIAN_POINT('Ctrl Pts',(208.442017246368,-60.7435799161786,-8.309));
#3982=CARTESIAN_POINT('Ctrl Pts',(208.509337088946,-60.7660198637043,-8.30899999999975));
#3983=CARTESIAN_POINT('Ctrl Pts',(208.666636480329,-60.8184529941663,-8.32729680988386));
#3984=CARTESIAN_POINT('Ctrl Pts',(208.742017246369,-60.8435799161802,-8.37908006996755));
#3985=CARTESIAN_POINT('Ctrl Pts',(208.742017246368,-60.8435799161796,-8.40900000000189));
#3986=CARTESIAN_POINT('Ctrl Pts',(208.442017246368,-60.7435799161787,-8.309));
#3987=CARTESIAN_POINT('Ctrl Pts',(208.501857106437,-60.773499846213,-8.30899999999981));
#3988=CARTESIAN_POINT('Ctrl Pts',(208.642640282095,-60.8439722648464,-8.34621279751467));
#3989=CARTESIAN_POINT('Ctrl Pts',(208.689657368809,-60.8435799161801,-8.39489668078667));
#3990=CARTESIAN_POINT('Ctrl Pts',(208.689657368809,-60.8435799161796,-8.40900000000149));
#3991=CARTESIAN_POINT('Ctrl Pts',(208.442017246368,-60.7435799161789,-8.309));
#3992=CARTESIAN_POINT('Ctrl Pts',(208.48689714142,-60.7884598112303,-8.3089999999999));
#3993=CARTESIAN_POINT('Ctrl Pts',(208.594266675971,-60.8958293457826,-8.36542835493976));
#3994=CARTESIAN_POINT('Ctrl Pts',(208.585526638108,-60.8870893079196,-8.41286395789293));
#3995=CARTESIAN_POINT('Ctrl Pts',(208.585526638108,-60.8870893079193,-8.40900000000078));
#3996=CARTESIAN_POINT('Ctrl Pts',(208.442017246368,-60.743579916179,-8.309));
#3997=CARTESIAN_POINT('Ctrl Pts',(208.471937176402,-60.8034197762477,-8.3089999999999));
#3998=CARTESIAN_POINT('Ctrl Pts',(208.542409595035,-60.9442029519064,-8.34621279751475));
#3999=CARTESIAN_POINT('Ctrl Pts',(208.542017246368,-60.9912200386204,-8.39489668078584));
#4000=CARTESIAN_POINT('Ctrl Pts',(208.542017246368,-60.9912200386198,-8.40900000000066));
#4001=CARTESIAN_POINT('Ctrl Pts',(208.442017246368,-60.7435799161791,-8.309));
#4002=CARTESIAN_POINT('Ctrl Pts',(208.464457193894,-60.8108997587564,-8.30899999999988));
#4003=CARTESIAN_POINT('Ctrl Pts',(208.516890324355,-60.9681991501403,-8.32729680988396));
#4004=CARTESIAN_POINT('Ctrl Pts',(208.542017246369,-61.0435799161803,-8.37908006996643));
#4005=CARTESIAN_POINT('Ctrl Pts',(208.542017246368,-61.0435799161797,-8.40900000000076));
#4006=CARTESIAN_POINT('',(208.542017246368,-61.0435799161797,-8.409));
#4007=CARTESIAN_POINT('Origin',(208.742017246368,-61.0435799161797,-8.409));
#4008=CARTESIAN_POINT('',(208.442017246368,-60.7435799161797,-8.309));
#4009=CARTESIAN_POINT('Origin',(208.442017246368,-60.7435799161797,-8.409));
#4010=CARTESIAN_POINT('Origin',(208.442017246368,-60.7435799161797,-8.409));
#4011=CARTESIAN_POINT('Origin',(208.742017246368,-61.0435799161797,-8.309));
#4012=CARTESIAN_POINT('',(208.542017246368,-61.0435799161797,-8.309));
#4013=CARTESIAN_POINT('Origin',(187.667017246368,-60.7435799161819,-8.409));
#4014=CARTESIAN_POINT('',(187.667017246368,-60.7435799161819,-8.309));
#4015=CARTESIAN_POINT('Origin',(208.442017246368,-63.7200835894668,-8.409));
#4016=CARTESIAN_POINT('',(208.542017246368,-63.5559937428575,-8.409));
#4017=CARTESIAN_POINT('',(208.542017246368,-63.7200835894668,-8.409));
#4018=CARTESIAN_POINT('',(208.442017246368,-63.8559937428575,-8.309));
#4019=CARTESIAN_POINT('Origin',(208.442017246368,-63.8559937428575,-8.409));
#4020=CARTESIAN_POINT('',(208.442017246368,-63.7200835894668,-8.309));
#4021=CARTESIAN_POINT('Origin',(208.742017246368,-63.5559937428575,-8.309));
#4022=CARTESIAN_POINT('',(208.742017246368,-63.7559937428575,-8.409));
#4023=CARTESIAN_POINT('',(208.742017246368,-63.7559937428575,-8.309));
#4024=CARTESIAN_POINT('Origin',(208.742017246368,-63.5559937428575,-8.409));
#4025=CARTESIAN_POINT('',(208.542017246368,-63.5559937428575,-8.309));
#4026=CARTESIAN_POINT('Ctrl Pts',(208.742017246368,-63.7559937428575,-8.409));
#4027=CARTESIAN_POINT('Ctrl Pts',(208.742017246368,-63.7559937428575,-8.38656005247436));
#4028=CARTESIAN_POINT('Ctrl Pts',(208.687126528178,-63.7742906489211,-8.33412700217269));
#4029=CARTESIAN_POINT('Ctrl Pts',(208.531777036471,-63.8260738128233,-8.309));
#4030=CARTESIAN_POINT('Ctrl Pts',(208.442017246368,-63.8559937428575,-8.309));
#4031=CARTESIAN_POINT('Ctrl Pts',(208.689657368809,-63.7559937428575,-8.409));
#4032=CARTESIAN_POINT('Ctrl Pts',(208.689657368809,-63.7559937428575,-8.39842251058894));
#4033=CARTESIAN_POINT('Ctrl Pts',(208.658306051174,-63.7510779296402,-8.3578423237278));
#4034=CARTESIAN_POINT('Ctrl Pts',(208.52180372646,-63.8161005028119,-8.309));
#4035=CARTESIAN_POINT('Ctrl Pts',(208.442017246368,-63.8559937428575,-8.309));
#4036=CARTESIAN_POINT('Ctrl Pts',(208.585526829493,-63.7124841597332,-8.409));
#4037=CARTESIAN_POINT('Ctrl Pts',(208.585526829493,-63.7124841597332,-8.4118979684191));
#4038=CARTESIAN_POINT('Ctrl Pts',(208.600283910719,-63.6977270785071,-8.38253241621219));
#4039=CARTESIAN_POINT('Ctrl Pts',(208.501857106437,-63.7961538827891,-8.309));
#4040=CARTESIAN_POINT('Ctrl Pts',(208.442017246368,-63.8559937428575,-8.309));
#4041=CARTESIAN_POINT('Ctrl Pts',(208.542017246368,-63.6083536204173,-8.409));
#4042=CARTESIAN_POINT('Ctrl Pts',(208.542017246368,-63.6083536204173,-8.39842251058894));
#4043=CARTESIAN_POINT('Ctrl Pts',(208.546933059586,-63.6397049380517,-8.3578423237278));
#4044=CARTESIAN_POINT('Ctrl Pts',(208.481910486414,-63.7762072627663,-8.309));
#4045=CARTESIAN_POINT('Ctrl Pts',(208.442017246368,-63.8559937428575,-8.309));
#4046=CARTESIAN_POINT('Ctrl Pts',(208.542017246368,-63.5559937428575,-8.409));
#4047=CARTESIAN_POINT('Ctrl Pts',(208.542017246368,-63.5559937428575,-8.38656005247436));
#4048=CARTESIAN_POINT('Ctrl Pts',(208.523720340305,-63.6108844610483,-8.33412700217268));
#4049=CARTESIAN_POINT('Ctrl Pts',(208.471937176403,-63.7662339527549,-8.309));
#4050=CARTESIAN_POINT('Ctrl Pts',(208.442017246368,-63.8559937428575,-8.309));
#4051=CARTESIAN_POINT('Origin',(208.442017246368,-63.8559937428575,-8.409));
#4052=CARTESIAN_POINT('Origin',(187.917017246368,-63.8559937428575,-8.409));
#4053=CARTESIAN_POINT('',(187.917017246368,-63.8559937428575,-8.309));
#4054=CARTESIAN_POINT('',(187.917017246368,-63.7559937428575,-8.409));
#4055=CARTESIAN_POINT('Origin',(209.042017246368,-63.7559937428575,-8.309));
#4056=CARTESIAN_POINT('Ctrl Pts',(208.542017246368,-47.8841734360761,-8.409));
#4057=CARTESIAN_POINT('Ctrl Pts',(208.542017246368,-47.6841734360761,-8.409));
#4058=CARTESIAN_POINT('Ctrl Pts',(208.342017246368,-47.6841734360761,-8.409));
#4059=CARTESIAN_POINT('Ctrl Pts',(208.542017246368,-47.8841734360761,-8.30899999999998));
#4060=CARTESIAN_POINT('Ctrl Pts',(208.542017246368,-47.6841734360761,-8.30899999999998));
#4061=CARTESIAN_POINT('Ctrl Pts',(208.342017246368,-47.6841734360761,-8.30899999999998));
#4062=CARTESIAN_POINT('Ctrl Pts',(208.442017246368,-47.8841734360761,-8.309));
#4063=CARTESIAN_POINT('Ctrl Pts',(208.442017246368,-47.7841734360761,-8.309));
#4064=CARTESIAN_POINT('Ctrl Pts',(208.342017246368,-47.7841734360761,-8.309));
#4065=CARTESIAN_POINT('',(208.342017246368,-47.7841734360761,-8.309));
#4066=CARTESIAN_POINT('',(208.342017246368,-47.6841734360761,-8.409));
#4067=CARTESIAN_POINT('Origin',(208.342017246368,-47.7841734360761,-8.409));
#4068=CARTESIAN_POINT('',(208.542017246368,-47.8841734360761,-8.409));
#4069=CARTESIAN_POINT('Origin',(208.342017246368,-47.8841734360761,-8.409));
#4070=CARTESIAN_POINT('',(208.442017246368,-47.8841734360761,-8.309));
#4071=CARTESIAN_POINT('Origin',(208.442017246368,-47.8841734360761,-8.409));
#4072=CARTESIAN_POINT('Origin',(208.342017246368,-47.8841734360761,-8.309));
#4073=CARTESIAN_POINT('Origin',(208.342017246368,-47.8841734360761,-8.309));
#4074=CARTESIAN_POINT('',(208.342017246368,-47.6841734360761,-8.309));
#4075=CARTESIAN_POINT('',(208.542017246368,-47.8841734360761,-8.309));
#4076=CARTESIAN_POINT('Origin',(208.442017246368,-57.1638766761279,-8.409));
#4077=CARTESIAN_POINT('',(208.542017246368,-50.4435799161797,-8.409));
#4078=CARTESIAN_POINT('',(208.542017246368,-57.1638766761279,-8.409));
#4079=CARTESIAN_POINT('',(208.442017246368,-50.7435799161797,-8.309));
#4080=CARTESIAN_POINT('Origin',(208.442017246368,-50.7435799161797,-8.409));
#4081=CARTESIAN_POINT('',(208.442017246368,-57.1638766761279,-8.309));
#4082=CARTESIAN_POINT('Origin',(208.542017246368,-50.6435799161797,-8.309));
#4083=CARTESIAN_POINT('',(208.542017246368,-50.4435799161797,-8.309));
#4084=CARTESIAN_POINT('Ctrl Pts',(176.642017246368,-47.8841734360761,-8.309));
#4085=CARTESIAN_POINT('Ctrl Pts',(176.642017246368,-47.7841734360761,-8.309));
#4086=CARTESIAN_POINT('Ctrl Pts',(176.742017246368,-47.7841734360761,-8.309));
#4087=CARTESIAN_POINT('Ctrl Pts',(176.542017246368,-47.8841734360761,-8.30899999999998));
#4088=CARTESIAN_POINT('Ctrl Pts',(176.542017246368,-47.6841734360761,-8.30899999999998));
#4089=CARTESIAN_POINT('Ctrl Pts',(176.742017246368,-47.6841734360761,-8.30899999999998));
#4090=CARTESIAN_POINT('Ctrl Pts',(176.542017246368,-47.8841734360761,-8.409));
#4091=CARTESIAN_POINT('Ctrl Pts',(176.542017246368,-47.6841734360761,-8.409));
#4092=CARTESIAN_POINT('Ctrl Pts',(176.742017246368,-47.6841734360761,-8.409));
#4093=CARTESIAN_POINT('',(176.742017246368,-47.6841734360761,-8.409));
#4094=CARTESIAN_POINT('',(176.742017246368,-47.7841734360761,-8.309));
#4095=CARTESIAN_POINT('Origin',(176.742017246368,-47.7841734360761,-8.409));
#4096=CARTESIAN_POINT('Origin',(176.742017246368,-47.8841734360761,-8.309));
#4097=CARTESIAN_POINT('Origin',(176.742017246368,-47.8841734360761,-8.409));
#4098=CARTESIAN_POINT('Origin',(176.742017246368,-47.8841734360761,-8.309));
#4099=CARTESIAN_POINT('',(176.742017246368,-47.6841734360761,-8.309));
#4100=CARTESIAN_POINT('Origin',(166.792017246368,-63.6841734360761,-8.309));
#4101=CARTESIAN_POINT('',(124.542017246368,-46.9341734360761,-8.309));
#4102=CARTESIAN_POINT('',(124.292017246368,-47.1841734360761,-8.309));
#4103=CARTESIAN_POINT('Origin',(124.542017246368,-47.1841734360761,-8.309));
#4104=CARTESIAN_POINT('',(209.042017246368,-46.9341734360761,-8.309));
#4105=CARTESIAN_POINT('',(145.417017246368,-46.9341734360761,-8.309));
#4106=CARTESIAN_POINT('',(209.292017246368,-47.1841734360761,-8.309));
#4107=CARTESIAN_POINT('Origin',(209.042017246368,-47.1841734360761,-8.309));
#4108=CARTESIAN_POINT('',(209.292017246368,-80.1841734360761,-8.309));
#4109=CARTESIAN_POINT('',(209.292017246368,-55.1841734360761,-8.309));
#4110=CARTESIAN_POINT('',(209.042017246368,-80.4341734360761,-8.309));
#4111=CARTESIAN_POINT('Origin',(209.042017246368,-80.1841734360761,-8.309));
#4112=CARTESIAN_POINT('',(208.542017246368,-80.4341734360761,-8.309));
#4113=CARTESIAN_POINT('',(188.167017246368,-80.4341734360761,-8.309));
#4114=CARTESIAN_POINT('',(208.542017246368,-79.6841734360761,-8.309));
#4115=CARTESIAN_POINT('',(125.042017246368,-80.4341734360761,-8.309));
#4116=CARTESIAN_POINT('',(125.042017246368,-79.6841734360761,-8.309));
#4117=CARTESIAN_POINT('',(124.542017246368,-80.4341734360761,-8.309));
#4118=CARTESIAN_POINT('',(145.917017246368,-80.4341734360761,-8.309));
#4119=CARTESIAN_POINT('',(124.292017246368,-80.1841734360761,-8.309));
#4120=CARTESIAN_POINT('Origin',(124.542017246368,-80.1841734360761,-8.309));
#4121=CARTESIAN_POINT('',(124.292017246368,-72.1841734360761,-8.309));
#4122=CARTESIAN_POINT('',(171.667017246368,-78.6841734360761,-8.309));
#4123=CARTESIAN_POINT('',(187.667017246368,-47.7841734360761,-8.309));
#4124=CARTESIAN_POINT('',(187.917017246368,-50.7435799161797,-8.309));
#4125=CARTESIAN_POINT('',(145.667017246368,-47.0841734360761,-8.309));
#4126=CARTESIAN_POINT('',(124.442017246368,-71.5341734360761,-8.309));
#4127=CARTESIAN_POINT('Origin',(187.667017246368,-47.7841734360761,-8.409));
#4128=CARTESIAN_POINT('',(187.667017246368,-47.6841734360761,-8.409));
#4129=CARTESIAN_POINT('Origin',(208.542017246368,-47.6841734360761,-8.309));
#4130=CARTESIAN_POINT('Origin',(208.742017246368,-50.4435799161797,-8.309));
#4131=CARTESIAN_POINT('',(208.742017246368,-50.6435799161797,-8.409));
#4132=CARTESIAN_POINT('',(208.742017246368,-50.6435799161797,-8.309));
#4133=CARTESIAN_POINT('Origin',(208.742017246368,-50.4435799161797,-8.409));
#4134=CARTESIAN_POINT('Ctrl Pts',(208.742017246368,-50.6435799161797,-8.409));
#4135=CARTESIAN_POINT('Ctrl Pts',(208.742017246368,-50.6435799161797,-8.38656005247436));
#4136=CARTESIAN_POINT('Ctrl Pts',(208.687127872148,-50.6618763742533,-8.33412662880381));
#4137=CARTESIAN_POINT('Ctrl Pts',(208.531777036471,-50.7136599861455,-8.309));
#4138=CARTESIAN_POINT('Ctrl Pts',(208.442017246368,-50.7435799161797,-8.309));
#4139=CARTESIAN_POINT('Ctrl Pts',(208.689657368809,-50.6435799161797,-8.409));
#4140=CARTESIAN_POINT('Ctrl Pts',(208.689657368809,-50.6435799161797,-8.39842251058894));
#4141=CARTESIAN_POINT('Ctrl Pts',(208.658307346156,-50.6386644300693,-8.35784616682954));
#4142=CARTESIAN_POINT('Ctrl Pts',(208.52180372646,-50.7036866761341,-8.309));
#4143=CARTESIAN_POINT('Ctrl Pts',(208.442017246368,-50.7435799161797,-8.309));
#4144=CARTESIAN_POINT('Ctrl Pts',(208.585525937179,-50.6000712253687,-8.409));
#4145=CARTESIAN_POINT('Ctrl Pts',(208.585525937179,-50.6000712253687,-8.4118979684191));
#4146=CARTESIAN_POINT('Ctrl Pts',(208.600285567962,-50.5853115945861,-8.38254342766235));
#4147=CARTESIAN_POINT('Ctrl Pts',(208.501857106437,-50.6837400561113,-8.309));
#4148=CARTESIAN_POINT('Ctrl Pts',(208.442017246368,-50.7435799161797,-8.309));
#4149=CARTESIAN_POINT('Ctrl Pts',(208.542017246368,-50.4959397937395,-8.409));
#4150=CARTESIAN_POINT('Ctrl Pts',(208.542017246368,-50.4959397937395,-8.39842251058894));
#4151=CARTESIAN_POINT('Ctrl Pts',(208.546932732479,-50.5272898163918,-8.35784616682954));
#4152=CARTESIAN_POINT('Ctrl Pts',(208.481910486414,-50.6637934360885,-8.309));
#4153=CARTESIAN_POINT('Ctrl Pts',(208.442017246368,-50.7435799161797,-8.309));
#4154=CARTESIAN_POINT('Ctrl Pts',(208.542017246368,-50.4435799161797,-8.409));
#4155=CARTESIAN_POINT('Ctrl Pts',(208.542017246368,-50.4435799161797,-8.38656005247436));
#4156=CARTESIAN_POINT('Ctrl Pts',(208.523720788295,-50.4984692904005,-8.33412662880381));
#4157=CARTESIAN_POINT('Ctrl Pts',(208.471937176403,-50.6538201260771,-8.309));
#4158=CARTESIAN_POINT('Ctrl Pts',(208.442017246368,-50.7435799161797,-8.309));
#4159=CARTESIAN_POINT('Origin',(208.442017246368,-50.7435799161797,-8.409));
#4160=CARTESIAN_POINT('Origin',(187.917017246368,-50.7435799161797,-8.409));
#4161=CARTESIAN_POINT('',(208.842017246368,-50.6435799161797,-8.409));
#4162=CARTESIAN_POINT('',(187.917017246368,-50.6435799161797,-8.409));
#4163=CARTESIAN_POINT('Origin',(209.142017246368,-50.7435799161797,-8.409));
#4164=CARTESIAN_POINT('Origin',(209.042017246368,-50.6435799161797,-8.309));
#4165=CARTESIAN_POINT('',(208.842017246368,-50.6435799161797,-8.309));
#4166=CARTESIAN_POINT('Origin',(208.842017246368,-50.4435799161797,-8.309));
#4167=CARTESIAN_POINT('Origin',(208.842017246368,-50.4435799161797,-8.409));
#4168=CARTESIAN_POINT('Ctrl Pts',(209.042017246368,-50.4435799161797,-8.409));
#4169=CARTESIAN_POINT('Ctrl Pts',(209.042017246368,-50.4435799161797,-8.38656005247436));
#4170=CARTESIAN_POINT('Ctrl Pts',(209.060313718696,-50.4984693331623,-8.3341266406835));
#4171=CARTESIAN_POINT('Ctrl Pts',(209.112097316334,-50.6538201260771,-8.309));
#4172=CARTESIAN_POINT('Ctrl Pts',(209.142017246368,-50.7435799161797,-8.309));
#4173=CARTESIAN_POINT('Ctrl Pts',(209.042017246368,-50.4959397937395,-8.409));
#4174=CARTESIAN_POINT('Ctrl Pts',(209.042017246368,-50.4959397937395,-8.39842251058894));
#4175=CARTESIAN_POINT('Ctrl Pts',(209.03710174985,-50.5272898575949,-8.35784604455148));
#4176=CARTESIAN_POINT('Ctrl Pts',(209.102124006323,-50.6637934360885,-8.309));
#4177=CARTESIAN_POINT('Ctrl Pts',(209.142017246368,-50.7435799161797,-8.309));
#4178=CARTESIAN_POINT('Ctrl Pts',(208.998508527132,-50.6000711969432,-8.409));
#4179=CARTESIAN_POINT('Ctrl Pts',(208.998508527132,-50.6000711969432,-8.4118979684191));
#4180=CARTESIAN_POINT('Ctrl Pts',(208.983748977579,-50.5853116473904,-8.38254307722684));
#4181=CARTESIAN_POINT('Ctrl Pts',(209.0821773863,-50.6837400561113,-8.309));
#4182=CARTESIAN_POINT('Ctrl Pts',(209.142017246368,-50.7435799161797,-8.309));
#4183=CARTESIAN_POINT('Ctrl Pts',(208.894377123928,-50.6435799161797,-8.409));
#4184=CARTESIAN_POINT('Ctrl Pts',(208.894377123928,-50.6435799161797,-8.39842251058894));
#4185=CARTESIAN_POINT('Ctrl Pts',(208.925727187784,-50.6386644196615,-8.35784604455149));
#4186=CARTESIAN_POINT('Ctrl Pts',(209.062230766277,-50.7036866761341,-8.309));
#4187=CARTESIAN_POINT('Ctrl Pts',(209.142017246368,-50.7435799161797,-8.309));
#4188=CARTESIAN_POINT('Ctrl Pts',(208.842017246368,-50.6435799161797,-8.409));
#4189=CARTESIAN_POINT('Ctrl Pts',(208.842017246368,-50.6435799161797,-8.38656005247436));
#4190=CARTESIAN_POINT('Ctrl Pts',(208.896906663351,-50.6618763885072,-8.33412664068351));
#4191=CARTESIAN_POINT('Ctrl Pts',(209.052257456266,-50.7136599861455,-8.309));
#4192=CARTESIAN_POINT('Ctrl Pts',(209.142017246368,-50.7435799161797,-8.309));
#4193=CARTESIAN_POINT('Origin',(145.667017246368,-47.0841734360761,-8.409));
#4194=CARTESIAN_POINT('Origin',(124.442017246368,-71.5341734360761,-8.409));
#4195=CARTESIAN_POINT('Origin',(171.667017246368,-78.6841734360761,-8.409));
#4196=CARTESIAN_POINT('Origin',(208.542017246368,-63.7559937428575,-8.309));
#4197=CARTESIAN_POINT('Ctrl Pts',(124.042017246368,-47.1841734360761,-8.059));
#4198=CARTESIAN_POINT('Ctrl Pts',(124.042017246368,-46.6841734360761,-8.059));
#4199=CARTESIAN_POINT('Ctrl Pts',(124.542017246368,-46.6841734360761,-8.059));
#4200=CARTESIAN_POINT('Ctrl Pts',(124.042017246368,-47.1841734360761,-8.30900000000001));
#4201=CARTESIAN_POINT('Ctrl Pts',(124.042017246368,-46.6841734360761,-8.30900000000001));
#4202=CARTESIAN_POINT('Ctrl Pts',(124.542017246368,-46.6841734360761,-8.30900000000001));
#4203=CARTESIAN_POINT('Ctrl Pts',(124.292017246368,-47.1841734360761,-8.309));
#4204=CARTESIAN_POINT('Ctrl Pts',(124.292017246368,-46.9341734360761,-8.309));
#4205=CARTESIAN_POINT('Ctrl Pts',(124.542017246368,-46.9341734360761,-8.309));
#4206=CARTESIAN_POINT('',(124.542017246368,-46.6841734360761,-8.059));
#4207=CARTESIAN_POINT('Origin',(124.542017246368,-46.9341734360761,-8.059));
#4208=CARTESIAN_POINT('',(124.042017246368,-47.1841734360761,-8.059));
#4209=CARTESIAN_POINT('Origin',(124.292017246368,-47.1841734360761,-8.059));
#4210=CARTESIAN_POINT('Origin',(124.542017246368,-47.1841734360761,-8.059));
#4211=CARTESIAN_POINT('Origin',(124.542017246368,-47.1841734360761,-7.809));
#4212=CARTESIAN_POINT('',(124.542017246368,-46.6841734360761,-7.809));
#4213=CARTESIAN_POINT('',(124.042017246368,-47.1841734360761,-7.809));
#4214=CARTESIAN_POINT('Origin',(145.417017246368,-46.9341734360761,-8.059));
#4215=CARTESIAN_POINT('',(209.042017246368,-46.6841734360761,-8.059));
#4216=CARTESIAN_POINT('',(145.417017246368,-46.6841734360761,-8.059));
#4217=CARTESIAN_POINT('Origin',(209.042017246368,-46.9341734360761,-8.059));
#4218=CARTESIAN_POINT('Origin',(124.042017246368,-46.6841734360761,-7.809));
#4219=CARTESIAN_POINT('',(209.042017246368,-46.6841734360761,-7.809));
#4220=CARTESIAN_POINT('Ctrl Pts',(209.042017246368,-46.6841734360761,-8.059));
#4221=CARTESIAN_POINT('Ctrl Pts',(209.542017246368,-46.6841734360761,-8.059));
#4222=CARTESIAN_POINT('Ctrl Pts',(209.542017246368,-47.1841734360761,-8.059));
#4223=CARTESIAN_POINT('Ctrl Pts',(209.042017246368,-46.6841734360761,-8.30900000000002));
#4224=CARTESIAN_POINT('Ctrl Pts',(209.542017246368,-46.6841734360761,-8.30900000000002));
#4225=CARTESIAN_POINT('Ctrl Pts',(209.542017246368,-47.1841734360761,-8.30900000000002));
#4226=CARTESIAN_POINT('Ctrl Pts',(209.042017246368,-46.9341734360761,-8.309));
#4227=CARTESIAN_POINT('Ctrl Pts',(209.292017246368,-46.9341734360761,-8.309));
#4228=CARTESIAN_POINT('Ctrl Pts',(209.292017246368,-47.1841734360761,-8.309));
#4229=CARTESIAN_POINT('',(209.542017246368,-47.1841734360761,-8.059));
#4230=CARTESIAN_POINT('Origin',(209.292017246368,-47.1841734360761,-8.059));
#4231=CARTESIAN_POINT('Origin',(209.042017246368,-47.1841734360761,-8.059));
#4232=CARTESIAN_POINT('Origin',(209.042017246368,-47.1841734360761,-7.809));
#4233=CARTESIAN_POINT('',(209.542017246368,-47.1841734360761,-7.809));
#4234=CARTESIAN_POINT('Origin',(209.292017246368,-55.1841734360761,-8.059));
#4235=CARTESIAN_POINT('',(209.542017246368,-80.1841734360761,-8.059));
#4236=CARTESIAN_POINT('',(209.542017246368,-55.1841734360761,-8.059));
#4237=CARTESIAN_POINT('Origin',(209.292017246368,-80.1841734360761,-8.059));
#4238=CARTESIAN_POINT('Origin',(209.542017246368,-46.6841734360761,-7.809));
#4239=CARTESIAN_POINT('',(209.542017246368,-80.1841734360761,-7.809));
#4240=CARTESIAN_POINT('Ctrl Pts',(209.542017246368,-80.1841734360761,-8.059));
#4241=CARTESIAN_POINT('Ctrl Pts',(209.542017246368,-80.6841734360761,-8.059));
#4242=CARTESIAN_POINT('Ctrl Pts',(209.042017246368,-80.6841734360761,-8.059));
#4243=CARTESIAN_POINT('Ctrl Pts',(209.542017246368,-80.1841734360761,-8.30900000000002));
#4244=CARTESIAN_POINT('Ctrl Pts',(209.542017246368,-80.6841734360761,-8.30900000000002));
#4245=CARTESIAN_POINT('Ctrl Pts',(209.042017246368,-80.6841734360761,-8.30900000000002));
#4246=CARTESIAN_POINT('Ctrl Pts',(209.292017246368,-80.1841734360761,-8.309));
#4247=CARTESIAN_POINT('Ctrl Pts',(209.292017246368,-80.4341734360761,-8.309));
#4248=CARTESIAN_POINT('Ctrl Pts',(209.042017246368,-80.4341734360761,-8.309));
#4249=CARTESIAN_POINT('',(209.042017246368,-80.6841734360761,-8.059));
#4250=CARTESIAN_POINT('Origin',(209.042017246368,-80.4341734360761,-8.059));
#4251=CARTESIAN_POINT('Origin',(209.042017246368,-80.1841734360761,-8.059));
#4252=CARTESIAN_POINT('Origin',(209.042017246368,-80.1841734360761,-7.809));
#4253=CARTESIAN_POINT('',(209.042017246368,-80.6841734360761,-7.809));
#4254=CARTESIAN_POINT('Origin',(188.167017246368,-80.4341734360761,-8.059));
#4255=CARTESIAN_POINT('',(208.542017246368,-80.6841734360761,-8.059));
#4256=CARTESIAN_POINT('',(188.167017246368,-80.6841734360761,-8.059));
#4257=CARTESIAN_POINT('Origin',(208.542017246368,-80.4341734360761,-8.059));
#4258=CARTESIAN_POINT('Origin',(209.542017246368,-80.6841734360761,-7.809));
#4259=CARTESIAN_POINT('',(208.542017246368,-80.6841734360761,-7.809));
#4260=CARTESIAN_POINT('Ctrl Pts',(124.542017246368,-80.6841734360761,-8.059));
#4261=CARTESIAN_POINT('Ctrl Pts',(124.042017246368,-80.6841734360761,-8.059));
#4262=CARTESIAN_POINT('Ctrl Pts',(124.042017246368,-80.1841734360761,-8.059));
#4263=CARTESIAN_POINT('Ctrl Pts',(124.542017246368,-80.6841734360761,-8.309));
#4264=CARTESIAN_POINT('Ctrl Pts',(124.042017246368,-80.6841734360761,-8.309));
#4265=CARTESIAN_POINT('Ctrl Pts',(124.042017246368,-80.1841734360761,-8.309));
#4266=CARTESIAN_POINT('Ctrl Pts',(124.542017246368,-80.4341734360761,-8.309));
#4267=CARTESIAN_POINT('Ctrl Pts',(124.292017246368,-80.4341734360761,-8.309));
#4268=CARTESIAN_POINT('Ctrl Pts',(124.292017246368,-80.1841734360761,-8.309));
#4269=CARTESIAN_POINT('',(124.042017246368,-80.1841734360761,-8.059));
#4270=CARTESIAN_POINT('Origin',(124.292017246368,-80.1841734360761,-8.059));
#4271=CARTESIAN_POINT('',(124.542017246368,-80.6841734360761,-8.059));
#4272=CARTESIAN_POINT('Origin',(124.542017246368,-80.4341734360761,-8.059));
#4273=CARTESIAN_POINT('Origin',(124.542017246368,-80.1841734360761,-8.059));
#4274=CARTESIAN_POINT('Origin',(124.542017246368,-80.1841734360761,-7.809));
#4275=CARTESIAN_POINT('',(124.042017246368,-80.1841734360761,-7.809));
#4276=CARTESIAN_POINT('',(124.542017246368,-80.6841734360761,-7.809));
#4277=CARTESIAN_POINT('Origin',(125.042017246368,-80.6841734360761,-7.809));
#4278=CARTESIAN_POINT('',(125.042017246368,-80.6841734360761,-8.059));
#4279=CARTESIAN_POINT('',(145.917017246368,-80.6841734360761,-8.059));
#4280=CARTESIAN_POINT('',(125.042017246368,-80.6841734360761,-7.809));
#4281=CARTESIAN_POINT('Origin',(145.917017246368,-80.4341734360761,-8.059));
#4282=CARTESIAN_POINT('Origin',(125.042017246368,-80.4341734360761,-8.059));
#4283=CARTESIAN_POINT('Origin',(124.292017246368,-72.1841734360761,-8.059));
#4284=CARTESIAN_POINT('',(124.042017246368,-72.1841734360761,-8.059));
#4285=CARTESIAN_POINT('Origin',(124.042017246368,-80.6841734360761,-7.809));
#4286=CARTESIAN_POINT('Origin',(125.042017246368,-47.6841734360761,-7.809));
#4287=CARTESIAN_POINT('',(125.042017246368,-79.6841734360761,-7.809));
#4288=CARTESIAN_POINT('',(125.042017246368,-47.6841734360761,-7.309));
#4289=CARTESIAN_POINT('Origin',(160.940326354124,-47.6841734360761,-0.086421356237315));
#4290=CARTESIAN_POINT('',(160.940326354124,-47.6841734360761,-0.086421356237315));
#4291=CARTESIAN_POINT('Origin',(160.940326354124,-47.6841734360761,-7.309));
#4292=CARTESIAN_POINT('Origin',(166.792017246368,-63.6841734360761,-7.309));
#4293=CARTESIAN_POINT('Origin',(126.985595666971,-47.6841734360761,-0.115888259317283));
#4294=CARTESIAN_POINT('',(126.985595666971,-79.6841734360761,-0.115888259317284));
#4295=CARTESIAN_POINT('',(126.985595666971,-79.6841734360761,-0.115888259317283));
#4296=CARTESIAN_POINT('',(126.985595666971,-47.6841734360761,-0.115888259317283));
#4297=CARTESIAN_POINT('Origin',(138.191024487376,-47.6841734360761,-0.115888259317283));
#4298=CARTESIAN_POINT('',(138.191024487376,-79.6841734360761,-0.115888259317283));
#4299=CARTESIAN_POINT('Origin',(207.968705627441,-47.6841734360761,1.51));
#4300=CARTESIAN_POINT('Origin',(208.542017246368,-80.6841734360761,-7.809));
#4301=CARTESIAN_POINT('Origin',(125.042017246368,-79.6841734360761,-7.809));
#4302=UNCERTAINTY_MEASURE_WITH_UNIT(LENGTH_MEASURE(0.01),#4306,
'DISTANCE_ACCURACY_VALUE',
'Maximum model space distance between geometric entities at asserted c
onnectivities');
#4303=UNCERTAINTY_MEASURE_WITH_UNIT(LENGTH_MEASURE(0.01),#4306,
'DISTANCE_ACCURACY_VALUE',
'Maximum model space distance between geometric entities at asserted c
onnectivities');
#4304=(
GEOMETRIC_REPRESENTATION_CONTEXT(3)
GLOBAL_UNCERTAINTY_ASSIGNED_CONTEXT((#4302))
GLOBAL_UNIT_ASSIGNED_CONTEXT((#4306,#4307,#4308))
REPRESENTATION_CONTEXT('','3D')
);
#4305=(
GEOMETRIC_REPRESENTATION_CONTEXT(3)
GLOBAL_UNCERTAINTY_ASSIGNED_CONTEXT((#4303))
GLOBAL_UNIT_ASSIGNED_CONTEXT((#4306,#4307,#4308))
REPRESENTATION_CONTEXT('','3D')
);
#4306=(
LENGTH_UNIT()
NAMED_UNIT(*)
SI_UNIT(.MILLI.,.METRE.)
);
#4307=(
NAMED_UNIT(*)
PLANE_ANGLE_UNIT()
SI_UNIT($,.RADIAN.)
);
#4308=(
NAMED_UNIT(*)
SI_UNIT($,.STERADIAN.)
SOLID_ANGLE_UNIT()
);
#4309=SHAPE_DEFINITION_REPRESENTATION(#4310,#4311);
#4310=PRODUCT_DEFINITION_SHAPE('',$,#4313);
#4311=SHAPE_REPRESENTATION('',(#2332),#4304);
#4312=PRODUCT_DEFINITION_CONTEXT('part definition',#4317,'design');
#4313=PRODUCT_DEFINITION('Mini Kindle 1','Mini Kindle v13',#4314,#4312);
#4314=PRODUCT_DEFINITION_FORMATION('',$,#4319);
#4315=PRODUCT_RELATED_PRODUCT_CATEGORY('Mini Kindle v13',
'Mini Kindle v13',(#4319));
#4316=APPLICATION_PROTOCOL_DEFINITION('international standard',
'automotive_design',2009,#4317);
#4317=APPLICATION_CONTEXT(
'Core Data for Automotive Mechanical Design Process');
#4318=PRODUCT_CONTEXT('part definition',#4317,'mechanical');
#4319=PRODUCT('Mini Kindle 1','Mini Kindle v13',
'KiCad electronic assembly',(#4318));
#4320=PRESENTATION_STYLE_ASSIGNMENT((#4321));
#4321=SURFACE_STYLE_USAGE(.BOTH.,#4322);
#4322=SURFACE_SIDE_STYLE('',(#4323));
#4323=SURFACE_STYLE_FILL_AREA(#4324);
#4324=FILL_AREA_STYLE('Steel - Satin',(#4325));
#4325=FILL_AREA_STYLE_COLOUR('Steel - Satin',#4326);
#4326=COLOUR_RGB('Steel - Satin',0.627450980392157,0.627450980392157,0.627450980392157);
ENDSEC;
END-ISO-10303-21;
