ISO-10303-21;
HEADER;
/* Generated by software containing ST-Developer
 * from STEP Tools, Inc. (www.steptools.com) 
 */

FILE_DESCRIPTION(
/* description */ ('KiCad electronic assembly'),
/* implementation_level */ '2;1');

FILE_NAME(
/* name */ 'Mini Kindle Assembled (No PCB or Parts).step',
/* time_stamp */ '2026-06-05T14:00:46-04:00',
/* author */ (''),
/* organization */ (''),
/* preprocessor_version */ 'ST-DEVELOPER v20.1',
/* originating_system */ 'Autodesk Translation Framework v14.24.0.0',
/* authorisation */ '');

FILE_SCHEMA (('AUTOMOTIVE_DESIGN { 1 0 10303 214 3 1 1 }'));
ENDSEC;

DATA;
#10=MECHANICAL_DESIGN_GEOMETRIC_PRESENTATION_REPRESENTATION('',(#31,#32,
#33,#34,#35,#36,#37),#9122);
#11=ITEM_DEFINED_TRANSFORMATION($,$,#5002,#5550);
#12=ITEM_DEFINED_TRANSFORMATION($,$,#5002,#5551);
#13=(
REPRESENTATION_RELATIONSHIP($,$,#9134,#9133)
REPRESENTATION_RELATIONSHIP_WITH_TRANSFORMATION(#11)
SHAPE_REPRESENTATION_RELATIONSHIP()
);
#14=(
REPRESENTATION_RELATIONSHIP($,$,#9134,#9133)
REPRESENTATION_RELATIONSHIP_WITH_TRANSFORMATION(#12)
SHAPE_REPRESENTATION_RELATIONSHIP()
);
#15=CONTEXT_DEPENDENT_SHAPE_REPRESENTATION(#13,#9131);
#16=CONTEXT_DEPENDENT_SHAPE_REPRESENTATION(#14,#9132);
#17=NEXT_ASSEMBLY_USAGE_OCCURRENCE('SW_PUSH_6mm:1','SW_PUSH_6mm:1',
'SW_PUSH_6mm:1',#9136,#9137,'SW_PUSH_6mm:1');
#18=NEXT_ASSEMBLY_USAGE_OCCURRENCE('SW_PUSH_6mm:2','SW_PUSH_6mm:2',
'SW_PUSH_6mm:2',#9136,#9137,'SW_PUSH_6mm:2');
#19=B_SPLINE_CURVE_WITH_KNOTS('',3,(#7682,#7683,#7684,#7685,#7686),
 .UNSPECIFIED.,.F.,.F.,(4,1,4),(0.,0.0169178795118275,0.0296062891456981),
 .UNSPECIFIED.);
#20=B_SPLINE_CURVE_WITH_KNOTS('',3,(#7687,#7688,#7689,#7690,#7691),
 .UNSPECIFIED.,.F.,.F.,(4,1,4),(-0.0296062891456981,-0.0169178795118275,
0.),.UNSPECIFIED.);
#21=B_SPLINE_CURVE_WITH_KNOTS('',3,(#8856,#8857,#8858,#8859,#8860,#8861),
 .UNSPECIFIED.,.F.,.F.,(4,2,4),(0.461638962650554,0.483138886162115,0.534135007571417),
 .UNSPECIFIED.);
#22=B_SPLINE_CURVE_WITH_KNOTS('',3,(#8867,#8868,#8869,#8870,#8871,#8872),
 .UNSPECIFIED.,.F.,.F.,(4,2,4),(0.534135007571408,0.585131128980701,0.606631052492258),
 .UNSPECIFIED.);
#23=B_SPLINE_CURVE_WITH_KNOTS('',3,(#8933,#8934,#8935,#8936,#8937,#8938),
 .UNSPECIFIED.,.F.,.F.,(4,2,4),(0.488640263778889,0.566806432642758,0.698379208533519),
 .UNSPECIFIED.);
#24=B_SPLINE_CURVE_WITH_KNOTS('',3,(#8943,#8944,#8945,#8946,#8947,#8948),
 .UNSPECIFIED.,.F.,.F.,(4,2,4),(0.,0.109545917776327,0.165272523519359),
 .UNSPECIFIED.);
#25=B_SPLINE_CURVE_WITH_KNOTS('',3,(#8959,#8960,#8961,#8962,#8963,#8964),
 .UNSPECIFIED.,.F.,.F.,(4,2,4),(0.,0.131572775890761,0.209738944754629),
 .UNSPECIFIED.);
#26=B_SPLINE_CURVE_WITH_KNOTS('',3,(#8968,#8969,#8970,#8971,#8972,#8973),
 .UNSPECIFIED.,.F.,.F.,(4,2,4),(1.09227054910791,1.14799715485094,1.25754307262727),
 .UNSPECIFIED.);
#27=SHAPE_REPRESENTATION_RELATIONSHIP('SRR','None',#9134,#29);
#28=SHAPE_REPRESENTATION_RELATIONSHIP('SRR','None',#9133,#30);
#29=ADVANCED_BREP_SHAPE_REPRESENTATION('',(#38),#9121);
#30=ADVANCED_BREP_SHAPE_REPRESENTATION('',(#39,#40,#41,#42,#43,#44),#9120);
#31=STYLED_ITEM('',(#9147),#38);
#32=STYLED_ITEM('',(#9147),#39);
#33=STYLED_ITEM('',(#9147),#40);
#34=STYLED_ITEM('',(#9147),#41);
#35=STYLED_ITEM('',(#9147),#42);
#36=STYLED_ITEM('',(#9147),#43);
#37=STYLED_ITEM('',(#9147),#44);
#38=MANIFOLD_SOLID_BREP('Body2',#4982);
#39=MANIFOLD_SOLID_BREP('Body1',#4983);
#40=MANIFOLD_SOLID_BREP('Body8',#4984);
#41=MANIFOLD_SOLID_BREP('Body11',#4985);
#42=MANIFOLD_SOLID_BREP('Body17',#4986);
#43=MANIFOLD_SOLID_BREP('Body18',#4987);
#44=MANIFOLD_SOLID_BREP('Body7',#4988);
#45=ELLIPSE('',#5087,0.509901951359279,0.5);
#46=ELLIPSE('',#5088,0.509901951359279,0.5);
#47=ELLIPSE('',#5090,0.509901951359287,0.5);
#48=ELLIPSE('',#5091,0.509901951359287,0.5);
#49=ELLIPSE('',#5093,0.509901951359287,0.5);
#50=ELLIPSE('',#5094,0.509901951359287,0.5);
#51=ELLIPSE('',#5095,0.509901951359288,0.5);
#52=ELLIPSE('',#5096,0.509901951359287,0.5);
#53=ELLIPSE('',#5142,0.0707106781186611,0.05);
#54=ELLIPSE('',#5148,0.0707106781186673,0.05);
#55=ELLIPSE('',#5158,0.316227766016848,0.1);
#56=ELLIPSE('',#5159,0.316227766016837,0.1);
#57=ELLIPSE('',#5166,0.316227766016845,0.1);
#58=ELLIPSE('',#5167,0.316227766016848,0.1);
#59=ELLIPSE('',#5171,0.316227766016848,0.1);
#60=ELLIPSE('',#5172,0.316227766016845,0.1);
#61=ELLIPSE('',#5183,0.316227766016845,0.1);
#62=ELLIPSE('',#5188,0.316227766016831,0.1);
#63=ELLIPSE('',#5189,0.316227766016848,0.1);
#64=ELLIPSE('',#5195,0.31622776601684,0.1);
#65=ELLIPSE('',#5196,0.316227766016831,0.1);
#66=ELLIPSE('',#5238,0.316227766016845,0.1);
#67=ELLIPSE('',#5239,0.316227766016848,0.1);
#68=ELLIPSE('',#5241,0.316227766016871,0.1);
#69=ELLIPSE('',#5249,0.316227766016893,0.1);
#70=ELLIPSE('',#5252,0.316227766016812,0.1);
#71=ELLIPSE('',#5253,0.316227766016806,0.1);
#72=ELLIPSE('',#5257,0.316227766016837,0.1);
#73=ELLIPSE('',#5260,0.316227766016848,0.1);
#74=ELLIPSE('',#5269,0.316227766016837,0.1);
#75=ELLIPSE('',#5284,0.316227766016848,0.1);
#76=ELLIPSE('',#5286,0.316227766016848,0.1);
#77=ELLIPSE('',#5355,0.353553390593274,0.25);
#78=ELLIPSE('',#5356,0.353553390593274,0.25);
#79=ELLIPSE('',#5358,0.353553390593261,0.25);
#80=ELLIPSE('',#5360,0.353553390593286,0.25);
#81=ELLIPSE('',#5402,0.353553390593261,0.25);
#82=ELLIPSE('',#5403,0.353553390593286,0.25);
#83=ELLIPSE('',#5405,0.353553390593286,0.25);
#84=ELLIPSE('',#5407,0.353553390593261,0.25);
#85=B_SPLINE_SURFACE_WITH_KNOTS('',3,3,((#7295,#7296,#7297,#7298,#7299),
(#7300,#7301,#7302,#7303,#7304),(#7305,#7306,#7307,#7308,#7309),(#7310,
#7311,#7312,#7313,#7314),(#7315,#7316,#7317,#7318,#7319)),.UNSPECIFIED.,
 .F.,.F.,.F.,(4,1,4),(4,1,4),(0.,0.5,1.),(8.67361737988406E-17,0.673198425769241,
1.5707963267949),.UNSPECIFIED.);
#86=B_SPLINE_SURFACE_WITH_KNOTS('',3,3,((#7326,#7327,#7328,#7329,#7330),
(#7331,#7332,#7333,#7334,#7335),(#7336,#7337,#7338,#7339,#7340),(#7341,
#7342,#7343,#7344,#7345),(#7346,#7347,#7348,#7349,#7350)),.UNSPECIFIED.,
 .F.,.F.,.F.,(4,1,4),(4,1,4),(0.,0.5,1.),(0.,0.673198425769241,1.5707963267949),
 .UNSPECIFIED.);
#87=B_SPLINE_SURFACE_WITH_KNOTS('',3,3,((#7356,#7357,#7358,#7359,#7360),
(#7361,#7362,#7363,#7364,#7365),(#7366,#7367,#7368,#7369,#7370),(#7371,
#7372,#7373,#7374,#7375),(#7376,#7377,#7378,#7379,#7380)),.UNSPECIFIED.,
 .F.,.F.,.F.,(4,1,4),(4,1,4),(0.,0.5,1.),(0.,0.673198425769242,1.5707963267949),
 .UNSPECIFIED.);
#88=B_SPLINE_SURFACE_WITH_KNOTS('',3,3,((#7384,#7385,#7386,#7387,#7388),
(#7389,#7390,#7391,#7392,#7393),(#7394,#7395,#7396,#7397,#7398),(#7399,
#7400,#7401,#7402,#7403),(#7404,#7405,#7406,#7407,#7408)),.UNSPECIFIED.,
 .F.,.F.,.F.,(4,1,4),(4,1,4),(0.,0.5,1.),(8.67361737988021E-17,0.673198425769241,
1.5707963267949),.UNSPECIFIED.);
#89=B_SPLINE_SURFACE_WITH_KNOTS('',3,3,((#7658,#7659,#7660,#7661,#7662),
(#7663,#7664,#7665,#7666,#7667),(#7668,#7669,#7670,#7671,#7672),(#7673,
#7674,#7675,#7676,#7677)),.UNSPECIFIED.,.F.,.F.,.F.,(4,4),(4,1,4),(0.,1.),
(-0.0296062891456981,-0.0169178795118275,0.),.UNSPECIFIED.);
#90=B_SPLINE_SURFACE_WITH_KNOTS('',3,3,((#7749,#7750,#7751,#7752,#7753),
(#7754,#7755,#7756,#7757,#7758),(#7759,#7760,#7761,#7762,#7763),(#7764,
#7765,#7766,#7767,#7768),(#7769,#7770,#7771,#7772,#7773)),.UNSPECIFIED.,
 .F.,.F.,.F.,(4,1,4),(4,1,4),(0.,0.5,1.),(0.,0.673198425769241,1.5707963267949),
 .UNSPECIFIED.);
#91=B_SPLINE_SURFACE_WITH_KNOTS('',3,3,((#7790,#7791,#7792,#7793,#7794),
(#7795,#7796,#7797,#7798,#7799),(#7800,#7801,#7802,#7803,#7804),(#7805,
#7806,#7807,#7808,#7809),(#7810,#7811,#7812,#7813,#7814)),.UNSPECIFIED.,
 .F.,.F.,.F.,(4,1,4),(4,1,4),(0.,0.5,1.),(-3.55963820847407E-17,0.673198425769241,
1.5707963267949),.UNSPECIFIED.);
#92=B_SPLINE_SURFACE_WITH_KNOTS('',3,3,((#7826,#7827,#7828,#7829,#7830),
(#7831,#7832,#7833,#7834,#7835),(#7836,#7837,#7838,#7839,#7840),(#7841,
#7842,#7843,#7844,#7845),(#7846,#7847,#7848,#7849,#7850)),.UNSPECIFIED.,
 .F.,.F.,.F.,(4,1,4),(4,1,4),(0.,0.5,1.),(-1.5707963267949,-0.897597901025655,
3.5596382084691E-17),.UNSPECIFIED.);
#93=B_SPLINE_SURFACE_WITH_KNOTS('',3,3,((#7900,#7901,#7902,#7903,#7904),
(#7905,#7906,#7907,#7908,#7909),(#7910,#7911,#7912,#7913,#7914),(#7915,
#7916,#7917,#7918,#7919),(#7920,#7921,#7922,#7923,#7924)),.UNSPECIFIED.,
 .F.,.F.,.F.,(4,1,4),(4,1,4),(0.,0.5,1.),(-3.55963820848097E-17,0.673198425769241,
1.5707963267949),.UNSPECIFIED.);
#94=B_SPLINE_SURFACE_WITH_KNOTS('',3,3,((#7940,#7941,#7942,#7943,#7944),
(#7945,#7946,#7947,#7948,#7949),(#7950,#7951,#7952,#7953,#7954),(#7955,
#7956,#7957,#7958,#7959),(#7960,#7961,#7962,#7963,#7964)),.UNSPECIFIED.,
 .F.,.F.,.F.,(4,1,4),(4,1,4),(0.,0.5,1.),(-3.55963820847384E-17,0.673198425769241,
1.5707963267949),.UNSPECIFIED.);
#95=B_SPLINE_SURFACE_WITH_KNOTS('',3,3,((#8096,#8097,#8098,#8099,#8100),
(#8101,#8102,#8103,#8104,#8105),(#8106,#8107,#8108,#8109,#8110),(#8111,
#8112,#8113,#8114,#8115),(#8116,#8117,#8118,#8119,#8120)),.UNSPECIFIED.,
 .F.,.F.,.F.,(4,1,4),(4,1,4),(0.,0.5,1.),(-3.55963820847407E-17,0.673198425769241,
1.5707963267949),.UNSPECIFIED.);
#96=B_SPLINE_SURFACE_WITH_KNOTS('',3,3,((#8150,#8151,#8152,#8153,#8154),
(#8155,#8156,#8157,#8158,#8159),(#8160,#8161,#8162,#8163,#8164),(#8165,
#8166,#8167,#8168,#8169),(#8170,#8171,#8172,#8173,#8174)),.UNSPECIFIED.,
 .F.,.F.,.F.,(4,1,4),(4,1,4),(0.,0.5,1.),(-7.66068873204676E-12,0.673198425764864,
1.5707963267949),.UNSPECIFIED.);
#97=B_SPLINE_SURFACE_WITH_KNOTS('',3,3,((#8180,#8181,#8182,#8183,#8184),
(#8185,#8186,#8187,#8188,#8189),(#8190,#8191,#8192,#8193,#8194),(#8195,
#8196,#8197,#8198,#8199),(#8200,#8201,#8202,#8203,#8204)),.UNSPECIFIED.,
 .F.,.F.,.F.,(4,1,4),(4,1,4),(0.,0.5,1.),(-1.5707963267949,-0.897597901022385,
7.6305994526499E-12),.UNSPECIFIED.);
#98=B_SPLINE_SURFACE_WITH_KNOTS('',3,3,((#8225,#8226,#8227,#8228,#8229),
(#8230,#8231,#8232,#8233,#8234),(#8235,#8236,#8237,#8238,#8239),(#8240,
#8241,#8242,#8243,#8244),(#8245,#8246,#8247,#8248,#8249)),.UNSPECIFIED.,
 .F.,.F.,.F.,(4,1,4),(4,1,4),(0.,0.5,1.),(0.,0.673198425769241,1.5707963267949),
 .UNSPECIFIED.);
#99=B_SPLINE_SURFACE_WITH_KNOTS('',3,3,((#8333,#8334,#8335,#8336,#8337),
(#8338,#8339,#8340,#8341,#8342),(#8343,#8344,#8345,#8346,#8347),(#8348,
#8349,#8350,#8351,#8352),(#8353,#8354,#8355,#8356,#8357)),.UNSPECIFIED.,
 .F.,.F.,.F.,(4,1,4),(4,1,4),(0.,0.5,1.),(0.,0.673198425769241,1.5707963267949),
 .UNSPECIFIED.);
#100=B_SPLINE_SURFACE_WITH_KNOTS('',3,3,((#8367,#8368,#8369,#8370,#8371),
(#8372,#8373,#8374,#8375,#8376),(#8377,#8378,#8379,#8380,#8381),(#8382,
#8383,#8384,#8385,#8386),(#8387,#8388,#8389,#8390,#8391)),.UNSPECIFIED.,
 .F.,.F.,.F.,(4,1,4),(4,1,4),(0.,0.5,1.),(-3.55963820847407E-17,0.673198425769241,
1.5707963267949),.UNSPECIFIED.);
#101=FACE_BOUND('',#608,.T.);
#102=FACE_BOUND('',#731,.T.);
#103=FACE_BOUND('',#732,.T.);
#104=FACE_BOUND('',#782,.T.);
#105=FACE_BOUND('',#783,.T.);
#106=FACE_BOUND('',#796,.T.);
#107=FACE_BOUND('',#797,.T.);
#108=TOROIDAL_SURFACE('',#5039,1.5,0.5);
#109=TOROIDAL_SURFACE('',#5044,1.50000000000003,0.5);
#110=TOROIDAL_SURFACE('',#5049,1.49999999999999,0.5);
#111=TOROIDAL_SURFACE('',#5054,1.49999999999999,0.5);
#112=TOROIDAL_SURFACE('',#5064,0.899999999999956,0.5);
#113=TOROIDAL_SURFACE('',#5069,0.899999999999956,0.5);
#114=TOROIDAL_SURFACE('',#5074,0.900000000000001,0.5);
#115=TOROIDAL_SURFACE('',#5079,0.899999999999956,0.5);
#116=TOROIDAL_SURFACE('',#5421,3.033,0.8);
#117=TOROIDAL_SURFACE('',#5428,3.033,0.8);
#118=TOROIDAL_SURFACE('',#5434,3.033,0.8);
#119=TOROIDAL_SURFACE('',#5438,3.033,0.8);
#120=TOROIDAL_SURFACE('',#5444,3.033,0.8);
#121=TOROIDAL_SURFACE('',#5447,3.033,0.8);
#122=TOROIDAL_SURFACE('',#5457,3.033,0.8);
#123=TOROIDAL_SURFACE('',#5464,3.033,0.8);
#124=TOROIDAL_SURFACE('',#5470,3.033,0.8);
#125=TOROIDAL_SURFACE('',#5473,3.033,0.8);
#126=TOROIDAL_SURFACE('',#5476,3.033,0.8);
#127=TOROIDAL_SURFACE('',#5480,3.033,0.8);
#128=TOROIDAL_SURFACE('',#5489,1.233,1.);
#129=TOROIDAL_SURFACE('',#5494,1.233,1.);
#130=TOROIDAL_SURFACE('',#5499,1.233,1.);
#131=TOROIDAL_SURFACE('',#5505,1.233,1.);
#132=TOROIDAL_SURFACE('',#5510,1.233,1.);
#133=TOROIDAL_SURFACE('',#5517,1.233,1.);
#134=TOROIDAL_SURFACE('',#5523,1.233,1.);
#135=TOROIDAL_SURFACE('',#5529,1.233,1.);
#136=PLANE('',#5025);
#137=PLANE('',#5028);
#138=PLANE('',#5029);
#139=PLANE('',#5030);
#140=PLANE('',#5033);
#141=PLANE('',#5056);
#142=PLANE('',#5083);
#143=PLANE('',#5086);
#144=PLANE('',#5101);
#145=PLANE('',#5102);
#146=PLANE('',#5104);
#147=PLANE('',#5106);
#148=PLANE('',#5107);
#149=PLANE('',#5108);
#150=PLANE('',#5109);
#151=PLANE('',#5118);
#152=PLANE('',#5119);
#153=PLANE('',#5124);
#154=PLANE('',#5125);
#155=PLANE('',#5126);
#156=PLANE('',#5127);
#157=PLANE('',#5128);
#158=PLANE('',#5129);
#159=PLANE('',#5130);
#160=PLANE('',#5131);
#161=PLANE('',#5132);
#162=PLANE('',#5133);
#163=PLANE('',#5134);
#164=PLANE('',#5135);
#165=PLANE('',#5136);
#166=PLANE('',#5137);
#167=PLANE('',#5138);
#168=PLANE('',#5139);
#169=PLANE('',#5155);
#170=PLANE('',#5156);
#171=PLANE('',#5157);
#172=PLANE('',#5160);
#173=PLANE('',#5169);
#174=PLANE('',#5175);
#175=PLANE('',#5181);
#176=PLANE('',#5185);
#177=PLANE('',#5192);
#178=PLANE('',#5197);
#179=PLANE('',#5205);
#180=PLANE('',#5218);
#181=PLANE('',#5223);
#182=PLANE('',#5225);
#183=PLANE('',#5234);
#184=PLANE('',#5242);
#185=PLANE('',#5243);
#186=PLANE('',#5250);
#187=PLANE('',#5262);
#188=PLANE('',#5270);
#189=PLANE('',#5275);
#190=PLANE('',#5281);
#191=PLANE('',#5287);
#192=PLANE('',#5293);
#193=PLANE('',#5300);
#194=PLANE('',#5306);
#195=PLANE('',#5312);
#196=PLANE('',#5317);
#197=PLANE('',#5321);
#198=PLANE('',#5322);
#199=PLANE('',#5323);
#200=PLANE('',#5324);
#201=PLANE('',#5325);
#202=PLANE('',#5326);
#203=PLANE('',#5327);
#204=PLANE('',#5328);
#205=PLANE('',#5329);
#206=PLANE('',#5330);
#207=PLANE('',#5334);
#208=PLANE('',#5338);
#209=PLANE('',#5342);
#210=PLANE('',#5346);
#211=PLANE('',#5347);
#212=PLANE('',#5348);
#213=PLANE('',#5349);
#214=PLANE('',#5350);
#215=PLANE('',#5351);
#216=PLANE('',#5352);
#217=PLANE('',#5353);
#218=PLANE('',#5362);
#219=PLANE('',#5363);
#220=PLANE('',#5364);
#221=PLANE('',#5365);
#222=PLANE('',#5366);
#223=PLANE('',#5375);
#224=PLANE('',#5376);
#225=PLANE('',#5387);
#226=PLANE('',#5394);
#227=PLANE('',#5399);
#228=PLANE('',#5400);
#229=PLANE('',#5409);
#230=PLANE('',#5410);
#231=PLANE('',#5411);
#232=PLANE('',#5412);
#233=PLANE('',#5413);
#234=PLANE('',#5414);
#235=PLANE('',#5415);
#236=PLANE('',#5416);
#237=PLANE('',#5417);
#238=PLANE('',#5418);
#239=PLANE('',#5419);
#240=PLANE('',#5420);
#241=PLANE('',#5453);
#242=PLANE('',#5456);
#243=PLANE('',#5484);
#244=PLANE('',#5485);
#245=PLANE('',#5508);
#246=PLANE('',#5509);
#247=PLANE('',#5534);
#248=PLANE('',#5536);
#249=PLANE('',#5538);
#250=PLANE('',#5539);
#251=PLANE('',#5541);
#252=PLANE('',#5544);
#253=PLANE('',#5546);
#254=PLANE('',#5547);
#255=PLANE('',#5548);
#256=PLANE('',#5549);
#257=(
BOUNDED_SURFACE()
B_SPLINE_SURFACE(2,2,((#7092,#7093,#7094),(#7095,#7096,#7097),(#7098,#7099,
#7100)),.UNSPECIFIED.,.F.,.F.,.F.)
B_SPLINE_SURFACE_WITH_KNOTS((3,3),(3,3),(0.,1.5707963267949),(1.57079632679487,
3.1415926535898),.UNSPECIFIED.)
GEOMETRIC_REPRESENTATION_ITEM()
RATIONAL_B_SPLINE_SURFACE(((1.,0.707106781186538,1.),(0.707106781186547,
0.499999999999993,0.707106781186547),(1.,0.707106781186538,1.)))
REPRESENTATION_ITEM('')
SURFACE()
);
#258=(
BOUNDED_SURFACE()
B_SPLINE_SURFACE(2,2,((#7112,#7113,#7114),(#7115,#7116,#7117),(#7118,#7119,
#7120)),.UNSPECIFIED.,.F.,.F.,.F.)
B_SPLINE_SURFACE_WITH_KNOTS((3,3),(3,3),(0.,1.5707963267949),(-3.14159265362041,
-1.57079632679487),.UNSPECIFIED.)
GEOMETRIC_REPRESENTATION_ITEM()
RATIONAL_B_SPLINE_SURFACE(((1.,0.707106781175713,1.),(0.707106781186545,
0.499999999992337,0.707106781186545),(1.,0.707106781175713,1.)))
REPRESENTATION_ITEM('')
SURFACE()
);
#259=(
BOUNDED_SURFACE()
B_SPLINE_SURFACE(2,2,((#7132,#7133,#7134),(#7135,#7136,#7137),(#7138,#7139,
#7140)),.UNSPECIFIED.,.F.,.F.,.F.)
B_SPLINE_SURFACE_WITH_KNOTS((3,3),(3,3),(0.,1.5707963267949),(-1.57079632680453,
3.87540944223437E-13),.UNSPECIFIED.)
GEOMETRIC_REPRESENTATION_ITEM()
RATIONAL_B_SPLINE_SURFACE(((1.,0.707106781183006,1.),(0.707106781186548,
0.499999999997497,0.707106781186548),(1.,0.707106781183006,1.)))
REPRESENTATION_ITEM('')
SURFACE()
);
#260=(
BOUNDED_SURFACE()
B_SPLINE_SURFACE(2,2,((#7152,#7153,#7154),(#7155,#7156,#7157),(#7158,#7159,
#7160)),.UNSPECIFIED.,.F.,.F.,.F.)
B_SPLINE_SURFACE_WITH_KNOTS((3,3),(3,3),(0.,1.57079632679491),(-9.68852360555652E-14,
1.5707963267949),.UNSPECIFIED.)
GEOMETRIC_REPRESENTATION_ITEM()
RATIONAL_B_SPLINE_SURFACE(((1.,0.707106781186513,1.),(0.707106781186544,
0.499999999999973,0.707106781186544),(1.,0.707106781186513,1.)))
REPRESENTATION_ITEM('')
SURFACE()
);
#261=(
BOUNDED_SURFACE()
B_SPLINE_SURFACE(2,2,((#7692,#7693,#7694),(#7695,#7696,#7697),(#7698,#7699,
#7700)),.UNSPECIFIED.,.F.,.F.,.F.)
B_SPLINE_SURFACE_WITH_KNOTS((3,3),(3,3),(0.,1.57079632679491),(-0.167448079219895,
0.),.UNSPECIFIED.)
GEOMETRIC_REPRESENTATION_ITEM()
RATIONAL_B_SPLINE_SURFACE(((1.,0.996497189454951,1.),(0.70710678118665,
0.704629920097034,0.70710678118665),(1.,0.996497189454951,1.)))
REPRESENTATION_ITEM('')
SURFACE()
);
#262=(
BOUNDED_SURFACE()
B_SPLINE_SURFACE(2,2,((#7715,#7716,#7717),(#7718,#7719,#7720),(#7721,#7722,
#7723)),.UNSPECIFIED.,.F.,.F.,.F.)
B_SPLINE_SURFACE_WITH_KNOTS((3,3),(3,3),(0.,1.57079632679495),(-3.14159265358979,
-1.5707963267949),.UNSPECIFIED.)
GEOMETRIC_REPRESENTATION_ITEM()
RATIONAL_B_SPLINE_SURFACE(((1.,0.707106781186548,1.),(0.707106781186623,
0.500000000000053,0.707106781186623),(1.,0.707106781186548,1.)))
REPRESENTATION_ITEM('')
SURFACE()
);
#263=(
BOUNDED_SURFACE()
B_SPLINE_SURFACE(2,2,((#7970,#7971,#7972),(#7973,#7974,#7975),(#7976,#7977,
#7978)),.UNSPECIFIED.,.F.,.F.,.F.)
B_SPLINE_SURFACE_WITH_KNOTS((3,3),(3,3),(0.,1.5707963267951),(-1.5707963267949,
0.),.UNSPECIFIED.)
GEOMETRIC_REPRESENTATION_ITEM()
RATIONAL_B_SPLINE_SURFACE(((1.,0.707106781186548,1.),(0.707106781186174,
0.499999999999736,0.707106781186174),(1.,0.707106781186548,1.)))
REPRESENTATION_ITEM('')
SURFACE()
);
#264=(
BOUNDED_SURFACE()
B_SPLINE_SURFACE(2,2,((#7996,#7997,#7998),(#7999,#8000,#8001),(#8002,#8003,
#8004)),.UNSPECIFIED.,.F.,.F.,.F.)
B_SPLINE_SURFACE_WITH_KNOTS((3,3),(3,3),(0.,1.57079632679545),(0.,1.5707963267949),
 .UNSPECIFIED.)
GEOMETRIC_REPRESENTATION_ITEM()
RATIONAL_B_SPLINE_SURFACE(((1.,0.707106781186548,1.),(0.707106781186404,
0.499999999999899,0.707106781186404),(1.,0.707106781186548,1.)))
REPRESENTATION_ITEM('')
SURFACE()
);
#265=(
BOUNDED_SURFACE()
B_SPLINE_SURFACE(2,2,((#8016,#8017,#8018),(#8019,#8020,#8021),(#8022,#8023,
#8024)),.UNSPECIFIED.,.F.,.F.,.F.)
B_SPLINE_SURFACE_WITH_KNOTS((3,3),(3,3),(0.,1.57079632679495),(1.5707963267949,
3.14159265358979),.UNSPECIFIED.)
GEOMETRIC_REPRESENTATION_ITEM()
RATIONAL_B_SPLINE_SURFACE(((1.,0.707106781186548,1.),(0.707106781186767,
0.500000000000155,0.707106781186767),(1.,0.707106781186548,1.)))
REPRESENTATION_ITEM('')
SURFACE()
);
#266=(
BOUNDED_SURFACE()
B_SPLINE_SURFACE(2,2,((#8040,#8041,#8042),(#8043,#8044,#8045),(#8046,#8047,
#8048)),.UNSPECIFIED.,.F.,.F.,.F.)
B_SPLINE_SURFACE_WITH_KNOTS((3,3),(3,3),(0.,1.57079632679495),(-3.14159265358979,
-1.5707963267949),.UNSPECIFIED.)
GEOMETRIC_REPRESENTATION_ITEM()
RATIONAL_B_SPLINE_SURFACE(((1.,0.707106781186548,1.),(0.707106781186767,
0.500000000000155,0.707106781186767),(1.,0.707106781186548,1.)))
REPRESENTATION_ITEM('')
SURFACE()
);
#267=(
BOUNDED_SURFACE()
B_SPLINE_SURFACE(2,2,((#8061,#8062,#8063),(#8064,#8065,#8066),(#8067,#8068,
#8069)),.UNSPECIFIED.,.F.,.F.,.F.)
B_SPLINE_SURFACE_WITH_KNOTS((3,3),(3,3),(0.,1.57079632679545),(-3.14159265358979,
-1.5707963267949),.UNSPECIFIED.)
GEOMETRIC_REPRESENTATION_ITEM()
RATIONAL_B_SPLINE_SURFACE(((1.,0.707106781186548,1.),(0.707106781186404,
0.499999999999899,0.707106781186404),(1.,0.707106781186548,1.)))
REPRESENTATION_ITEM('')
SURFACE()
);
#268=(
BOUNDED_SURFACE()
B_SPLINE_SURFACE(2,2,((#8255,#8256,#8257),(#8258,#8259,#8260),(#8261,#8262,
#8263)),.UNSPECIFIED.,.F.,.F.,.F.)
B_SPLINE_SURFACE_WITH_KNOTS((3,3),(3,3),(0.,1.5707963267951),(0.,1.5707963267949),
 .UNSPECIFIED.)
GEOMETRIC_REPRESENTATION_ITEM()
RATIONAL_B_SPLINE_SURFACE(((1.,0.707106781186548,1.),(0.707106781186174,
0.499999999999736,0.707106781186174),(1.,0.707106781186548,1.)))
REPRESENTATION_ITEM('')
SURFACE()
);
#269=(
BOUNDED_SURFACE()
B_SPLINE_SURFACE(2,2,((#8283,#8284,#8285),(#8286,#8287,#8288),(#8289,#8290,
#8291)),.UNSPECIFIED.,.F.,.F.,.F.)
B_SPLINE_SURFACE_WITH_KNOTS((3,3),(3,3),(-1.5707963267951,0.),(0.,1.5707963267949),
 .UNSPECIFIED.)
GEOMETRIC_REPRESENTATION_ITEM()
RATIONAL_B_SPLINE_SURFACE(((1.,0.707106781186548,1.),(0.707106781186174,
0.499999999999736,0.707106781186174),(1.,0.707106781186548,1.)))
REPRESENTATION_ITEM('')
SURFACE()
);
#270=(
BOUNDED_SURFACE()
B_SPLINE_SURFACE(2,2,((#8396,#8397,#8398),(#8399,#8400,#8401),(#8402,#8403,
#8404)),.UNSPECIFIED.,.F.,.F.,.F.)
B_SPLINE_SURFACE_WITH_KNOTS((3,3),(3,3),(0.,1.57079632679492),(0.,1.5707963267949),
 .UNSPECIFIED.)
GEOMETRIC_REPRESENTATION_ITEM()
RATIONAL_B_SPLINE_SURFACE(((1.,0.707106781186548,1.),(0.707106781186404,
0.499999999999898,0.707106781186404),(1.,0.707106781186548,1.)))
REPRESENTATION_ITEM('')
SURFACE()
);
#271=(
BOUNDED_SURFACE()
B_SPLINE_SURFACE(2,2,((#8419,#8420,#8421),(#8422,#8423,#8424),(#8425,#8426,
#8427)),.UNSPECIFIED.,.F.,.F.,.F.)
B_SPLINE_SURFACE_WITH_KNOTS((3,3),(3,3),(0.,1.57079632679495),(1.5707963267949,
3.14159265358979),.UNSPECIFIED.)
GEOMETRIC_REPRESENTATION_ITEM()
RATIONAL_B_SPLINE_SURFACE(((1.,0.707106781186548,1.),(0.707106781186753,
0.500000000000146,0.707106781186753),(1.,0.707106781186548,1.)))
REPRESENTATION_ITEM('')
SURFACE()
);
#272=(
BOUNDED_SURFACE()
B_SPLINE_SURFACE(2,2,((#8439,#8440,#8441),(#8442,#8443,#8444),(#8445,#8446,
#8447)),.UNSPECIFIED.,.F.,.F.,.F.)
B_SPLINE_SURFACE_WITH_KNOTS((3,3),(3,3),(0.,1.57079632679495),(-3.14159265358979,
-1.5707963267949),.UNSPECIFIED.)
GEOMETRIC_REPRESENTATION_ITEM()
RATIONAL_B_SPLINE_SURFACE(((1.,0.707106781186548,1.),(0.707106781186753,
0.500000000000146,0.707106781186753),(1.,0.707106781186548,1.)))
REPRESENTATION_ITEM('')
SURFACE()
);
#273=(
BOUNDED_SURFACE()
B_SPLINE_SURFACE(2,2,((#8459,#8460,#8461),(#8462,#8463,#8464),(#8465,#8466,
#8467)),.UNSPECIFIED.,.F.,.F.,.F.)
B_SPLINE_SURFACE_WITH_KNOTS((3,3),(3,3),(0.,1.57079632679492),(-1.5707963267949,
0.),.UNSPECIFIED.)
GEOMETRIC_REPRESENTATION_ITEM()
RATIONAL_B_SPLINE_SURFACE(((1.,0.707106781186548,1.),(0.707106781186409,
0.499999999999902,0.707106781186409),(1.,0.707106781186548,1.)))
REPRESENTATION_ITEM('')
SURFACE()
);
#274=(
BOUNDED_SURFACE()
B_SPLINE_SURFACE(2,2,((#8627,#8628,#8629),(#8630,#8631,#8632),(#8633,#8634,
#8635)),.UNSPECIFIED.,.F.,.F.,.F.)
B_SPLINE_SURFACE_WITH_KNOTS((3,3),(3,3),(-1.57079632679492,0.),(1.5707963267949,
3.14159265358979),.UNSPECIFIED.)
GEOMETRIC_REPRESENTATION_ITEM()
RATIONAL_B_SPLINE_SURFACE(((1.,0.707106781186548,1.),(0.707106781186418,
0.499999999999909,0.707106781186418),(1.,0.707106781186548,1.)))
REPRESENTATION_ITEM('')
SURFACE()
);
#275=(
BOUNDED_SURFACE()
B_SPLINE_SURFACE(2,2,((#8672,#8673,#8674),(#8675,#8676,#8677),(#8678,#8679,
#8680)),.UNSPECIFIED.,.F.,.F.,.F.)
B_SPLINE_SURFACE_WITH_KNOTS((3,3),(3,3),(0.,1.57079632679492),(-1.5707963267949,
0.),.UNSPECIFIED.)
GEOMETRIC_REPRESENTATION_ITEM()
RATIONAL_B_SPLINE_SURFACE(((1.,0.707106781186548,1.),(0.707106781186418,
0.499999999999909,0.707106781186418),(1.,0.707106781186548,1.)))
REPRESENTATION_ITEM('')
SURFACE()
);
#276=(
BOUNDED_SURFACE()
B_SPLINE_SURFACE(2,2,((#8707,#8708,#8709),(#8710,#8711,#8712),(#8713,#8714,
#8715)),.UNSPECIFIED.,.F.,.F.,.F.)
B_SPLINE_SURFACE_WITH_KNOTS((3,3),(3,3),(-1.57079632679495,0.),(-1.5707963267949,
0.),.UNSPECIFIED.)
GEOMETRIC_REPRESENTATION_ITEM()
RATIONAL_B_SPLINE_SURFACE(((1.,0.707106781186548,1.),(0.707106781186755,
0.500000000000147,0.707106781186755),(1.,0.707106781186548,1.)))
REPRESENTATION_ITEM('')
SURFACE()
);
#277=(
BOUNDED_SURFACE()
B_SPLINE_SURFACE(2,2,((#8723,#8724,#8725),(#8726,#8727,#8728),(#8729,#8730,
#8731)),.UNSPECIFIED.,.F.,.F.,.F.)
B_SPLINE_SURFACE_WITH_KNOTS((3,3),(3,3),(-1.57079632679495,0.),(0.,1.5707963267949),
 .UNSPECIFIED.)
GEOMETRIC_REPRESENTATION_ITEM()
RATIONAL_B_SPLINE_SURFACE(((1.,0.707106781186548,1.),(0.707106781186755,
0.500000000000147,0.707106781186755),(1.,0.707106781186548,1.)))
REPRESENTATION_ITEM('')
SURFACE()
);
#278=FACE_OUTER_BOUND('',#582,.T.);
#279=FACE_OUTER_BOUND('',#583,.T.);
#280=FACE_OUTER_BOUND('',#584,.T.);
#281=FACE_OUTER_BOUND('',#585,.T.);
#282=FACE_OUTER_BOUND('',#586,.T.);
#283=FACE_OUTER_BOUND('',#587,.T.);
#284=FACE_OUTER_BOUND('',#588,.T.);
#285=FACE_OUTER_BOUND('',#589,.T.);
#286=FACE_OUTER_BOUND('',#590,.T.);
#287=FACE_OUTER_BOUND('',#591,.T.);
#288=FACE_OUTER_BOUND('',#592,.T.);
#289=FACE_OUTER_BOUND('',#593,.T.);
#290=FACE_OUTER_BOUND('',#594,.T.);
#291=FACE_OUTER_BOUND('',#595,.T.);
#292=FACE_OUTER_BOUND('',#596,.T.);
#293=FACE_OUTER_BOUND('',#597,.T.);
#294=FACE_OUTER_BOUND('',#598,.T.);
#295=FACE_OUTER_BOUND('',#599,.T.);
#296=FACE_OUTER_BOUND('',#600,.T.);
#297=FACE_OUTER_BOUND('',#601,.T.);
#298=FACE_OUTER_BOUND('',#602,.T.);
#299=FACE_OUTER_BOUND('',#603,.T.);
#300=FACE_OUTER_BOUND('',#604,.T.);
#301=FACE_OUTER_BOUND('',#605,.T.);
#302=FACE_OUTER_BOUND('',#606,.T.);
#303=FACE_OUTER_BOUND('',#607,.T.);
#304=FACE_OUTER_BOUND('',#609,.T.);
#305=FACE_OUTER_BOUND('',#610,.T.);
#306=FACE_OUTER_BOUND('',#611,.T.);
#307=FACE_OUTER_BOUND('',#612,.T.);
#308=FACE_OUTER_BOUND('',#613,.T.);
#309=FACE_OUTER_BOUND('',#614,.T.);
#310=FACE_OUTER_BOUND('',#615,.T.);
#311=FACE_OUTER_BOUND('',#616,.T.);
#312=FACE_OUTER_BOUND('',#617,.T.);
#313=FACE_OUTER_BOUND('',#618,.T.);
#314=FACE_OUTER_BOUND('',#619,.T.);
#315=FACE_OUTER_BOUND('',#620,.T.);
#316=FACE_OUTER_BOUND('',#621,.T.);
#317=FACE_OUTER_BOUND('',#622,.T.);
#318=FACE_OUTER_BOUND('',#623,.T.);
#319=FACE_OUTER_BOUND('',#624,.T.);
#320=FACE_OUTER_BOUND('',#625,.T.);
#321=FACE_OUTER_BOUND('',#626,.T.);
#322=FACE_OUTER_BOUND('',#627,.T.);
#323=FACE_OUTER_BOUND('',#628,.T.);
#324=FACE_OUTER_BOUND('',#629,.T.);
#325=FACE_OUTER_BOUND('',#630,.T.);
#326=FACE_OUTER_BOUND('',#631,.T.);
#327=FACE_OUTER_BOUND('',#632,.T.);
#328=FACE_OUTER_BOUND('',#633,.T.);
#329=FACE_OUTER_BOUND('',#634,.T.);
#330=FACE_OUTER_BOUND('',#635,.T.);
#331=FACE_OUTER_BOUND('',#636,.T.);
#332=FACE_OUTER_BOUND('',#637,.T.);
#333=FACE_OUTER_BOUND('',#638,.T.);
#334=FACE_OUTER_BOUND('',#639,.T.);
#335=FACE_OUTER_BOUND('',#640,.T.);
#336=FACE_OUTER_BOUND('',#641,.T.);
#337=FACE_OUTER_BOUND('',#642,.T.);
#338=FACE_OUTER_BOUND('',#643,.T.);
#339=FACE_OUTER_BOUND('',#644,.T.);
#340=FACE_OUTER_BOUND('',#645,.T.);
#341=FACE_OUTER_BOUND('',#646,.T.);
#342=FACE_OUTER_BOUND('',#647,.T.);
#343=FACE_OUTER_BOUND('',#648,.T.);
#344=FACE_OUTER_BOUND('',#649,.T.);
#345=FACE_OUTER_BOUND('',#650,.T.);
#346=FACE_OUTER_BOUND('',#651,.T.);
#347=FACE_OUTER_BOUND('',#652,.T.);
#348=FACE_OUTER_BOUND('',#653,.T.);
#349=FACE_OUTER_BOUND('',#654,.T.);
#350=FACE_OUTER_BOUND('',#655,.T.);
#351=FACE_OUTER_BOUND('',#656,.T.);
#352=FACE_OUTER_BOUND('',#657,.T.);
#353=FACE_OUTER_BOUND('',#658,.T.);
#354=FACE_OUTER_BOUND('',#659,.T.);
#355=FACE_OUTER_BOUND('',#660,.T.);
#356=FACE_OUTER_BOUND('',#661,.T.);
#357=FACE_OUTER_BOUND('',#662,.T.);
#358=FACE_OUTER_BOUND('',#663,.T.);
#359=FACE_OUTER_BOUND('',#664,.T.);
#360=FACE_OUTER_BOUND('',#665,.T.);
#361=FACE_OUTER_BOUND('',#666,.T.);
#362=FACE_OUTER_BOUND('',#667,.T.);
#363=FACE_OUTER_BOUND('',#668,.T.);
#364=FACE_OUTER_BOUND('',#669,.T.);
#365=FACE_OUTER_BOUND('',#670,.T.);
#366=FACE_OUTER_BOUND('',#671,.T.);
#367=FACE_OUTER_BOUND('',#672,.T.);
#368=FACE_OUTER_BOUND('',#673,.T.);
#369=FACE_OUTER_BOUND('',#674,.T.);
#370=FACE_OUTER_BOUND('',#675,.T.);
#371=FACE_OUTER_BOUND('',#676,.T.);
#372=FACE_OUTER_BOUND('',#677,.T.);
#373=FACE_OUTER_BOUND('',#678,.T.);
#374=FACE_OUTER_BOUND('',#679,.T.);
#375=FACE_OUTER_BOUND('',#680,.T.);
#376=FACE_OUTER_BOUND('',#681,.T.);
#377=FACE_OUTER_BOUND('',#682,.T.);
#378=FACE_OUTER_BOUND('',#683,.T.);
#379=FACE_OUTER_BOUND('',#684,.T.);
#380=FACE_OUTER_BOUND('',#685,.T.);
#381=FACE_OUTER_BOUND('',#686,.T.);
#382=FACE_OUTER_BOUND('',#687,.T.);
#383=FACE_OUTER_BOUND('',#688,.T.);
#384=FACE_OUTER_BOUND('',#689,.T.);
#385=FACE_OUTER_BOUND('',#690,.T.);
#386=FACE_OUTER_BOUND('',#691,.T.);
#387=FACE_OUTER_BOUND('',#692,.T.);
#388=FACE_OUTER_BOUND('',#693,.T.);
#389=FACE_OUTER_BOUND('',#694,.T.);
#390=FACE_OUTER_BOUND('',#695,.T.);
#391=FACE_OUTER_BOUND('',#696,.T.);
#392=FACE_OUTER_BOUND('',#697,.T.);
#393=FACE_OUTER_BOUND('',#698,.T.);
#394=FACE_OUTER_BOUND('',#699,.T.);
#395=FACE_OUTER_BOUND('',#700,.T.);
#396=FACE_OUTER_BOUND('',#701,.T.);
#397=FACE_OUTER_BOUND('',#702,.T.);
#398=FACE_OUTER_BOUND('',#703,.T.);
#399=FACE_OUTER_BOUND('',#704,.T.);
#400=FACE_OUTER_BOUND('',#705,.T.);
#401=FACE_OUTER_BOUND('',#706,.T.);
#402=FACE_OUTER_BOUND('',#707,.T.);
#403=FACE_OUTER_BOUND('',#708,.T.);
#404=FACE_OUTER_BOUND('',#709,.T.);
#405=FACE_OUTER_BOUND('',#710,.T.);
#406=FACE_OUTER_BOUND('',#711,.T.);
#407=FACE_OUTER_BOUND('',#712,.T.);
#408=FACE_OUTER_BOUND('',#713,.T.);
#409=FACE_OUTER_BOUND('',#714,.T.);
#410=FACE_OUTER_BOUND('',#715,.T.);
#411=FACE_OUTER_BOUND('',#716,.T.);
#412=FACE_OUTER_BOUND('',#717,.T.);
#413=FACE_OUTER_BOUND('',#718,.T.);
#414=FACE_OUTER_BOUND('',#719,.T.);
#415=FACE_OUTER_BOUND('',#720,.T.);
#416=FACE_OUTER_BOUND('',#721,.T.);
#417=FACE_OUTER_BOUND('',#722,.T.);
#418=FACE_OUTER_BOUND('',#723,.T.);
#419=FACE_OUTER_BOUND('',#724,.T.);
#420=FACE_OUTER_BOUND('',#725,.T.);
#421=FACE_OUTER_BOUND('',#726,.T.);
#422=FACE_OUTER_BOUND('',#727,.T.);
#423=FACE_OUTER_BOUND('',#728,.T.);
#424=FACE_OUTER_BOUND('',#729,.T.);
#425=FACE_OUTER_BOUND('',#730,.T.);
#426=FACE_OUTER_BOUND('',#733,.T.);
#427=FACE_OUTER_BOUND('',#734,.T.);
#428=FACE_OUTER_BOUND('',#735,.T.);
#429=FACE_OUTER_BOUND('',#736,.T.);
#430=FACE_OUTER_BOUND('',#737,.T.);
#431=FACE_OUTER_BOUND('',#738,.T.);
#432=FACE_OUTER_BOUND('',#739,.T.);
#433=FACE_OUTER_BOUND('',#740,.T.);
#434=FACE_OUTER_BOUND('',#741,.T.);
#435=FACE_OUTER_BOUND('',#742,.T.);
#436=FACE_OUTER_BOUND('',#743,.T.);
#437=FACE_OUTER_BOUND('',#744,.T.);
#438=FACE_OUTER_BOUND('',#745,.T.);
#439=FACE_OUTER_BOUND('',#746,.T.);
#440=FACE_OUTER_BOUND('',#747,.T.);
#441=FACE_OUTER_BOUND('',#748,.T.);
#442=FACE_OUTER_BOUND('',#749,.T.);
#443=FACE_OUTER_BOUND('',#750,.T.);
#444=FACE_OUTER_BOUND('',#751,.T.);
#445=FACE_OUTER_BOUND('',#752,.T.);
#446=FACE_OUTER_BOUND('',#753,.T.);
#447=FACE_OUTER_BOUND('',#754,.T.);
#448=FACE_OUTER_BOUND('',#755,.T.);
#449=FACE_OUTER_BOUND('',#756,.T.);
#450=FACE_OUTER_BOUND('',#757,.T.);
#451=FACE_OUTER_BOUND('',#758,.T.);
#452=FACE_OUTER_BOUND('',#759,.T.);
#453=FACE_OUTER_BOUND('',#760,.T.);
#454=FACE_OUTER_BOUND('',#761,.T.);
#455=FACE_OUTER_BOUND('',#762,.T.);
#456=FACE_OUTER_BOUND('',#763,.T.);
#457=FACE_OUTER_BOUND('',#764,.T.);
#458=FACE_OUTER_BOUND('',#765,.T.);
#459=FACE_OUTER_BOUND('',#766,.T.);
#460=FACE_OUTER_BOUND('',#767,.T.);
#461=FACE_OUTER_BOUND('',#768,.T.);
#462=FACE_OUTER_BOUND('',#769,.T.);
#463=FACE_OUTER_BOUND('',#770,.T.);
#464=FACE_OUTER_BOUND('',#771,.T.);
#465=FACE_OUTER_BOUND('',#772,.T.);
#466=FACE_OUTER_BOUND('',#773,.T.);
#467=FACE_OUTER_BOUND('',#774,.T.);
#468=FACE_OUTER_BOUND('',#775,.T.);
#469=FACE_OUTER_BOUND('',#776,.T.);
#470=FACE_OUTER_BOUND('',#777,.T.);
#471=FACE_OUTER_BOUND('',#778,.T.);
#472=FACE_OUTER_BOUND('',#779,.T.);
#473=FACE_OUTER_BOUND('',#780,.T.);
#474=FACE_OUTER_BOUND('',#781,.T.);
#475=FACE_OUTER_BOUND('',#784,.T.);
#476=FACE_OUTER_BOUND('',#785,.T.);
#477=FACE_OUTER_BOUND('',#786,.T.);
#478=FACE_OUTER_BOUND('',#787,.T.);
#479=FACE_OUTER_BOUND('',#788,.T.);
#480=FACE_OUTER_BOUND('',#789,.T.);
#481=FACE_OUTER_BOUND('',#790,.T.);
#482=FACE_OUTER_BOUND('',#791,.T.);
#483=FACE_OUTER_BOUND('',#792,.T.);
#484=FACE_OUTER_BOUND('',#793,.T.);
#485=FACE_OUTER_BOUND('',#794,.T.);
#486=FACE_OUTER_BOUND('',#795,.T.);
#487=FACE_OUTER_BOUND('',#798,.T.);
#488=FACE_OUTER_BOUND('',#799,.T.);
#489=FACE_OUTER_BOUND('',#800,.T.);
#490=FACE_OUTER_BOUND('',#801,.T.);
#491=FACE_OUTER_BOUND('',#802,.T.);
#492=FACE_OUTER_BOUND('',#803,.T.);
#493=FACE_OUTER_BOUND('',#804,.T.);
#494=FACE_OUTER_BOUND('',#805,.T.);
#495=FACE_OUTER_BOUND('',#806,.T.);
#496=FACE_OUTER_BOUND('',#807,.T.);
#497=FACE_OUTER_BOUND('',#808,.T.);
#498=FACE_OUTER_BOUND('',#809,.T.);
#499=FACE_OUTER_BOUND('',#810,.T.);
#500=FACE_OUTER_BOUND('',#811,.T.);
#501=FACE_OUTER_BOUND('',#812,.T.);
#502=FACE_OUTER_BOUND('',#813,.T.);
#503=FACE_OUTER_BOUND('',#814,.T.);
#504=FACE_OUTER_BOUND('',#815,.T.);
#505=FACE_OUTER_BOUND('',#816,.T.);
#506=FACE_OUTER_BOUND('',#817,.T.);
#507=FACE_OUTER_BOUND('',#818,.T.);
#508=FACE_OUTER_BOUND('',#819,.T.);
#509=FACE_OUTER_BOUND('',#820,.T.);
#510=FACE_OUTER_BOUND('',#821,.T.);
#511=FACE_OUTER_BOUND('',#822,.T.);
#512=FACE_OUTER_BOUND('',#823,.T.);
#513=FACE_OUTER_BOUND('',#824,.T.);
#514=FACE_OUTER_BOUND('',#825,.T.);
#515=FACE_OUTER_BOUND('',#826,.T.);
#516=FACE_OUTER_BOUND('',#827,.T.);
#517=FACE_OUTER_BOUND('',#828,.T.);
#518=FACE_OUTER_BOUND('',#829,.T.);
#519=FACE_OUTER_BOUND('',#830,.T.);
#520=FACE_OUTER_BOUND('',#831,.T.);
#521=FACE_OUTER_BOUND('',#832,.T.);
#522=FACE_OUTER_BOUND('',#833,.T.);
#523=FACE_OUTER_BOUND('',#834,.T.);
#524=FACE_OUTER_BOUND('',#835,.T.);
#525=FACE_OUTER_BOUND('',#836,.T.);
#526=FACE_OUTER_BOUND('',#837,.T.);
#527=FACE_OUTER_BOUND('',#838,.T.);
#528=FACE_OUTER_BOUND('',#839,.T.);
#529=FACE_OUTER_BOUND('',#840,.T.);
#530=FACE_OUTER_BOUND('',#841,.T.);
#531=FACE_OUTER_BOUND('',#842,.T.);
#532=FACE_OUTER_BOUND('',#843,.T.);
#533=FACE_OUTER_BOUND('',#844,.T.);
#534=FACE_OUTER_BOUND('',#845,.T.);
#535=FACE_OUTER_BOUND('',#846,.T.);
#536=FACE_OUTER_BOUND('',#847,.T.);
#537=FACE_OUTER_BOUND('',#848,.T.);
#538=FACE_OUTER_BOUND('',#849,.T.);
#539=FACE_OUTER_BOUND('',#850,.T.);
#540=FACE_OUTER_BOUND('',#851,.T.);
#541=FACE_OUTER_BOUND('',#852,.T.);
#542=FACE_OUTER_BOUND('',#853,.T.);
#543=FACE_OUTER_BOUND('',#854,.T.);
#544=FACE_OUTER_BOUND('',#855,.T.);
#545=FACE_OUTER_BOUND('',#856,.T.);
#546=FACE_OUTER_BOUND('',#857,.T.);
#547=FACE_OUTER_BOUND('',#858,.T.);
#548=FACE_OUTER_BOUND('',#859,.T.);
#549=FACE_OUTER_BOUND('',#860,.T.);
#550=FACE_OUTER_BOUND('',#861,.T.);
#551=FACE_OUTER_BOUND('',#862,.T.);
#552=FACE_OUTER_BOUND('',#863,.T.);
#553=FACE_OUTER_BOUND('',#864,.T.);
#554=FACE_OUTER_BOUND('',#865,.T.);
#555=FACE_OUTER_BOUND('',#866,.T.);
#556=FACE_OUTER_BOUND('',#867,.T.);
#557=FACE_OUTER_BOUND('',#868,.T.);
#558=FACE_OUTER_BOUND('',#869,.T.);
#559=FACE_OUTER_BOUND('',#870,.T.);
#560=FACE_OUTER_BOUND('',#871,.T.);
#561=FACE_OUTER_BOUND('',#872,.T.);
#562=FACE_OUTER_BOUND('',#873,.T.);
#563=FACE_OUTER_BOUND('',#874,.T.);
#564=FACE_OUTER_BOUND('',#875,.T.);
#565=FACE_OUTER_BOUND('',#876,.T.);
#566=FACE_OUTER_BOUND('',#877,.T.);
#567=FACE_OUTER_BOUND('',#878,.T.);
#568=FACE_OUTER_BOUND('',#879,.T.);
#569=FACE_OUTER_BOUND('',#880,.T.);
#570=FACE_OUTER_BOUND('',#881,.T.);
#571=FACE_OUTER_BOUND('',#882,.T.);
#572=FACE_OUTER_BOUND('',#883,.T.);
#573=FACE_OUTER_BOUND('',#884,.T.);
#574=FACE_OUTER_BOUND('',#885,.T.);
#575=FACE_OUTER_BOUND('',#886,.T.);
#576=FACE_OUTER_BOUND('',#887,.T.);
#577=FACE_OUTER_BOUND('',#888,.T.);
#578=FACE_OUTER_BOUND('',#889,.T.);
#579=FACE_OUTER_BOUND('',#890,.T.);
#580=FACE_OUTER_BOUND('',#891,.T.);
#581=FACE_OUTER_BOUND('',#892,.T.);
#582=EDGE_LOOP('',(#3130,#3131,#3132,#3133));
#583=EDGE_LOOP('',(#3134,#3135,#3136,#3137));
#584=EDGE_LOOP('',(#3138,#3139,#3140,#3141));
#585=EDGE_LOOP('',(#3142,#3143,#3144,#3145));
#586=EDGE_LOOP('',(#3146,#3147,#3148,#3149));
#587=EDGE_LOOP('',(#3150,#3151,#3152,#3153));
#588=EDGE_LOOP('',(#3154,#3155,#3156,#3157));
#589=EDGE_LOOP('',(#3158,#3159,#3160,#3161));
#590=EDGE_LOOP('',(#3162,#3163,#3164,#3165));
#591=EDGE_LOOP('',(#3166,#3167,#3168,#3169));
#592=EDGE_LOOP('',(#3170,#3171,#3172,#3173));
#593=EDGE_LOOP('',(#3174,#3175,#3176,#3177));
#594=EDGE_LOOP('',(#3178,#3179,#3180,#3181,#3182,#3183,#3184,#3185));
#595=EDGE_LOOP('',(#3186,#3187,#3188,#3189));
#596=EDGE_LOOP('',(#3190,#3191,#3192,#3193));
#597=EDGE_LOOP('',(#3194,#3195,#3196,#3197));
#598=EDGE_LOOP('',(#3198,#3199,#3200,#3201));
#599=EDGE_LOOP('',(#3202,#3203,#3204,#3205));
#600=EDGE_LOOP('',(#3206,#3207,#3208,#3209));
#601=EDGE_LOOP('',(#3210,#3211,#3212,#3213));
#602=EDGE_LOOP('',(#3214,#3215,#3216,#3217));
#603=EDGE_LOOP('',(#3218,#3219,#3220,#3221));
#604=EDGE_LOOP('',(#3222,#3223,#3224,#3225));
#605=EDGE_LOOP('',(#3226,#3227,#3228,#3229));
#606=EDGE_LOOP('',(#3230,#3231,#3232,#3233));
#607=EDGE_LOOP('',(#3234,#3235,#3236,#3237,#3238,#3239,#3240,#3241));
#608=EDGE_LOOP('',(#3242,#3243,#3244,#3245,#3246,#3247,#3248,#3249));
#609=EDGE_LOOP('',(#3250,#3251,#3252,#3253));
#610=EDGE_LOOP('',(#3254,#3255,#3256,#3257));
#611=EDGE_LOOP('',(#3258,#3259,#3260,#3261));
#612=EDGE_LOOP('',(#3262,#3263,#3264,#3265));
#613=EDGE_LOOP('',(#3266,#3267,#3268,#3269));
#614=EDGE_LOOP('',(#3270,#3271,#3272,#3273));
#615=EDGE_LOOP('',(#3274,#3275,#3276,#3277));
#616=EDGE_LOOP('',(#3278,#3279,#3280,#3281));
#617=EDGE_LOOP('',(#3282,#3283,#3284,#3285));
#618=EDGE_LOOP('',(#3286,#3287,#3288,#3289));
#619=EDGE_LOOP('',(#3290,#3291,#3292,#3293));
#620=EDGE_LOOP('',(#3294,#3295,#3296,#3297));
#621=EDGE_LOOP('',(#3298,#3299,#3300));
#622=EDGE_LOOP('',(#3301,#3302,#3303));
#623=EDGE_LOOP('',(#3304,#3305,#3306));
#624=EDGE_LOOP('',(#3307,#3308,#3309));
#625=EDGE_LOOP('',(#3310,#3311,#3312,#3313));
#626=EDGE_LOOP('',(#3314,#3315,#3316,#3317));
#627=EDGE_LOOP('',(#3318,#3319,#3320,#3321));
#628=EDGE_LOOP('',(#3322,#3323,#3324,#3325));
#629=EDGE_LOOP('',(#3326,#3327,#3328,#3329));
#630=EDGE_LOOP('',(#3330,#3331,#3332,#3333));
#631=EDGE_LOOP('',(#3334,#3335,#3336,#3337));
#632=EDGE_LOOP('',(#3338,#3339,#3340,#3341));
#633=EDGE_LOOP('',(#3342,#3343,#3344,#3345));
#634=EDGE_LOOP('',(#3346,#3347,#3348,#3349));
#635=EDGE_LOOP('',(#3350,#3351,#3352,#3353));
#636=EDGE_LOOP('',(#3354,#3355,#3356,#3357));
#637=EDGE_LOOP('',(#3358,#3359,#3360,#3361,#3362,#3363,#3364,#3365,#3366,
#3367,#3368,#3369,#3370,#3371,#3372,#3373,#3374,#3375,#3376,#3377));
#638=EDGE_LOOP('',(#3378,#3379,#3380,#3381,#3382,#3383,#3384,#3385,#3386,
#3387,#3388,#3389));
#639=EDGE_LOOP('',(#3390,#3391,#3392,#3393,#3394,#3395,#3396,#3397,#3398,
#3399,#3400,#3401));
#640=EDGE_LOOP('',(#3402,#3403,#3404,#3405));
#641=EDGE_LOOP('',(#3406,#3407,#3408,#3409,#3410,#3411,#3412,#3413));
#642=EDGE_LOOP('',(#3414,#3415,#3416,#3417));
#643=EDGE_LOOP('',(#3418,#3419,#3420,#3421));
#644=EDGE_LOOP('',(#3422,#3423,#3424,#3425));
#645=EDGE_LOOP('',(#3426,#3427,#3428,#3429));
#646=EDGE_LOOP('',(#3430,#3431,#3432,#3433));
#647=EDGE_LOOP('',(#3434,#3435,#3436,#3437));
#648=EDGE_LOOP('',(#3438,#3439,#3440,#3441,#3442,#3443,#3444,#3445));
#649=EDGE_LOOP('',(#3446,#3447,#3448,#3449));
#650=EDGE_LOOP('',(#3450,#3451,#3452,#3453,#3454,#3455,#3456,#3457,#3458,
#3459,#3460,#3461,#3462,#3463,#3464,#3465,#3466,#3467,#3468,#3469,#3470,
#3471,#3472,#3473));
#651=EDGE_LOOP('',(#3474,#3475,#3476,#3477));
#652=EDGE_LOOP('',(#3478,#3479,#3480,#3481));
#653=EDGE_LOOP('',(#3482,#3483,#3484,#3485));
#654=EDGE_LOOP('',(#3486,#3487,#3488,#3489));
#655=EDGE_LOOP('',(#3490,#3491,#3492,#3493));
#656=EDGE_LOOP('',(#3494,#3495,#3496,#3497));
#657=EDGE_LOOP('',(#3498,#3499,#3500));
#658=EDGE_LOOP('',(#3501,#3502,#3503,#3504));
#659=EDGE_LOOP('',(#3505,#3506,#3507,#3508));
#660=EDGE_LOOP('',(#3509,#3510,#3511,#3512));
#661=EDGE_LOOP('',(#3513,#3514,#3515,#3516));
#662=EDGE_LOOP('',(#3517,#3518,#3519,#3520));
#663=EDGE_LOOP('',(#3521,#3522,#3523,#3524,#3525));
#664=EDGE_LOOP('',(#3526,#3527,#3528,#3529));
#665=EDGE_LOOP('',(#3530,#3531,#3532,#3533,#3534,#3535,#3536));
#666=EDGE_LOOP('',(#3537,#3538,#3539));
#667=EDGE_LOOP('',(#3540,#3541,#3542,#3543,#3544,#3545,#3546,#3547,#3548,
#3549));
#668=EDGE_LOOP('',(#3550,#3551,#3552,#3553));
#669=EDGE_LOOP('',(#3554,#3555,#3556));
#670=EDGE_LOOP('',(#3557,#3558,#3559));
#671=EDGE_LOOP('',(#3560,#3561,#3562,#3563,#3564,#3565,#3566,#3567));
#672=EDGE_LOOP('',(#3568,#3569,#3570));
#673=EDGE_LOOP('',(#3571,#3572,#3573,#3574));
#674=EDGE_LOOP('',(#3575,#3576,#3577,#3578,#3579,#3580,#3581,#3582,#3583,
#3584,#3585,#3586));
#675=EDGE_LOOP('',(#3587,#3588,#3589,#3590));
#676=EDGE_LOOP('',(#3591,#3592,#3593,#3594));
#677=EDGE_LOOP('',(#3595,#3596,#3597,#3598));
#678=EDGE_LOOP('',(#3599,#3600,#3601,#3602,#3603,#3604));
#679=EDGE_LOOP('',(#3605,#3606,#3607,#3608));
#680=EDGE_LOOP('',(#3609,#3610,#3611));
#681=EDGE_LOOP('',(#3612,#3613,#3614,#3615));
#682=EDGE_LOOP('',(#3616,#3617,#3618,#3619));
#683=EDGE_LOOP('',(#3620,#3621,#3622,#3623,#3624,#3625));
#684=EDGE_LOOP('',(#3626,#3627,#3628,#3629));
#685=EDGE_LOOP('',(#3630,#3631,#3632));
#686=EDGE_LOOP('',(#3633,#3634,#3635,#3636));
#687=EDGE_LOOP('',(#3637,#3638,#3639,#3640));
#688=EDGE_LOOP('',(#3641,#3642,#3643,#3644));
#689=EDGE_LOOP('',(#3645,#3646,#3647,#3648));
#690=EDGE_LOOP('',(#3649,#3650,#3651,#3652));
#691=EDGE_LOOP('',(#3653,#3654,#3655,#3656));
#692=EDGE_LOOP('',(#3657,#3658,#3659,#3660));
#693=EDGE_LOOP('',(#3661,#3662,#3663,#3664));
#694=EDGE_LOOP('',(#3665,#3666,#3667,#3668));
#695=EDGE_LOOP('',(#3669,#3670,#3671,#3672));
#696=EDGE_LOOP('',(#3673,#3674,#3675,#3676));
#697=EDGE_LOOP('',(#3677,#3678,#3679,#3680));
#698=EDGE_LOOP('',(#3681,#3682,#3683,#3684));
#699=EDGE_LOOP('',(#3685,#3686,#3687,#3688));
#700=EDGE_LOOP('',(#3689,#3690,#3691,#3692,#3693,#3694,#3695,#3696));
#701=EDGE_LOOP('',(#3697,#3698,#3699,#3700));
#702=EDGE_LOOP('',(#3701,#3702,#3703,#3704));
#703=EDGE_LOOP('',(#3705,#3706,#3707,#3708));
#704=EDGE_LOOP('',(#3709,#3710,#3711,#3712));
#705=EDGE_LOOP('',(#3713,#3714,#3715,#3716));
#706=EDGE_LOOP('',(#3717,#3718,#3719,#3720));
#707=EDGE_LOOP('',(#3721,#3722,#3723,#3724));
#708=EDGE_LOOP('',(#3725,#3726,#3727,#3728));
#709=EDGE_LOOP('',(#3729,#3730,#3731));
#710=EDGE_LOOP('',(#3732,#3733,#3734,#3735));
#711=EDGE_LOOP('',(#3736,#3737,#3738,#3739));
#712=EDGE_LOOP('',(#3740,#3741,#3742,#3743,#3744,#3745,#3746,#3747));
#713=EDGE_LOOP('',(#3748,#3749,#3750,#3751));
#714=EDGE_LOOP('',(#3752,#3753,#3754));
#715=EDGE_LOOP('',(#3755,#3756,#3757,#3758));
#716=EDGE_LOOP('',(#3759,#3760,#3761));
#717=EDGE_LOOP('',(#3762,#3763,#3764,#3765));
#718=EDGE_LOOP('',(#3766,#3767,#3768,#3769));
#719=EDGE_LOOP('',(#3770,#3771,#3772,#3773));
#720=EDGE_LOOP('',(#3774,#3775,#3776,#3777));
#721=EDGE_LOOP('',(#3778,#3779,#3780));
#722=EDGE_LOOP('',(#3781,#3782,#3783,#3784));
#723=EDGE_LOOP('',(#3785,#3786,#3787,#3788));
#724=EDGE_LOOP('',(#3789,#3790,#3791,#3792));
#725=EDGE_LOOP('',(#3793,#3794,#3795,#3796));
#726=EDGE_LOOP('',(#3797,#3798,#3799,#3800));
#727=EDGE_LOOP('',(#3801,#3802,#3803,#3804));
#728=EDGE_LOOP('',(#3805,#3806,#3807,#3808));
#729=EDGE_LOOP('',(#3809,#3810,#3811,#3812));
#730=EDGE_LOOP('',(#3813,#3814,#3815,#3816,#3817,#3818,#3819,#3820,#3821,
#3822,#3823,#3824));
#731=EDGE_LOOP('',(#3825,#3826,#3827,#3828,#3829,#3830,#3831,#3832,#3833,
#3834,#3835,#3836,#3837,#3838,#3839,#3840,#3841));
#732=EDGE_LOOP('',(#3842,#3843,#3844,#3845));
#733=EDGE_LOOP('',(#3846,#3847,#3848,#3849));
#734=EDGE_LOOP('',(#3850,#3851,#3852,#3853));
#735=EDGE_LOOP('',(#3854,#3855,#3856,#3857));
#736=EDGE_LOOP('',(#3858,#3859,#3860));
#737=EDGE_LOOP('',(#3861,#3862,#3863,#3864));
#738=EDGE_LOOP('',(#3865,#3866,#3867,#3868));
#739=EDGE_LOOP('',(#3869,#3870,#3871,#3872));
#740=EDGE_LOOP('',(#3873,#3874,#3875));
#741=EDGE_LOOP('',(#3876,#3877,#3878,#3879));
#742=EDGE_LOOP('',(#3880,#3881,#3882,#3883));
#743=EDGE_LOOP('',(#3884,#3885,#3886,#3887));
#744=EDGE_LOOP('',(#3888,#3889,#3890,#3891));
#745=EDGE_LOOP('',(#3892,#3893,#3894,#3895));
#746=EDGE_LOOP('',(#3896,#3897,#3898,#3899));
#747=EDGE_LOOP('',(#3900,#3901,#3902,#3903));
#748=EDGE_LOOP('',(#3904,#3905,#3906,#3907));
#749=EDGE_LOOP('',(#3908,#3909,#3910,#3911));
#750=EDGE_LOOP('',(#3912,#3913,#3914,#3915));
#751=EDGE_LOOP('',(#3916,#3917,#3918,#3919));
#752=EDGE_LOOP('',(#3920,#3921,#3922,#3923));
#753=EDGE_LOOP('',(#3924,#3925,#3926,#3927));
#754=EDGE_LOOP('',(#3928,#3929,#3930,#3931));
#755=EDGE_LOOP('',(#3932,#3933,#3934,#3935));
#756=EDGE_LOOP('',(#3936,#3937,#3938,#3939));
#757=EDGE_LOOP('',(#3940,#3941,#3942,#3943));
#758=EDGE_LOOP('',(#3944,#3945,#3946,#3947));
#759=EDGE_LOOP('',(#3948,#3949,#3950,#3951));
#760=EDGE_LOOP('',(#3952,#3953,#3954,#3955));
#761=EDGE_LOOP('',(#3956,#3957,#3958,#3959));
#762=EDGE_LOOP('',(#3960,#3961,#3962,#3963));
#763=EDGE_LOOP('',(#3964,#3965,#3966,#3967,#3968,#3969,#3970,#3971,#3972,
#3973,#3974));
#764=EDGE_LOOP('',(#3975,#3976,#3977,#3978));
#765=EDGE_LOOP('',(#3979,#3980,#3981,#3982));
#766=EDGE_LOOP('',(#3983,#3984,#3985,#3986));
#767=EDGE_LOOP('',(#3987,#3988,#3989,#3990));
#768=EDGE_LOOP('',(#3991,#3992,#3993,#3994));
#769=EDGE_LOOP('',(#3995,#3996,#3997,#3998));
#770=EDGE_LOOP('',(#3999,#4000,#4001,#4002,#4003,#4004,#4005,#4006,#4007,
#4008,#4009));
#771=EDGE_LOOP('',(#4010,#4011,#4012,#4013,#4014,#4015,#4016,#4017));
#772=EDGE_LOOP('',(#4018,#4019,#4020,#4021));
#773=EDGE_LOOP('',(#4022,#4023,#4024,#4025));
#774=EDGE_LOOP('',(#4026,#4027,#4028,#4029));
#775=EDGE_LOOP('',(#4030,#4031,#4032,#4033));
#776=EDGE_LOOP('',(#4034,#4035,#4036,#4037));
#777=EDGE_LOOP('',(#4038,#4039,#4040,#4041));
#778=EDGE_LOOP('',(#4042,#4043,#4044,#4045));
#779=EDGE_LOOP('',(#4046,#4047,#4048,#4049));
#780=EDGE_LOOP('',(#4050,#4051,#4052,#4053));
#781=EDGE_LOOP('',(#4054,#4055,#4056,#4057));
#782=EDGE_LOOP('',(#4058,#4059,#4060,#4061,#4062,#4063,#4064,#4065));
#783=EDGE_LOOP('',(#4066,#4067,#4068,#4069,#4070,#4071));
#784=EDGE_LOOP('',(#4072,#4073,#4074,#4075));
#785=EDGE_LOOP('',(#4076,#4077,#4078,#4079));
#786=EDGE_LOOP('',(#4080,#4081,#4082,#4083));
#787=EDGE_LOOP('',(#4084,#4085,#4086,#4087));
#788=EDGE_LOOP('',(#4088,#4089,#4090,#4091));
#789=EDGE_LOOP('',(#4092,#4093,#4094,#4095));
#790=EDGE_LOOP('',(#4096,#4097,#4098,#4099));
#791=EDGE_LOOP('',(#4100,#4101,#4102,#4103));
#792=EDGE_LOOP('',(#4104,#4105,#4106,#4107));
#793=EDGE_LOOP('',(#4108,#4109,#4110,#4111));
#794=EDGE_LOOP('',(#4112,#4113,#4114,#4115));
#795=EDGE_LOOP('',(#4116,#4117,#4118,#4119));
#796=EDGE_LOOP('',(#4120,#4121,#4122,#4123,#4124,#4125,#4126,#4127));
#797=EDGE_LOOP('',(#4128,#4129,#4130,#4131,#4132,#4133));
#798=EDGE_LOOP('',(#4134,#4135,#4136,#4137));
#799=EDGE_LOOP('',(#4138,#4139,#4140,#4141));
#800=EDGE_LOOP('',(#4142,#4143,#4144,#4145));
#801=EDGE_LOOP('',(#4146,#4147,#4148,#4149));
#802=EDGE_LOOP('',(#4150,#4151,#4152,#4153));
#803=EDGE_LOOP('',(#4154,#4155,#4156,#4157));
#804=EDGE_LOOP('',(#4158,#4159,#4160,#4161,#4162,#4163,#4164,#4165));
#805=EDGE_LOOP('',(#4166,#4167,#4168,#4169));
#806=EDGE_LOOP('',(#4170,#4171,#4172,#4173));
#807=EDGE_LOOP('',(#4174,#4175,#4176,#4177));
#808=EDGE_LOOP('',(#4178,#4179,#4180,#4181,#4182,#4183,#4184,#4185));
#809=EDGE_LOOP('',(#4186,#4187,#4188,#4189));
#810=EDGE_LOOP('',(#4190,#4191,#4192,#4193));
#811=EDGE_LOOP('',(#4194,#4195,#4196,#4197));
#812=EDGE_LOOP('',(#4198,#4199,#4200,#4201));
#813=EDGE_LOOP('',(#4202,#4203,#4204,#4205));
#814=EDGE_LOOP('',(#4206,#4207,#4208,#4209));
#815=EDGE_LOOP('',(#4210,#4211,#4212,#4213));
#816=EDGE_LOOP('',(#4214,#4215,#4216,#4217));
#817=EDGE_LOOP('',(#4218,#4219,#4220,#4221));
#818=EDGE_LOOP('',(#4222,#4223,#4224,#4225));
#819=EDGE_LOOP('',(#4226,#4227,#4228,#4229));
#820=EDGE_LOOP('',(#4230,#4231,#4232,#4233));
#821=EDGE_LOOP('',(#4234,#4235,#4236,#4237));
#822=EDGE_LOOP('',(#4238,#4239,#4240,#4241));
#823=EDGE_LOOP('',(#4242,#4243,#4244,#4245));
#824=EDGE_LOOP('',(#4246,#4247,#4248,#4249));
#825=EDGE_LOOP('',(#4250,#4251,#4252,#4253));
#826=EDGE_LOOP('',(#4254,#4255,#4256,#4257));
#827=EDGE_LOOP('',(#4258,#4259,#4260,#4261));
#828=EDGE_LOOP('',(#4262,#4263,#4264,#4265));
#829=EDGE_LOOP('',(#4266,#4267,#4268,#4269));
#830=EDGE_LOOP('',(#4270,#4271,#4272,#4273));
#831=EDGE_LOOP('',(#4274,#4275,#4276,#4277));
#832=EDGE_LOOP('',(#4278,#4279,#4280,#4281));
#833=EDGE_LOOP('',(#4282,#4283,#4284,#4285));
#834=EDGE_LOOP('',(#4286,#4287,#4288,#4289));
#835=EDGE_LOOP('',(#4290,#4291,#4292,#4293));
#836=EDGE_LOOP('',(#4294,#4295,#4296,#4297));
#837=EDGE_LOOP('',(#4298,#4299,#4300,#4301));
#838=EDGE_LOOP('',(#4302,#4303,#4304,#4305));
#839=EDGE_LOOP('',(#4306,#4307,#4308,#4309));
#840=EDGE_LOOP('',(#4310,#4311,#4312,#4313));
#841=EDGE_LOOP('',(#4314,#4315,#4316,#4317));
#842=EDGE_LOOP('',(#4318,#4319,#4320,#4321));
#843=EDGE_LOOP('',(#4322,#4323,#4324,#4325));
#844=EDGE_LOOP('',(#4326,#4327,#4328,#4329,#4330));
#845=EDGE_LOOP('',(#4331,#4332,#4333,#4334));
#846=EDGE_LOOP('',(#4335,#4336,#4337,#4338,#4339));
#847=EDGE_LOOP('',(#4340,#4341,#4342,#4343,#4344,#4345,#4346,#4347,#4348,
#4349,#4350,#4351));
#848=EDGE_LOOP('',(#4352,#4353,#4354,#4355));
#849=EDGE_LOOP('',(#4356,#4357,#4358,#4359));
#850=EDGE_LOOP('',(#4360,#4361,#4362,#4363));
#851=EDGE_LOOP('',(#4364,#4365,#4366,#4367));
#852=EDGE_LOOP('',(#4368,#4369,#4370,#4371));
#853=EDGE_LOOP('',(#4372,#4373,#4374,#4375));
#854=EDGE_LOOP('',(#4376,#4377,#4378,#4379));
#855=EDGE_LOOP('',(#4380,#4381,#4382,#4383));
#856=EDGE_LOOP('',(#4384,#4385,#4386,#4387));
#857=EDGE_LOOP('',(#4388,#4389,#4390));
#858=EDGE_LOOP('',(#4391,#4392,#4393,#4394,#4395,#4396,#4397,#4398,#4399));
#859=EDGE_LOOP('',(#4400,#4401,#4402,#4403));
#860=EDGE_LOOP('',(#4404,#4405,#4406,#4407));
#861=EDGE_LOOP('',(#4408,#4409,#4410,#4411));
#862=EDGE_LOOP('',(#4412,#4413,#4414,#4415));
#863=EDGE_LOOP('',(#4416,#4417,#4418,#4419));
#864=EDGE_LOOP('',(#4420,#4421,#4422,#4423));
#865=EDGE_LOOP('',(#4424,#4425,#4426,#4427));
#866=EDGE_LOOP('',(#4428,#4429,#4430,#4431));
#867=EDGE_LOOP('',(#4432,#4433,#4434,#4435));
#868=EDGE_LOOP('',(#4436,#4437,#4438,#4439,#4440,#4441,#4442,#4443));
#869=EDGE_LOOP('',(#4444,#4445,#4446,#4447));
#870=EDGE_LOOP('',(#4448,#4449,#4450,#4451));
#871=EDGE_LOOP('',(#4452,#4453,#4454,#4455));
#872=EDGE_LOOP('',(#4456,#4457,#4458,#4459));
#873=EDGE_LOOP('',(#4460,#4461,#4462,#4463));
#874=EDGE_LOOP('',(#4464,#4465,#4466,#4467));
#875=EDGE_LOOP('',(#4468,#4469,#4470,#4471));
#876=EDGE_LOOP('',(#4472,#4473,#4474,#4475));
#877=EDGE_LOOP('',(#4476,#4477,#4478,#4479));
#878=EDGE_LOOP('',(#4480,#4481,#4482,#4483,#4484));
#879=EDGE_LOOP('',(#4485,#4486,#4487,#4488,#4489,#4490,#4491,#4492,#4493,
#4494,#4495,#4496,#4497,#4498));
#880=EDGE_LOOP('',(#4499,#4500,#4501,#4502));
#881=EDGE_LOOP('',(#4503,#4504,#4505,#4506,#4507,#4508,#4509,#4510));
#882=EDGE_LOOP('',(#4511,#4512,#4513,#4514));
#883=EDGE_LOOP('',(#4515,#4516,#4517,#4518));
#884=EDGE_LOOP('',(#4519,#4520,#4521,#4522));
#885=EDGE_LOOP('',(#4523,#4524,#4525,#4526));
#886=EDGE_LOOP('',(#4527,#4528,#4529,#4530,#4531));
#887=EDGE_LOOP('',(#4532,#4533,#4534,#4535));
#888=EDGE_LOOP('',(#4536,#4537,#4538,#4539));
#889=EDGE_LOOP('',(#4540,#4541,#4542,#4543,#4544,#4545,#4546,#4547));
#890=EDGE_LOOP('',(#4548,#4549,#4550,#4551));
#891=EDGE_LOOP('',(#4552,#4553,#4554,#4555));
#892=EDGE_LOOP('',(#4556,#4557,#4558,#4559));
#893=LINE('',#7088,#1320);
#894=LINE('',#7091,#1321);
#895=LINE('',#7110,#1322);
#896=LINE('',#7111,#1323);
#897=LINE('',#7130,#1324);
#898=LINE('',#7131,#1325);
#899=LINE('',#7150,#1326);
#900=LINE('',#7151,#1327);
#901=LINE('',#7165,#1328);
#902=LINE('',#7168,#1329);
#903=LINE('',#7171,#1330);
#904=LINE('',#7172,#1331);
#905=LINE('',#7175,#1332);
#906=LINE('',#7179,#1333);
#907=LINE('',#7180,#1334);
#908=LINE('',#7184,#1335);
#909=LINE('',#7186,#1336);
#910=LINE('',#7187,#1337);
#911=LINE('',#7190,#1338);
#912=LINE('',#7193,#1339);
#913=LINE('',#7201,#1340);
#914=LINE('',#7209,#1341);
#915=LINE('',#7217,#1342);
#916=LINE('',#7225,#1343);
#917=LINE('',#7231,#1344);
#918=LINE('',#7235,#1345);
#919=LINE('',#7239,#1346);
#920=LINE('',#7243,#1347);
#921=LINE('',#7249,#1348);
#922=LINE('',#7258,#1349);
#923=LINE('',#7266,#1350);
#924=LINE('',#7274,#1351);
#925=LINE('',#7279,#1352);
#926=LINE('',#7282,#1353);
#927=LINE('',#7285,#1354);
#928=LINE('',#7286,#1355);
#929=LINE('',#7289,#1356);
#930=LINE('',#7293,#1357);
#931=LINE('',#7294,#1358);
#932=LINE('',#7413,#1359);
#933=LINE('',#7414,#1360);
#934=LINE('',#7416,#1361);
#935=LINE('',#7418,#1362);
#936=LINE('',#7420,#1363);
#937=LINE('',#7421,#1364);
#938=LINE('',#7424,#1365);
#939=LINE('',#7425,#1366);
#940=LINE('',#7427,#1367);
#941=LINE('',#7433,#1368);
#942=LINE('',#7435,#1369);
#943=LINE('',#7437,#1370);
#944=LINE('',#7438,#1371);
#945=LINE('',#7442,#1372);
#946=LINE('',#7444,#1373);
#947=LINE('',#7446,#1374);
#948=LINE('',#7447,#1375);
#949=LINE('',#7449,#1376);
#950=LINE('',#7450,#1377);
#951=LINE('',#7453,#1378);
#952=LINE('',#7457,#1379);
#953=LINE('',#7461,#1380);
#954=LINE('',#7465,#1381);
#955=LINE('',#7468,#1382);
#956=LINE('',#7470,#1383);
#957=LINE('',#7474,#1384);
#958=LINE('',#7478,#1385);
#959=LINE('',#7482,#1386);
#960=LINE('',#7485,#1387);
#961=LINE('',#7488,#1388);
#962=LINE('',#7490,#1389);
#963=LINE('',#7492,#1390);
#964=LINE('',#7494,#1391);
#965=LINE('',#7496,#1392);
#966=LINE('',#7498,#1393);
#967=LINE('',#7499,#1394);
#968=LINE('',#7505,#1395);
#969=LINE('',#7509,#1396);
#970=LINE('',#7511,#1397);
#971=LINE('',#7513,#1398);
#972=LINE('',#7515,#1399);
#973=LINE('',#7517,#1400);
#974=LINE('',#7521,#1401);
#975=LINE('',#7524,#1402);
#976=LINE('',#7528,#1403);
#977=LINE('',#7530,#1404);
#978=LINE('',#7532,#1405);
#979=LINE('',#7533,#1406);
#980=LINE('',#7536,#1407);
#981=LINE('',#7538,#1408);
#982=LINE('',#7540,#1409);
#983=LINE('',#7542,#1410);
#984=LINE('',#7544,#1411);
#985=LINE('',#7546,#1412);
#986=LINE('',#7547,#1413);
#987=LINE('',#7551,#1414);
#988=LINE('',#7553,#1415);
#989=LINE('',#7555,#1416);
#990=LINE('',#7556,#1417);
#991=LINE('',#7559,#1418);
#992=LINE('',#7561,#1419);
#993=LINE('',#7562,#1420);
#994=LINE('',#7565,#1421);
#995=LINE('',#7567,#1422);
#996=LINE('',#7568,#1423);
#997=LINE('',#7572,#1424);
#998=LINE('',#7574,#1425);
#999=LINE('',#7576,#1426);
#1000=LINE('',#7577,#1427);
#1001=LINE('',#7580,#1428);
#1002=LINE('',#7582,#1429);
#1003=LINE('',#7583,#1430);
#1004=LINE('',#7586,#1431);
#1005=LINE('',#7588,#1432);
#1006=LINE('',#7589,#1433);
#1007=LINE('',#7591,#1434);
#1008=LINE('',#7592,#1435);
#1009=LINE('',#7596,#1436);
#1010=LINE('',#7597,#1437);
#1011=LINE('',#7598,#1438);
#1012=LINE('',#7600,#1439);
#1013=LINE('',#7602,#1440);
#1014=LINE('',#7604,#1441);
#1015=LINE('',#7606,#1442);
#1016=LINE('',#7608,#1443);
#1017=LINE('',#7610,#1444);
#1018=LINE('',#7612,#1445);
#1019=LINE('',#7614,#1446);
#1020=LINE('',#7616,#1447);
#1021=LINE('',#7618,#1448);
#1022=LINE('',#7619,#1449);
#1023=LINE('',#7621,#1450);
#1024=LINE('',#7622,#1451);
#1025=LINE('',#7623,#1452);
#1026=LINE('',#7624,#1453);
#1027=LINE('',#7628,#1454);
#1028=LINE('',#7629,#1455);
#1029=LINE('',#7630,#1456);
#1030=LINE('',#7633,#1457);
#1031=LINE('',#7634,#1458);
#1032=LINE('',#7638,#1459);
#1033=LINE('',#7639,#1460);
#1034=LINE('',#7640,#1461);
#1035=LINE('',#7643,#1462);
#1036=LINE('',#7644,#1463);
#1037=LINE('',#7647,#1464);
#1038=LINE('',#7648,#1465);
#1039=LINE('',#7652,#1466);
#1040=LINE('',#7656,#1467);
#1041=LINE('',#7708,#1468);
#1042=LINE('',#7710,#1469);
#1043=LINE('',#7713,#1470);
#1044=LINE('',#7714,#1471);
#1045=LINE('',#7733,#1472);
#1046=LINE('',#7734,#1473);
#1047=LINE('',#7737,#1474);
#1048=LINE('',#7738,#1475);
#1049=LINE('',#7741,#1476);
#1050=LINE('',#7742,#1477);
#1051=LINE('',#7745,#1478);
#1052=LINE('',#7747,#1479);
#1053=LINE('',#7748,#1480);
#1054=LINE('',#7781,#1481);
#1055=LINE('',#7785,#1482);
#1056=LINE('',#7789,#1483);
#1057=LINE('',#7819,#1484);
#1058=LINE('',#7822,#1485);
#1059=LINE('',#7824,#1486);
#1060=LINE('',#7825,#1487);
#1061=LINE('',#7861,#1488);
#1062=LINE('',#7862,#1489);
#1063=LINE('',#7865,#1490);
#1064=LINE('',#7869,#1491);
#1065=LINE('',#7873,#1492);
#1066=LINE('',#7877,#1493);
#1067=LINE('',#7881,#1494);
#1068=LINE('',#7884,#1495);
#1069=LINE('',#7885,#1496);
#1070=LINE('',#7888,#1497);
#1071=LINE('',#7891,#1498);
#1072=LINE('',#7894,#1499);
#1073=LINE('',#7895,#1500);
#1074=LINE('',#7899,#1501);
#1075=LINE('',#7929,#1502);
#1076=LINE('',#7931,#1503);
#1077=LINE('',#7934,#1504);
#1078=LINE('',#7935,#1505);
#1079=LINE('',#7938,#1506);
#1080=LINE('',#7969,#1507);
#1081=LINE('',#7987,#1508);
#1082=LINE('',#7990,#1509);
#1083=LINE('',#7993,#1510);
#1084=LINE('',#7995,#1511);
#1085=LINE('',#8013,#1512);
#1086=LINE('',#8015,#1513);
#1087=LINE('',#8034,#1514);
#1088=LINE('',#8035,#1515);
#1089=LINE('',#8037,#1516);
#1090=LINE('',#8038,#1517);
#1091=LINE('',#8055,#1518);
#1092=LINE('',#8057,#1519);
#1093=LINE('',#8059,#1520);
#1094=LINE('',#8078,#1521);
#1095=LINE('',#8082,#1522);
#1096=LINE('',#8084,#1523);
#1097=LINE('',#8086,#1524);
#1098=LINE('',#8092,#1525);
#1099=LINE('',#8095,#1526);
#1100=LINE('',#8126,#1527);
#1101=LINE('',#8129,#1528);
#1102=LINE('',#8132,#1529);
#1103=LINE('',#8133,#1530);
#1104=LINE('',#8136,#1531);
#1105=LINE('',#8140,#1532);
#1106=LINE('',#8144,#1533);
#1107=LINE('',#8148,#1534);
#1108=LINE('',#8178,#1535);
#1109=LINE('',#8179,#1536);
#1110=LINE('',#8211,#1537);
#1111=LINE('',#8213,#1538);
#1112=LINE('',#8216,#1539);
#1113=LINE('',#8219,#1540);
#1114=LINE('',#8222,#1541);
#1115=LINE('',#8224,#1542);
#1116=LINE('',#8252,#1543);
#1117=LINE('',#8253,#1544);
#1118=LINE('',#8273,#1545);
#1119=LINE('',#8274,#1546);
#1120=LINE('',#8277,#1547);
#1121=LINE('',#8280,#1548);
#1122=LINE('',#8282,#1549);
#1123=LINE('',#8298,#1550);
#1124=LINE('',#8304,#1551);
#1125=LINE('',#8308,#1552);
#1126=LINE('',#8312,#1553);
#1127=LINE('',#8313,#1554);
#1128=LINE('',#8315,#1555);
#1129=LINE('',#8317,#1556);
#1130=LINE('',#8320,#1557);
#1131=LINE('',#8321,#1558);
#1132=LINE('',#8322,#1559);
#1133=LINE('',#8323,#1560);
#1134=LINE('',#8324,#1561);
#1135=LINE('',#8325,#1562);
#1136=LINE('',#8327,#1563);
#1137=LINE('',#8331,#1564);
#1138=LINE('',#8361,#1565);
#1139=LINE('',#8364,#1566);
#1140=LINE('',#8411,#1567);
#1141=LINE('',#8412,#1568);
#1142=LINE('',#8415,#1569);
#1143=LINE('',#8418,#1570);
#1144=LINE('',#8432,#1571);
#1145=LINE('',#8435,#1572);
#1146=LINE('',#8438,#1573);
#1147=LINE('',#8452,#1574);
#1148=LINE('',#8455,#1575);
#1149=LINE('',#8458,#1576);
#1150=LINE('',#8474,#1577);
#1151=LINE('',#8475,#1578);
#1152=LINE('',#8478,#1579);
#1153=LINE('',#8479,#1580);
#1154=LINE('',#8483,#1581);
#1155=LINE('',#8486,#1582);
#1156=LINE('',#8487,#1583);
#1157=LINE('',#8489,#1584);
#1158=LINE('',#8494,#1585);
#1159=LINE('',#8495,#1586);
#1160=LINE('',#8497,#1587);
#1161=LINE('',#8506,#1588);
#1162=LINE('',#8509,#1589);
#1163=LINE('',#8512,#1590);
#1164=LINE('',#8514,#1591);
#1165=LINE('',#8515,#1592);
#1166=LINE('',#8521,#1593);
#1167=LINE('',#8524,#1594);
#1168=LINE('',#8526,#1595);
#1169=LINE('',#8527,#1596);
#1170=LINE('',#8533,#1597);
#1171=LINE('',#8536,#1598);
#1172=LINE('',#8538,#1599);
#1173=LINE('',#8539,#1600);
#1174=LINE('',#8544,#1601);
#1175=LINE('',#8547,#1602);
#1176=LINE('',#8548,#1603);
#1177=LINE('',#8552,#1604);
#1178=LINE('',#8554,#1605);
#1179=LINE('',#8556,#1606);
#1180=LINE('',#8557,#1607);
#1181=LINE('',#8561,#1608);
#1182=LINE('',#8563,#1609);
#1183=LINE('',#8565,#1610);
#1184=LINE('',#8566,#1611);
#1185=LINE('',#8568,#1612);
#1186=LINE('',#8570,#1613);
#1187=LINE('',#8572,#1614);
#1188=LINE('',#8574,#1615);
#1189=LINE('',#8575,#1616);
#1190=LINE('',#8578,#1617);
#1191=LINE('',#8579,#1618);
#1192=LINE('',#8582,#1619);
#1193=LINE('',#8583,#1620);
#1194=LINE('',#8586,#1621);
#1195=LINE('',#8587,#1622);
#1196=LINE('',#8590,#1623);
#1197=LINE('',#8591,#1624);
#1198=LINE('',#8593,#1625);
#1199=LINE('',#8597,#1626);
#1200=LINE('',#8601,#1627);
#1201=LINE('',#8605,#1628);
#1202=LINE('',#8608,#1629);
#1203=LINE('',#8611,#1630);
#1204=LINE('',#8614,#1631);
#1205=LINE('',#8616,#1632);
#1206=LINE('',#8617,#1633);
#1207=LINE('',#8619,#1634);
#1208=LINE('',#8620,#1635);
#1209=LINE('',#8622,#1636);
#1210=LINE('',#8625,#1637);
#1211=LINE('',#8648,#1638);
#1212=LINE('',#8649,#1639);
#1213=LINE('',#8652,#1640);
#1214=LINE('',#8655,#1641);
#1215=LINE('',#8658,#1642);
#1216=LINE('',#8659,#1643);
#1217=LINE('',#8662,#1644);
#1218=LINE('',#8666,#1645);
#1219=LINE('',#8670,#1646);
#1220=LINE('',#8690,#1647);
#1221=LINE('',#8691,#1648);
#1222=LINE('',#8694,#1649);
#1223=LINE('',#8697,#1650);
#1224=LINE('',#8702,#1651);
#1225=LINE('',#8704,#1652);
#1226=LINE('',#8706,#1653);
#1227=LINE('',#8720,#1654);
#1228=LINE('',#8721,#1655);
#1229=LINE('',#8736,#1656);
#1230=LINE('',#8738,#1657);
#1231=LINE('',#8744,#1658);
#1232=LINE('',#8748,#1659);
#1233=LINE('',#8752,#1660);
#1234=LINE('',#8755,#1661);
#1235=LINE('',#8758,#1662);
#1236=LINE('',#8761,#1663);
#1237=LINE('',#8763,#1664);
#1238=LINE('',#8764,#1665);
#1239=LINE('',#8767,#1666);
#1240=LINE('',#8769,#1667);
#1241=LINE('',#8770,#1668);
#1242=LINE('',#8773,#1669);
#1243=LINE('',#8774,#1670);
#1244=LINE('',#8778,#1671);
#1245=LINE('',#8779,#1672);
#1246=LINE('',#8781,#1673);
#1247=LINE('',#8786,#1674);
#1248=LINE('',#8788,#1675);
#1249=LINE('',#8790,#1676);
#1250=LINE('',#8791,#1677);
#1251=LINE('',#8794,#1678);
#1252=LINE('',#8796,#1679);
#1253=LINE('',#8797,#1680);
#1254=LINE('',#8800,#1681);
#1255=LINE('',#8802,#1682);
#1256=LINE('',#8803,#1683);
#1257=LINE('',#8805,#1684);
#1258=LINE('',#8806,#1685);
#1259=LINE('',#8822,#1686);
#1260=LINE('',#8823,#1687);
#1261=LINE('',#8834,#1688);
#1262=LINE('',#8835,#1689);
#1263=LINE('',#8852,#1690);
#1264=LINE('',#8853,#1691);
#1265=LINE('',#8877,#1692);
#1266=LINE('',#8878,#1693);
#1267=LINE('',#8881,#1694);
#1268=LINE('',#8884,#1695);
#1269=LINE('',#8887,#1696);
#1270=LINE('',#8888,#1697);
#1271=LINE('',#8891,#1698);
#1272=LINE('',#8895,#1699);
#1273=LINE('',#8897,#1700);
#1274=LINE('',#8899,#1701);
#1275=LINE('',#8901,#1702);
#1276=LINE('',#8902,#1703);
#1277=LINE('',#8916,#1704);
#1278=LINE('',#8917,#1705);
#1279=LINE('',#8928,#1706);
#1280=LINE('',#8929,#1707);
#1281=LINE('',#8978,#1708);
#1282=LINE('',#8979,#1709);
#1283=LINE('',#8982,#1710);
#1284=LINE('',#8983,#1711);
#1285=LINE('',#8986,#1712);
#1286=LINE('',#8988,#1713);
#1287=LINE('',#8990,#1714);
#1288=LINE('',#8991,#1715);
#1289=LINE('',#8996,#1716);
#1290=LINE('',#8999,#1717);
#1291=LINE('',#9007,#1718);
#1292=LINE('',#9016,#1719);
#1293=LINE('',#9017,#1720);
#1294=LINE('',#9028,#1721);
#1295=LINE('',#9029,#1722);
#1296=LINE('',#9034,#1723);
#1297=LINE('',#9049,#1724);
#1298=LINE('',#9050,#1725);
#1299=LINE('',#9061,#1726);
#1300=LINE('',#9062,#1727);
#1301=LINE('',#9073,#1728);
#1302=LINE('',#9074,#1729);
#1303=LINE('',#9082,#1730);
#1304=LINE('',#9083,#1731);
#1305=LINE('',#9085,#1732);
#1306=LINE('',#9086,#1733);
#1307=LINE('',#9088,#1734);
#1308=LINE('',#9090,#1735);
#1309=LINE('',#9091,#1736);
#1310=LINE('',#9092,#1737);
#1311=LINE('',#9094,#1738);
#1312=LINE('',#9097,#1739);
#1313=LINE('',#9099,#1740);
#1314=LINE('',#9101,#1741);
#1315=LINE('',#9104,#1742);
#1316=LINE('',#9106,#1743);
#1317=LINE('',#9108,#1744);
#1318=LINE('',#9110,#1745);
#1319=LINE('',#9113,#1746);
#1320=VECTOR('',#5560,10.);
#1321=VECTOR('',#5563,10.);
#1322=VECTOR('',#5574,10.);
#1323=VECTOR('',#5575,10.);
#1324=VECTOR('',#5586,10.);
#1325=VECTOR('',#5587,10.);
#1326=VECTOR('',#5598,10.);
#1327=VECTOR('',#5599,10.);
#1328=VECTOR('',#5606,10.);
#1329=VECTOR('',#5609,10.);
#1330=VECTOR('',#5612,10.);
#1331=VECTOR('',#5613,10.);
#1332=VECTOR('',#5616,10.);
#1333=VECTOR('',#5621,10.);
#1334=VECTOR('',#5622,10.);
#1335=VECTOR('',#5627,10.);
#1336=VECTOR('',#5628,10.);
#1337=VECTOR('',#5629,10.);
#1338=VECTOR('',#5632,10.);
#1339=VECTOR('',#5637,10.);
#1340=VECTOR('',#5648,10.);
#1341=VECTOR('',#5659,10.);
#1342=VECTOR('',#5670,10.);
#1343=VECTOR('',#5681,10.);
#1344=VECTOR('',#5688,10.);
#1345=VECTOR('',#5691,10.);
#1346=VECTOR('',#5694,10.);
#1347=VECTOR('',#5697,10.);
#1348=VECTOR('',#5704,10.);
#1349=VECTOR('',#5717,10.);
#1350=VECTOR('',#5728,10.);
#1351=VECTOR('',#5739,10.);
#1352=VECTOR('',#5746,10.);
#1353=VECTOR('',#5749,10.);
#1354=VECTOR('',#5752,10.);
#1355=VECTOR('',#5753,10.);
#1356=VECTOR('',#5756,10.);
#1357=VECTOR('',#5761,10.);
#1358=VECTOR('',#5762,10.);
#1359=VECTOR('',#5785,10.);
#1360=VECTOR('',#5786,10.);
#1361=VECTOR('',#5789,10.);
#1362=VECTOR('',#5792,10.);
#1363=VECTOR('',#5795,10.);
#1364=VECTOR('',#5796,10.);
#1365=VECTOR('',#5801,10.);
#1366=VECTOR('',#5802,10.);
#1367=VECTOR('',#5805,10.);
#1368=VECTOR('',#5812,10.);
#1369=VECTOR('',#5813,10.);
#1370=VECTOR('',#5814,10.);
#1371=VECTOR('',#5815,10.);
#1372=VECTOR('',#5818,10.);
#1373=VECTOR('',#5819,10.);
#1374=VECTOR('',#5820,10.);
#1375=VECTOR('',#5821,10.);
#1376=VECTOR('',#5824,10.);
#1377=VECTOR('',#5825,10.);
#1378=VECTOR('',#5828,10.);
#1379=VECTOR('',#5831,10.);
#1380=VECTOR('',#5834,10.);
#1381=VECTOR('',#5837,10.);
#1382=VECTOR('',#5840,10.);
#1383=VECTOR('',#5841,10.);
#1384=VECTOR('',#5844,10.);
#1385=VECTOR('',#5847,10.);
#1386=VECTOR('',#5850,10.);
#1387=VECTOR('',#5853,10.);
#1388=VECTOR('',#5856,10.);
#1389=VECTOR('',#5857,10.);
#1390=VECTOR('',#5858,10.);
#1391=VECTOR('',#5859,10.);
#1392=VECTOR('',#5860,10.);
#1393=VECTOR('',#5861,10.);
#1394=VECTOR('',#5862,10.);
#1395=VECTOR('',#5867,10.);
#1396=VECTOR('',#5870,10.);
#1397=VECTOR('',#5871,10.);
#1398=VECTOR('',#5872,10.);
#1399=VECTOR('',#5873,10.);
#1400=VECTOR('',#5874,10.);
#1401=VECTOR('',#5877,10.);
#1402=VECTOR('',#5880,10.);
#1403=VECTOR('',#5883,10.);
#1404=VECTOR('',#5884,10.);
#1405=VECTOR('',#5885,10.);
#1406=VECTOR('',#5886,10.);
#1407=VECTOR('',#5889,10.);
#1408=VECTOR('',#5890,10.);
#1409=VECTOR('',#5891,10.);
#1410=VECTOR('',#5892,10.);
#1411=VECTOR('',#5893,10.);
#1412=VECTOR('',#5894,10.);
#1413=VECTOR('',#5895,10.);
#1414=VECTOR('',#5898,10.);
#1415=VECTOR('',#5899,10.);
#1416=VECTOR('',#5900,10.);
#1417=VECTOR('',#5901,10.);
#1418=VECTOR('',#5904,10.);
#1419=VECTOR('',#5905,10.);
#1420=VECTOR('',#5906,10.);
#1421=VECTOR('',#5909,10.);
#1422=VECTOR('',#5910,10.);
#1423=VECTOR('',#5911,10.);
#1424=VECTOR('',#5914,10.);
#1425=VECTOR('',#5915,10.);
#1426=VECTOR('',#5916,10.);
#1427=VECTOR('',#5917,10.);
#1428=VECTOR('',#5920,10.);
#1429=VECTOR('',#5921,10.);
#1430=VECTOR('',#5922,10.);
#1431=VECTOR('',#5925,10.);
#1432=VECTOR('',#5926,10.);
#1433=VECTOR('',#5927,10.);
#1434=VECTOR('',#5930,10.);
#1435=VECTOR('',#5931,10.);
#1436=VECTOR('',#5934,10.);
#1437=VECTOR('',#5935,10.);
#1438=VECTOR('',#5936,10.);
#1439=VECTOR('',#5939,10.);
#1440=VECTOR('',#5940,10.);
#1441=VECTOR('',#5941,10.);
#1442=VECTOR('',#5942,10.);
#1443=VECTOR('',#5943,10.);
#1444=VECTOR('',#5944,10.);
#1445=VECTOR('',#5945,10.);
#1446=VECTOR('',#5946,10.);
#1447=VECTOR('',#5947,10.);
#1448=VECTOR('',#5948,10.);
#1449=VECTOR('',#5949,10.);
#1450=VECTOR('',#5950,10.);
#1451=VECTOR('',#5951,10.);
#1452=VECTOR('',#5952,10.);
#1453=VECTOR('',#5953,10.);
#1454=VECTOR('',#5956,10.);
#1455=VECTOR('',#5957,10.);
#1456=VECTOR('',#5958,10.);
#1457=VECTOR('',#5961,10.);
#1458=VECTOR('',#5962,10.);
#1459=VECTOR('',#5965,10.);
#1460=VECTOR('',#5966,10.);
#1461=VECTOR('',#5967,10.);
#1462=VECTOR('',#5970,10.);
#1463=VECTOR('',#5971,10.);
#1464=VECTOR('',#5974,10.);
#1465=VECTOR('',#5975,10.);
#1466=VECTOR('',#5978,10.);
#1467=VECTOR('',#5981,10.);
#1468=VECTOR('',#5994,10.);
#1469=VECTOR('',#5995,10.);
#1470=VECTOR('',#6000,10.);
#1471=VECTOR('',#6001,10.);
#1472=VECTOR('',#6012,10.);
#1473=VECTOR('',#6013,10.);
#1474=VECTOR('',#6016,10.);
#1475=VECTOR('',#6017,10.);
#1476=VECTOR('',#6020,10.);
#1477=VECTOR('',#6021,10.);
#1478=VECTOR('',#6024,10.);
#1479=VECTOR('',#6025,0.2);
#1480=VECTOR('',#6026,10.);
#1481=VECTOR('',#6035,10.);
#1482=VECTOR('',#6040,10.);
#1483=VECTOR('',#6045,10.);
#1484=VECTOR('',#6052,10.);
#1485=VECTOR('',#6055,10.);
#1486=VECTOR('',#6056,10.);
#1487=VECTOR('',#6057,10.);
#1488=VECTOR('',#6068,10.);
#1489=VECTOR('',#6069,10.);
#1490=VECTOR('',#6072,10.);
#1491=VECTOR('',#6075,10.);
#1492=VECTOR('',#6078,10.);
#1493=VECTOR('',#6081,10.);
#1494=VECTOR('',#6086,10.);
#1495=VECTOR('',#6089,10.);
#1496=VECTOR('',#6090,10.);
#1497=VECTOR('',#6093,10.);
#1498=VECTOR('',#6098,10.);
#1499=VECTOR('',#6101,10.);
#1500=VECTOR('',#6102,10.);
#1501=VECTOR('',#6107,10.);
#1502=VECTOR('',#6114,10.);
#1503=VECTOR('',#6117,10.);
#1504=VECTOR('',#6120,10.);
#1505=VECTOR('',#6121,10.);
#1506=VECTOR('',#6124,10.);
#1507=VECTOR('',#6133,10.);
#1508=VECTOR('',#6144,10.);
#1509=VECTOR('',#6147,10.);
#1510=VECTOR('',#6150,10.);
#1511=VECTOR('',#6153,10.);
#1512=VECTOR('',#6164,10.);
#1513=VECTOR('',#6167,10.);
#1514=VECTOR('',#6178,10.);
#1515=VECTOR('',#6179,10.);
#1516=VECTOR('',#6182,10.);
#1517=VECTOR('',#6183,10.);
#1518=VECTOR('',#6194,10.);
#1519=VECTOR('',#6197,10.);
#1520=VECTOR('',#6200,10.);
#1521=VECTOR('',#6213,10.);
#1522=VECTOR('',#6218,10.);
#1523=VECTOR('',#6221,10.);
#1524=VECTOR('',#6224,10.);
#1525=VECTOR('',#6229,10.);
#1526=VECTOR('',#6232,10.);
#1527=VECTOR('',#6239,10.);
#1528=VECTOR('',#6242,10.);
#1529=VECTOR('',#6245,10.);
#1530=VECTOR('',#6246,10.);
#1531=VECTOR('',#6249,10.);
#1532=VECTOR('',#6252,10.);
#1533=VECTOR('',#6255,10.);
#1534=VECTOR('',#6260,10.);
#1535=VECTOR('',#6267,10.);
#1536=VECTOR('',#6268,10.);
#1537=VECTOR('',#6277,10.);
#1538=VECTOR('',#6280,10.);
#1539=VECTOR('',#6283,10.);
#1540=VECTOR('',#6286,10.);
#1541=VECTOR('',#6289,10.);
#1542=VECTOR('',#6292,10.);
#1543=VECTOR('',#6297,10.);
#1544=VECTOR('',#6298,10.);
#1545=VECTOR('',#6311,10.);
#1546=VECTOR('',#6312,10.);
#1547=VECTOR('',#6315,10.);
#1548=VECTOR('',#6318,10.);
#1549=VECTOR('',#6321,10.);
#1550=VECTOR('',#6330,10.);
#1551=VECTOR('',#6335,10.);
#1552=VECTOR('',#6338,10.);
#1553=VECTOR('',#6341,10.);
#1554=VECTOR('',#6342,10.);
#1555=VECTOR('',#6343,10.);
#1556=VECTOR('',#6344,10.);
#1557=VECTOR('',#6347,10.);
#1558=VECTOR('',#6348,10.);
#1559=VECTOR('',#6349,10.);
#1560=VECTOR('',#6350,10.);
#1561=VECTOR('',#6351,10.);
#1562=VECTOR('',#6352,10.);
#1563=VECTOR('',#6355,10.);
#1564=VECTOR('',#6360,10.);
#1565=VECTOR('',#6367,10.);
#1566=VECTOR('',#6372,10.);
#1567=VECTOR('',#6393,10.);
#1568=VECTOR('',#6394,10.);
#1569=VECTOR('',#6397,10.);
#1570=VECTOR('',#6402,10.);
#1571=VECTOR('',#6409,10.);
#1572=VECTOR('',#6412,10.);
#1573=VECTOR('',#6417,10.);
#1574=VECTOR('',#6424,10.);
#1575=VECTOR('',#6427,10.);
#1576=VECTOR('',#6432,10.);
#1577=VECTOR('',#6441,10.);
#1578=VECTOR('',#6442,10.);
#1579=VECTOR('',#6445,10.);
#1580=VECTOR('',#6446,10.);
#1581=VECTOR('',#6453,10.);
#1582=VECTOR('',#6458,10.);
#1583=VECTOR('',#6459,10.);
#1584=VECTOR('',#6462,10.);
#1585=VECTOR('',#6469,10.);
#1586=VECTOR('',#6470,10.);
#1587=VECTOR('',#6473,10.);
#1588=VECTOR('',#6484,10.);
#1589=VECTOR('',#6487,10.);
#1590=VECTOR('',#6490,10.);
#1591=VECTOR('',#6491,10.);
#1592=VECTOR('',#6492,10.);
#1593=VECTOR('',#6497,10.);
#1594=VECTOR('',#6500,10.);
#1595=VECTOR('',#6503,10.);
#1596=VECTOR('',#6504,10.);
#1597=VECTOR('',#6509,10.);
#1598=VECTOR('',#6512,10.);
#1599=VECTOR('',#6515,10.);
#1600=VECTOR('',#6516,10.);
#1601=VECTOR('',#6521,10.);
#1602=VECTOR('',#6526,10.);
#1603=VECTOR('',#6527,10.);
#1604=VECTOR('',#6530,10.);
#1605=VECTOR('',#6531,10.);
#1606=VECTOR('',#6532,10.);
#1607=VECTOR('',#6533,10.);
#1608=VECTOR('',#6536,10.);
#1609=VECTOR('',#6537,10.);
#1610=VECTOR('',#6538,10.);
#1611=VECTOR('',#6539,10.);
#1612=VECTOR('',#6540,10.);
#1613=VECTOR('',#6541,10.);
#1614=VECTOR('',#6542,10.);
#1615=VECTOR('',#6543,10.);
#1616=VECTOR('',#6544,10.);
#1617=VECTOR('',#6547,10.);
#1618=VECTOR('',#6548,10.);
#1619=VECTOR('',#6551,10.);
#1620=VECTOR('',#6552,10.);
#1621=VECTOR('',#6555,10.);
#1622=VECTOR('',#6556,10.);
#1623=VECTOR('',#6559,10.);
#1624=VECTOR('',#6560,10.);
#1625=VECTOR('',#6563,10.);
#1626=VECTOR('',#6566,10.);
#1627=VECTOR('',#6569,10.);
#1628=VECTOR('',#6574,10.);
#1629=VECTOR('',#6577,10.);
#1630=VECTOR('',#6580,10.);
#1631=VECTOR('',#6583,10.);
#1632=VECTOR('',#6586,10.);
#1633=VECTOR('',#6587,10.);
#1634=VECTOR('',#6590,10.);
#1635=VECTOR('',#6591,10.);
#1636=VECTOR('',#6594,10.);
#1637=VECTOR('',#6599,10.);
#1638=VECTOR('',#6614,10.);
#1639=VECTOR('',#6615,10.);
#1640=VECTOR('',#6618,10.);
#1641=VECTOR('',#6621,10.);
#1642=VECTOR('',#6624,10.);
#1643=VECTOR('',#6625,10.);
#1644=VECTOR('',#6628,10.);
#1645=VECTOR('',#6631,10.);
#1646=VECTOR('',#6634,10.);
#1647=VECTOR('',#6647,10.);
#1648=VECTOR('',#6648,10.);
#1649=VECTOR('',#6651,10.);
#1650=VECTOR('',#6654,10.);
#1651=VECTOR('',#6659,10.);
#1652=VECTOR('',#6662,10.);
#1653=VECTOR('',#6665,10.);
#1654=VECTOR('',#6672,10.);
#1655=VECTOR('',#6673,10.);
#1656=VECTOR('',#6682,10.);
#1657=VECTOR('',#6685,10.);
#1658=VECTOR('',#6692,10.);
#1659=VECTOR('',#6695,10.);
#1660=VECTOR('',#6700,10.);
#1661=VECTOR('',#6703,10.);
#1662=VECTOR('',#6706,10.);
#1663=VECTOR('',#6709,10.);
#1664=VECTOR('',#6712,10.);
#1665=VECTOR('',#6713,10.);
#1666=VECTOR('',#6716,10.);
#1667=VECTOR('',#6717,10.);
#1668=VECTOR('',#6718,10.);
#1669=VECTOR('',#6721,10.);
#1670=VECTOR('',#6722,10.);
#1671=VECTOR('',#6727,10.);
#1672=VECTOR('',#6728,10.);
#1673=VECTOR('',#6731,10.);
#1674=VECTOR('',#6736,10.);
#1675=VECTOR('',#6737,10.);
#1676=VECTOR('',#6738,10.);
#1677=VECTOR('',#6739,10.);
#1678=VECTOR('',#6742,10.);
#1679=VECTOR('',#6743,10.);
#1680=VECTOR('',#6744,10.);
#1681=VECTOR('',#6747,10.);
#1682=VECTOR('',#6748,10.);
#1683=VECTOR('',#6749,10.);
#1684=VECTOR('',#6752,10.);
#1685=VECTOR('',#6753,10.);
#1686=VECTOR('',#6772,10.);
#1687=VECTOR('',#6773,10.);
#1688=VECTOR('',#6786,10.);
#1689=VECTOR('',#6787,10.);
#1690=VECTOR('',#6808,10.);
#1691=VECTOR('',#6809,10.);
#1692=VECTOR('',#6824,10.);
#1693=VECTOR('',#6825,10.);
#1694=VECTOR('',#6828,10.);
#1695=VECTOR('',#6831,10.);
#1696=VECTOR('',#6834,10.);
#1697=VECTOR('',#6835,10.);
#1698=VECTOR('',#6838,10.);
#1699=VECTOR('',#6843,10.);
#1700=VECTOR('',#6844,10.);
#1701=VECTOR('',#6845,10.);
#1702=VECTOR('',#6846,10.);
#1703=VECTOR('',#6847,10.);
#1704=VECTOR('',#6862,10.);
#1705=VECTOR('',#6863,10.);
#1706=VECTOR('',#6876,10.);
#1707=VECTOR('',#6877,10.);
#1708=VECTOR('',#6906,10.);
#1709=VECTOR('',#6907,10.);
#1710=VECTOR('',#6910,10.);
#1711=VECTOR('',#6911,10.);
#1712=VECTOR('',#6914,10.);
#1713=VECTOR('',#6915,10.);
#1714=VECTOR('',#6916,10.);
#1715=VECTOR('',#6917,10.);
#1716=VECTOR('',#6922,10.);
#1717=VECTOR('',#6925,10.);
#1718=VECTOR('',#6936,10.);
#1719=VECTOR('',#6947,10.);
#1720=VECTOR('',#6948,10.);
#1721=VECTOR('',#6961,10.);
#1722=VECTOR('',#6962,10.);
#1723=VECTOR('',#6971,10.);
#1724=VECTOR('',#6988,10.);
#1725=VECTOR('',#6989,10.);
#1726=VECTOR('',#7002,10.);
#1727=VECTOR('',#7003,10.);
#1728=VECTOR('',#7016,10.);
#1729=VECTOR('',#7017,10.);
#1730=VECTOR('',#7028,10.);
#1731=VECTOR('',#7029,10.);
#1732=VECTOR('',#7032,10.);
#1733=VECTOR('',#7033,10.);
#1734=VECTOR('',#7036,10.);
#1735=VECTOR('',#7039,10.);
#1736=VECTOR('',#7040,10.);
#1737=VECTOR('',#7041,10.);
#1738=VECTOR('',#7044,10.);
#1739=VECTOR('',#7049,10.);
#1740=VECTOR('',#7052,10.);
#1741=VECTOR('',#7055,10.);
#1742=VECTOR('',#7060,10.);
#1743=VECTOR('',#7063,10.);
#1744=VECTOR('',#7066,10.);
#1745=VECTOR('',#7069,10.);
#1746=VECTOR('',#7074,10.);
#1747=CIRCLE('',#5004,1.988);
#1748=CIRCLE('',#5005,1.988);
#1749=CIRCLE('',#5006,1.98799999999999);
#1750=CIRCLE('',#5007,0.0120000000000017);
#1751=CIRCLE('',#5008,2.);
#1752=CIRCLE('',#5010,1.988);
#1753=CIRCLE('',#5011,1.988);
#1754=CIRCLE('',#5012,0.0119999999999928);
#1755=CIRCLE('',#5013,1.99999999999999);
#1756=CIRCLE('',#5015,1.98800000000001);
#1757=CIRCLE('',#5016,1.988);
#1758=CIRCLE('',#5017,0.0119999999999928);
#1759=CIRCLE('',#5018,1.99999999999999);
#1760=CIRCLE('',#5020,1.988);
#1761=CIRCLE('',#5021,0.0120000000000284);
#1762=CIRCLE('',#5022,2.00000000000003);
#1763=CIRCLE('',#5024,1.99999999999999);
#1764=CIRCLE('',#5027,2.);
#1765=CIRCLE('',#5032,1.99999999999999);
#1766=CIRCLE('',#5035,2.00000000000003);
#1767=CIRCLE('',#5037,0.5);
#1768=CIRCLE('',#5038,0.5);
#1769=CIRCLE('',#5040,0.5);
#1770=CIRCLE('',#5041,1.5);
#1771=CIRCLE('',#5043,0.500000000000027);
#1772=CIRCLE('',#5045,0.499999999999999);
#1773=CIRCLE('',#5046,1.50000000000003);
#1774=CIRCLE('',#5048,0.5);
#1775=CIRCLE('',#5050,0.499999999999999);
#1776=CIRCLE('',#5051,1.49999999999999);
#1777=CIRCLE('',#5053,0.499999999999992);
#1778=CIRCLE('',#5055,1.49999999999999);
#1779=CIRCLE('',#5057,0.899999999999956);
#1780=CIRCLE('',#5058,0.899999999999956);
#1781=CIRCLE('',#5059,0.900000000000001);
#1782=CIRCLE('',#5060,0.899999999999956);
#1783=CIRCLE('',#5062,0.5);
#1784=CIRCLE('',#5063,0.5);
#1785=CIRCLE('',#5065,0.499999999999999);
#1786=CIRCLE('',#5066,0.399999999999956);
#1787=CIRCLE('',#5068,0.5);
#1788=CIRCLE('',#5070,0.5);
#1789=CIRCLE('',#5071,0.399999999999956);
#1790=CIRCLE('',#5073,0.5);
#1791=CIRCLE('',#5075,0.500000000000009);
#1792=CIRCLE('',#5076,0.4);
#1793=CIRCLE('',#5078,0.5);
#1794=CIRCLE('',#5080,0.399999999999956);
#1795=CIRCLE('',#5082,0.399999999999956);
#1796=CIRCLE('',#5085,0.399999999999957);
#1797=CIRCLE('',#5089,0.4);
#1798=CIRCLE('',#5092,0.399999999999955);
#1799=CIRCLE('',#5110,0.2);
#1800=CIRCLE('',#5111,0.2);
#1801=CIRCLE('',#5112,0.2);
#1802=CIRCLE('',#5113,0.2);
#1803=CIRCLE('',#5114,0.2);
#1804=CIRCLE('',#5115,0.2);
#1805=CIRCLE('',#5116,0.2);
#1806=CIRCLE('',#5117,0.2);
#1807=CIRCLE('',#5120,0.5);
#1808=CIRCLE('',#5121,0.5);
#1809=CIRCLE('',#5122,0.5);
#1810=CIRCLE('',#5123,0.5);
#1811=CIRCLE('',#5141,0.0499999999999901);
#1812=CIRCLE('',#5143,0.0499999999999901);
#1813=CIRCLE('',#5144,0.0499999999999901);
#1814=CIRCLE('',#5145,0.1);
#1815=CIRCLE('',#5146,0.05);
#1816=CIRCLE('',#5150,0.0499999999999901);
#1817=CIRCLE('',#5151,0.1);
#1818=CIRCLE('',#5152,0.05);
#1819=CIRCLE('',#5154,0.05);
#1820=CIRCLE('',#5161,0.2);
#1821=CIRCLE('',#5162,0.2);
#1822=CIRCLE('',#5163,0.2);
#1823=CIRCLE('',#5165,0.199999999999996);
#1824=CIRCLE('',#5170,0.199999999999996);
#1825=CIRCLE('',#5174,0.2);
#1826=CIRCLE('',#5176,0.2);
#1827=CIRCLE('',#5177,0.2);
#1828=CIRCLE('',#5178,0.2);
#1829=CIRCLE('',#5179,0.2);
#1830=CIRCLE('',#5180,0.2);
#1831=CIRCLE('',#5187,0.199999999999996);
#1832=CIRCLE('',#5194,0.199999999999996);
#1833=CIRCLE('',#5198,0.1);
#1834=CIRCLE('',#5199,0.2);
#1835=CIRCLE('',#5200,0.0999999999999979);
#1836=CIRCLE('',#5201,0.1);
#1837=CIRCLE('',#5204,0.1);
#1838=CIRCLE('',#5206,0.1);
#1839=CIRCLE('',#5207,0.2);
#1840=CIRCLE('',#5208,0.0999999999999801);
#1841=CIRCLE('',#5209,0.1);
#1842=CIRCLE('',#5212,0.1);
#1843=CIRCLE('',#5213,0.2);
#1844=CIRCLE('',#5214,0.0999999999999979);
#1845=CIRCLE('',#5215,0.1);
#1846=CIRCLE('',#5219,0.2);
#1847=CIRCLE('',#5220,0.0999999999999979);
#1848=CIRCLE('',#5221,0.1);
#1849=CIRCLE('',#5226,0.1);
#1850=CIRCLE('',#5227,0.2);
#1851=CIRCLE('',#5228,0.0999999999999801);
#1852=CIRCLE('',#5229,0.1);
#1853=CIRCLE('',#5232,0.1);
#1854=CIRCLE('',#5236,0.2);
#1855=CIRCLE('',#5237,0.199999999999996);
#1856=CIRCLE('',#5244,0.2);
#1857=CIRCLE('',#5245,0.2);
#1858=CIRCLE('',#5246,0.2);
#1859=CIRCLE('',#5248,0.199999999999996);
#1860=CIRCLE('',#5251,0.200000000000005);
#1861=CIRCLE('',#5259,0.199999999999996);
#1862=CIRCLE('',#5263,0.1);
#1863=CIRCLE('',#5264,0.2);
#1864=CIRCLE('',#5265,0.0999999999999801);
#1865=CIRCLE('',#5266,0.1);
#1866=CIRCLE('',#5271,0.0999999999999979);
#1867=CIRCLE('',#5272,0.1);
#1868=CIRCLE('',#5273,0.2);
#1869=CIRCLE('',#5276,0.25);
#1870=CIRCLE('',#5277,0.25);
#1871=CIRCLE('',#5278,0.25);
#1872=CIRCLE('',#5279,0.25);
#1873=CIRCLE('',#5283,0.199999999999996);
#1874=CIRCLE('',#5289,0.199999999999996);
#1875=CIRCLE('',#5294,0.250000000000004);
#1876=CIRCLE('',#5295,0.25);
#1877=CIRCLE('',#5296,0.5);
#1878=CIRCLE('',#5299,0.25);
#1879=CIRCLE('',#5301,0.249999999999986);
#1880=CIRCLE('',#5302,0.5);
#1881=CIRCLE('',#5305,0.25);
#1882=CIRCLE('',#5307,0.250000000000021);
#1883=CIRCLE('',#5308,0.5);
#1884=CIRCLE('',#5311,0.25);
#1885=CIRCLE('',#5313,0.250000000000021);
#1886=CIRCLE('',#5314,0.25);
#1887=CIRCLE('',#5315,0.5);
#1888=CIRCLE('',#5319,0.25);
#1889=CIRCLE('',#5332,2.874);
#1890=CIRCLE('',#5333,2.874);
#1891=CIRCLE('',#5336,2.874);
#1892=CIRCLE('',#5337,2.874);
#1893=CIRCLE('',#5340,2.874);
#1894=CIRCLE('',#5341,2.874);
#1895=CIRCLE('',#5344,2.874);
#1896=CIRCLE('',#5345,2.874);
#1897=CIRCLE('',#5367,0.249999999999999);
#1898=CIRCLE('',#5368,0.5);
#1899=CIRCLE('',#5369,0.250000000000004);
#1900=CIRCLE('',#5370,0.25);
#1901=CIRCLE('',#5372,0.5);
#1902=CIRCLE('',#5374,0.249999999999999);
#1903=CIRCLE('',#5377,0.5);
#1904=CIRCLE('',#5378,0.5);
#1905=CIRCLE('',#5379,0.5);
#1906=CIRCLE('',#5380,0.250000000000004);
#1907=CIRCLE('',#5381,0.25);
#1908=CIRCLE('',#5382,0.249999999999999);
#1909=CIRCLE('',#5383,0.5);
#1910=CIRCLE('',#5386,0.250000000000004);
#1911=CIRCLE('',#5388,0.25);
#1912=CIRCLE('',#5389,0.25);
#1913=CIRCLE('',#5391,0.249999999999999);
#1914=CIRCLE('',#5392,0.5);
#1915=CIRCLE('',#5395,0.5);
#1916=CIRCLE('',#5396,0.250000000000021);
#1917=CIRCLE('',#5422,0.800000000000001);
#1918=CIRCLE('',#5423,3.033);
#1919=CIRCLE('',#5424,0.800000000000001);
#1920=CIRCLE('',#5425,2.233);
#1921=CIRCLE('',#5427,0.800000000000001);
#1922=CIRCLE('',#5429,0.800000000000001);
#1923=CIRCLE('',#5430,2.233);
#1924=CIRCLE('',#5431,3.033);
#1925=CIRCLE('',#5433,0.800000000000001);
#1926=CIRCLE('',#5435,0.800000000000001);
#1927=CIRCLE('',#5436,2.233);
#1928=CIRCLE('',#5437,3.033);
#1929=CIRCLE('',#5439,0.800000000000007);
#1930=CIRCLE('',#5440,3.033);
#1931=CIRCLE('',#5441,0.800000000000001);
#1932=CIRCLE('',#5442,2.233);
#1933=CIRCLE('',#5445,0.800000000000001);
#1934=CIRCLE('',#5446,2.233);
#1935=CIRCLE('',#5448,2.233);
#1936=CIRCLE('',#5449,0.799999999999983);
#1937=CIRCLE('',#5452,2.233);
#1938=CIRCLE('',#5455,2.233);
#1939=CIRCLE('',#5458,0.800000000000007);
#1940=CIRCLE('',#5459,3.033);
#1941=CIRCLE('',#5460,0.800000000000001);
#1942=CIRCLE('',#5461,2.233);
#1943=CIRCLE('',#5463,0.800000000000001);
#1944=CIRCLE('',#5465,0.800000000000001);
#1945=CIRCLE('',#5466,2.233);
#1946=CIRCLE('',#5467,3.033);
#1947=CIRCLE('',#5469,0.800000000000001);
#1948=CIRCLE('',#5471,2.233);
#1949=CIRCLE('',#5472,3.033);
#1950=CIRCLE('',#5474,2.233);
#1951=CIRCLE('',#5475,0.8);
#1952=CIRCLE('',#5477,0.800000000000001);
#1953=CIRCLE('',#5478,2.233);
#1954=CIRCLE('',#5479,3.033);
#1955=CIRCLE('',#5481,0.800000000000001);
#1956=CIRCLE('',#5482,2.233);
#1957=CIRCLE('',#5487,0.999999999999996);
#1958=CIRCLE('',#5488,1.);
#1959=CIRCLE('',#5490,0.999999999999979);
#1960=CIRCLE('',#5491,1.233);
#1961=CIRCLE('',#5493,0.999999999999996);
#1962=CIRCLE('',#5495,0.999999999999999);
#1963=CIRCLE('',#5496,1.233);
#1964=CIRCLE('',#5498,1.);
#1965=CIRCLE('',#5500,0.999999999999979);
#1966=CIRCLE('',#5501,1.233);
#1967=CIRCLE('',#5502,2.233);
#1968=CIRCLE('',#5504,1.00000000000001);
#1969=CIRCLE('',#5506,1.233);
#1970=CIRCLE('',#5507,2.233);
#1971=CIRCLE('',#5511,0.999999999999996);
#1972=CIRCLE('',#5512,1.233);
#1973=CIRCLE('',#5513,0.999999999999996);
#1974=CIRCLE('',#5514,2.233);
#1975=CIRCLE('',#5516,0.999999999999996);
#1976=CIRCLE('',#5518,0.999999999999996);
#1977=CIRCLE('',#5519,2.233);
#1978=CIRCLE('',#5520,1.233);
#1979=CIRCLE('',#5522,0.999999999999996);
#1980=CIRCLE('',#5524,0.999999999999996);
#1981=CIRCLE('',#5525,2.233);
#1982=CIRCLE('',#5526,1.233);
#1983=CIRCLE('',#5528,0.999999999999996);
#1984=CIRCLE('',#5530,0.999999999999996);
#1985=CIRCLE('',#5531,2.233);
#1986=CIRCLE('',#5532,1.233);
#1987=VERTEX_POINT('',#7084);
#1988=VERTEX_POINT('',#7085);
#1989=VERTEX_POINT('',#7087);
#1990=VERTEX_POINT('',#7089);
#1991=VERTEX_POINT('',#7101);
#1992=VERTEX_POINT('',#7102);
#1993=VERTEX_POINT('',#7107);
#1994=VERTEX_POINT('',#7108);
#1995=VERTEX_POINT('',#7121);
#1996=VERTEX_POINT('',#7122);
#1997=VERTEX_POINT('',#7127);
#1998=VERTEX_POINT('',#7128);
#1999=VERTEX_POINT('',#7141);
#2000=VERTEX_POINT('',#7142);
#2001=VERTEX_POINT('',#7147);
#2002=VERTEX_POINT('',#7148);
#2003=VERTEX_POINT('',#7164);
#2004=VERTEX_POINT('',#7166);
#2005=VERTEX_POINT('',#7170);
#2006=VERTEX_POINT('',#7174);
#2007=VERTEX_POINT('',#7178);
#2008=VERTEX_POINT('',#7183);
#2009=VERTEX_POINT('',#7185);
#2010=VERTEX_POINT('',#7189);
#2011=VERTEX_POINT('',#7197);
#2012=VERTEX_POINT('',#7199);
#2013=VERTEX_POINT('',#7203);
#2014=VERTEX_POINT('',#7207);
#2015=VERTEX_POINT('',#7211);
#2016=VERTEX_POINT('',#7215);
#2017=VERTEX_POINT('',#7219);
#2018=VERTEX_POINT('',#7223);
#2019=VERTEX_POINT('',#7229);
#2020=VERTEX_POINT('',#7230);
#2021=VERTEX_POINT('',#7232);
#2022=VERTEX_POINT('',#7234);
#2023=VERTEX_POINT('',#7236);
#2024=VERTEX_POINT('',#7238);
#2025=VERTEX_POINT('',#7240);
#2026=VERTEX_POINT('',#7242);
#2027=VERTEX_POINT('',#7246);
#2028=VERTEX_POINT('',#7248);
#2029=VERTEX_POINT('',#7252);
#2030=VERTEX_POINT('',#7256);
#2031=VERTEX_POINT('',#7260);
#2032=VERTEX_POINT('',#7264);
#2033=VERTEX_POINT('',#7268);
#2034=VERTEX_POINT('',#7272);
#2035=VERTEX_POINT('',#7278);
#2036=VERTEX_POINT('',#7280);
#2037=VERTEX_POINT('',#7284);
#2038=VERTEX_POINT('',#7288);
#2039=VERTEX_POINT('',#7292);
#2040=VERTEX_POINT('',#7320);
#2041=VERTEX_POINT('',#7321);
#2042=VERTEX_POINT('',#7323);
#2043=VERTEX_POINT('',#7351);
#2044=VERTEX_POINT('',#7352);
#2045=VERTEX_POINT('',#7381);
#2046=VERTEX_POINT('',#7409);
#2047=VERTEX_POINT('',#7431);
#2048=VERTEX_POINT('',#7432);
#2049=VERTEX_POINT('',#7434);
#2050=VERTEX_POINT('',#7436);
#2051=VERTEX_POINT('',#7440);
#2052=VERTEX_POINT('',#7441);
#2053=VERTEX_POINT('',#7443);
#2054=VERTEX_POINT('',#7445);
#2055=VERTEX_POINT('',#7452);
#2056=VERTEX_POINT('',#7454);
#2057=VERTEX_POINT('',#7456);
#2058=VERTEX_POINT('',#7458);
#2059=VERTEX_POINT('',#7460);
#2060=VERTEX_POINT('',#7462);
#2061=VERTEX_POINT('',#7464);
#2062=VERTEX_POINT('',#7466);
#2063=VERTEX_POINT('',#7469);
#2064=VERTEX_POINT('',#7471);
#2065=VERTEX_POINT('',#7473);
#2066=VERTEX_POINT('',#7475);
#2067=VERTEX_POINT('',#7477);
#2068=VERTEX_POINT('',#7479);
#2069=VERTEX_POINT('',#7481);
#2070=VERTEX_POINT('',#7483);
#2071=VERTEX_POINT('',#7487);
#2072=VERTEX_POINT('',#7489);
#2073=VERTEX_POINT('',#7491);
#2074=VERTEX_POINT('',#7493);
#2075=VERTEX_POINT('',#7495);
#2076=VERTEX_POINT('',#7497);
#2077=VERTEX_POINT('',#7501);
#2078=VERTEX_POINT('',#7502);
#2079=VERTEX_POINT('',#7504);
#2080=VERTEX_POINT('',#7506);
#2081=VERTEX_POINT('',#7508);
#2082=VERTEX_POINT('',#7510);
#2083=VERTEX_POINT('',#7512);
#2084=VERTEX_POINT('',#7514);
#2085=VERTEX_POINT('',#7516);
#2086=VERTEX_POINT('',#7518);
#2087=VERTEX_POINT('',#7520);
#2088=VERTEX_POINT('',#7522);
#2089=VERTEX_POINT('',#7526);
#2090=VERTEX_POINT('',#7527);
#2091=VERTEX_POINT('',#7529);
#2092=VERTEX_POINT('',#7531);
#2093=VERTEX_POINT('',#7535);
#2094=VERTEX_POINT('',#7537);
#2095=VERTEX_POINT('',#7539);
#2096=VERTEX_POINT('',#7541);
#2097=VERTEX_POINT('',#7543);
#2098=VERTEX_POINT('',#7545);
#2099=VERTEX_POINT('',#7549);
#2100=VERTEX_POINT('',#7550);
#2101=VERTEX_POINT('',#7552);
#2102=VERTEX_POINT('',#7554);
#2103=VERTEX_POINT('',#7558);
#2104=VERTEX_POINT('',#7560);
#2105=VERTEX_POINT('',#7564);
#2106=VERTEX_POINT('',#7566);
#2107=VERTEX_POINT('',#7570);
#2108=VERTEX_POINT('',#7571);
#2109=VERTEX_POINT('',#7573);
#2110=VERTEX_POINT('',#7575);
#2111=VERTEX_POINT('',#7579);
#2112=VERTEX_POINT('',#7581);
#2113=VERTEX_POINT('',#7585);
#2114=VERTEX_POINT('',#7587);
#2115=VERTEX_POINT('',#7594);
#2116=VERTEX_POINT('',#7595);
#2117=VERTEX_POINT('',#7601);
#2118=VERTEX_POINT('',#7603);
#2119=VERTEX_POINT('',#7605);
#2120=VERTEX_POINT('',#7607);
#2121=VERTEX_POINT('',#7609);
#2122=VERTEX_POINT('',#7611);
#2123=VERTEX_POINT('',#7613);
#2124=VERTEX_POINT('',#7615);
#2125=VERTEX_POINT('',#7617);
#2126=VERTEX_POINT('',#7620);
#2127=VERTEX_POINT('',#7626);
#2128=VERTEX_POINT('',#7627);
#2129=VERTEX_POINT('',#7632);
#2130=VERTEX_POINT('',#7636);
#2131=VERTEX_POINT('',#7637);
#2132=VERTEX_POINT('',#7642);
#2133=VERTEX_POINT('',#7646);
#2134=VERTEX_POINT('',#7650);
#2135=VERTEX_POINT('',#7651);
#2136=VERTEX_POINT('',#7653);
#2137=VERTEX_POINT('',#7655);
#2138=VERTEX_POINT('',#7678);
#2139=VERTEX_POINT('',#7679);
#2140=VERTEX_POINT('',#7681);
#2141=VERTEX_POINT('',#7701);
#2142=VERTEX_POINT('',#7702);
#2143=VERTEX_POINT('',#7707);
#2144=VERTEX_POINT('',#7709);
#2145=VERTEX_POINT('',#7724);
#2146=VERTEX_POINT('',#7725);
#2147=VERTEX_POINT('',#7730);
#2148=VERTEX_POINT('',#7731);
#2149=VERTEX_POINT('',#7736);
#2150=VERTEX_POINT('',#7740);
#2151=VERTEX_POINT('',#7744);
#2152=VERTEX_POINT('',#7746);
#2153=VERTEX_POINT('',#7774);
#2154=VERTEX_POINT('',#7778);
#2155=VERTEX_POINT('',#7780);
#2156=VERTEX_POINT('',#7783);
#2157=VERTEX_POINT('',#7787);
#2158=VERTEX_POINT('',#7815);
#2159=VERTEX_POINT('',#7821);
#2160=VERTEX_POINT('',#7823);
#2161=VERTEX_POINT('',#7851);
#2162=VERTEX_POINT('',#7852);
#2163=VERTEX_POINT('',#7854);
#2164=VERTEX_POINT('',#7858);
#2165=VERTEX_POINT('',#7859);
#2166=VERTEX_POINT('',#7864);
#2167=VERTEX_POINT('',#7866);
#2168=VERTEX_POINT('',#7868);
#2169=VERTEX_POINT('',#7870);
#2170=VERTEX_POINT('',#7872);
#2171=VERTEX_POINT('',#7874);
#2172=VERTEX_POINT('',#7876);
#2173=VERTEX_POINT('',#7879);
#2174=VERTEX_POINT('',#7883);
#2175=VERTEX_POINT('',#7887);
#2176=VERTEX_POINT('',#7893);
#2177=VERTEX_POINT('',#7897);
#2178=VERTEX_POINT('',#7925);
#2179=VERTEX_POINT('',#7933);
#2180=VERTEX_POINT('',#7937);
#2181=VERTEX_POINT('',#7965);
#2182=VERTEX_POINT('',#7979);
#2183=VERTEX_POINT('',#7981);
#2184=VERTEX_POINT('',#7983);
#2185=VERTEX_POINT('',#7989);
#2186=VERTEX_POINT('',#7991);
#2187=VERTEX_POINT('',#8005);
#2188=VERTEX_POINT('',#8006);
#2189=VERTEX_POINT('',#8009);
#2190=VERTEX_POINT('',#8025);
#2191=VERTEX_POINT('',#8026);
#2192=VERTEX_POINT('',#8028);
#2193=VERTEX_POINT('',#8030);
#2194=VERTEX_POINT('',#8049);
#2195=VERTEX_POINT('',#8051);
#2196=VERTEX_POINT('',#8070);
#2197=VERTEX_POINT('',#8071);
#2198=VERTEX_POINT('',#8074);
#2199=VERTEX_POINT('',#8080);
#2200=VERTEX_POINT('',#8088);
#2201=VERTEX_POINT('',#8089);
#2202=VERTEX_POINT('',#8091);
#2203=VERTEX_POINT('',#8093);
#2204=VERTEX_POINT('',#8121);
#2205=VERTEX_POINT('',#8125);
#2206=VERTEX_POINT('',#8127);
#2207=VERTEX_POINT('',#8131);
#2208=VERTEX_POINT('',#8135);
#2209=VERTEX_POINT('',#8137);
#2210=VERTEX_POINT('',#8139);
#2211=VERTEX_POINT('',#8141);
#2212=VERTEX_POINT('',#8143);
#2213=VERTEX_POINT('',#8147);
#2214=VERTEX_POINT('',#8177);
#2215=VERTEX_POINT('',#8205);
#2216=VERTEX_POINT('',#8207);
#2217=VERTEX_POINT('',#8215);
#2218=VERTEX_POINT('',#8217);
#2219=VERTEX_POINT('',#8221);
#2220=VERTEX_POINT('',#8264);
#2221=VERTEX_POINT('',#8265);
#2222=VERTEX_POINT('',#8267);
#2223=VERTEX_POINT('',#8269);
#2224=VERTEX_POINT('',#8276);
#2225=VERTEX_POINT('',#8278);
#2226=VERTEX_POINT('',#8292);
#2227=VERTEX_POINT('',#8293);
#2228=VERTEX_POINT('',#8300);
#2229=VERTEX_POINT('',#8301);
#2230=VERTEX_POINT('',#8303);
#2231=VERTEX_POINT('',#8305);
#2232=VERTEX_POINT('',#8307);
#2233=VERTEX_POINT('',#8309);
#2234=VERTEX_POINT('',#8311);
#2235=VERTEX_POINT('',#8314);
#2236=VERTEX_POINT('',#8316);
#2237=VERTEX_POINT('',#8318);
#2238=VERTEX_POINT('',#8330);
#2239=VERTEX_POINT('',#8360);
#2240=VERTEX_POINT('',#8405);
#2241=VERTEX_POINT('',#8407);
#2242=VERTEX_POINT('',#8414);
#2243=VERTEX_POINT('',#8428);
#2244=VERTEX_POINT('',#8434);
#2245=VERTEX_POINT('',#8448);
#2246=VERTEX_POINT('',#8454);
#2247=VERTEX_POINT('',#8468);
#2248=VERTEX_POINT('',#8470);
#2249=VERTEX_POINT('',#8477);
#2250=VERTEX_POINT('',#8493);
#2251=VERTEX_POINT('',#8502);
#2252=VERTEX_POINT('',#8503);
#2253=VERTEX_POINT('',#8505);
#2254=VERTEX_POINT('',#8507);
#2255=VERTEX_POINT('',#8511);
#2256=VERTEX_POINT('',#8513);
#2257=VERTEX_POINT('',#8517);
#2258=VERTEX_POINT('',#8518);
#2259=VERTEX_POINT('',#8520);
#2260=VERTEX_POINT('',#8522);
#2261=VERTEX_POINT('',#8529);
#2262=VERTEX_POINT('',#8530);
#2263=VERTEX_POINT('',#8532);
#2264=VERTEX_POINT('',#8534);
#2265=VERTEX_POINT('',#8541);
#2266=VERTEX_POINT('',#8543);
#2267=VERTEX_POINT('',#8550);
#2268=VERTEX_POINT('',#8551);
#2269=VERTEX_POINT('',#8553);
#2270=VERTEX_POINT('',#8555);
#2271=VERTEX_POINT('',#8559);
#2272=VERTEX_POINT('',#8560);
#2273=VERTEX_POINT('',#8562);
#2274=VERTEX_POINT('',#8564);
#2275=VERTEX_POINT('',#8567);
#2276=VERTEX_POINT('',#8569);
#2277=VERTEX_POINT('',#8571);
#2278=VERTEX_POINT('',#8573);
#2279=VERTEX_POINT('',#8577);
#2280=VERTEX_POINT('',#8581);
#2281=VERTEX_POINT('',#8585);
#2282=VERTEX_POINT('',#8589);
#2283=VERTEX_POINT('',#8595);
#2284=VERTEX_POINT('',#8596);
#2285=VERTEX_POINT('',#8598);
#2286=VERTEX_POINT('',#8600);
#2287=VERTEX_POINT('',#8604);
#2288=VERTEX_POINT('',#8606);
#2289=VERTEX_POINT('',#8610);
#2290=VERTEX_POINT('',#8612);
#2291=VERTEX_POINT('',#8636);
#2292=VERTEX_POINT('',#8637);
#2293=VERTEX_POINT('',#8639);
#2294=VERTEX_POINT('',#8641);
#2295=VERTEX_POINT('',#8645);
#2296=VERTEX_POINT('',#8646);
#2297=VERTEX_POINT('',#8651);
#2298=VERTEX_POINT('',#8653);
#2299=VERTEX_POINT('',#8657);
#2300=VERTEX_POINT('',#8661);
#2301=VERTEX_POINT('',#8663);
#2302=VERTEX_POINT('',#8665);
#2303=VERTEX_POINT('',#8667);
#2304=VERTEX_POINT('',#8669);
#2305=VERTEX_POINT('',#8681);
#2306=VERTEX_POINT('',#8682);
#2307=VERTEX_POINT('',#8684);
#2308=VERTEX_POINT('',#8686);
#2309=VERTEX_POINT('',#8693);
#2310=VERTEX_POINT('',#8695);
#2311=VERTEX_POINT('',#8699);
#2312=VERTEX_POINT('',#8701);
#2313=VERTEX_POINT('',#8716);
#2314=VERTEX_POINT('',#8732);
#2315=VERTEX_POINT('',#8742);
#2316=VERTEX_POINT('',#8743);
#2317=VERTEX_POINT('',#8745);
#2318=VERTEX_POINT('',#8747);
#2319=VERTEX_POINT('',#8751);
#2320=VERTEX_POINT('',#8753);
#2321=VERTEX_POINT('',#8757);
#2322=VERTEX_POINT('',#8759);
#2323=VERTEX_POINT('',#8766);
#2324=VERTEX_POINT('',#8768);
#2325=VERTEX_POINT('',#8772);
#2326=VERTEX_POINT('',#8777);
#2327=VERTEX_POINT('',#8784);
#2328=VERTEX_POINT('',#8785);
#2329=VERTEX_POINT('',#8787);
#2330=VERTEX_POINT('',#8789);
#2331=VERTEX_POINT('',#8793);
#2332=VERTEX_POINT('',#8795);
#2333=VERTEX_POINT('',#8799);
#2334=VERTEX_POINT('',#8801);
#2335=VERTEX_POINT('',#8810);
#2336=VERTEX_POINT('',#8811);
#2337=VERTEX_POINT('',#8813);
#2338=VERTEX_POINT('',#8815);
#2339=VERTEX_POINT('',#8819);
#2340=VERTEX_POINT('',#8820);
#2341=VERTEX_POINT('',#8825);
#2342=VERTEX_POINT('',#8826);
#2343=VERTEX_POINT('',#8831);
#2344=VERTEX_POINT('',#8832);
#2345=VERTEX_POINT('',#8837);
#2346=VERTEX_POINT('',#8838);
#2347=VERTEX_POINT('',#8843);
#2348=VERTEX_POINT('',#8844);
#2349=VERTEX_POINT('',#8846);
#2350=VERTEX_POINT('',#8848);
#2351=VERTEX_POINT('',#8855);
#2352=VERTEX_POINT('',#8862);
#2353=VERTEX_POINT('',#8866);
#2354=VERTEX_POINT('',#8873);
#2355=VERTEX_POINT('',#8880);
#2356=VERTEX_POINT('',#8882);
#2357=VERTEX_POINT('',#8886);
#2358=VERTEX_POINT('',#8890);
#2359=VERTEX_POINT('',#8894);
#2360=VERTEX_POINT('',#8896);
#2361=VERTEX_POINT('',#8898);
#2362=VERTEX_POINT('',#8900);
#2363=VERTEX_POINT('',#8904);
#2364=VERTEX_POINT('',#8905);
#2365=VERTEX_POINT('',#8907);
#2366=VERTEX_POINT('',#8909);
#2367=VERTEX_POINT('',#8913);
#2368=VERTEX_POINT('',#8914);
#2369=VERTEX_POINT('',#8919);
#2370=VERTEX_POINT('',#8920);
#2371=VERTEX_POINT('',#8925);
#2372=VERTEX_POINT('',#8926);
#2373=VERTEX_POINT('',#8931);
#2374=VERTEX_POINT('',#8932);
#2375=VERTEX_POINT('',#8942);
#2376=VERTEX_POINT('',#8949);
#2377=VERTEX_POINT('',#8953);
#2378=VERTEX_POINT('',#8954);
#2379=VERTEX_POINT('',#8956);
#2380=VERTEX_POINT('',#8958);
#2381=VERTEX_POINT('',#8967);
#2382=VERTEX_POINT('',#8974);
#2383=VERTEX_POINT('',#8981);
#2384=VERTEX_POINT('',#8985);
#2385=VERTEX_POINT('',#8987);
#2386=VERTEX_POINT('',#8989);
#2387=VERTEX_POINT('',#8993);
#2388=VERTEX_POINT('',#8994);
#2389=VERTEX_POINT('',#8997);
#2390=VERTEX_POINT('',#9001);
#2391=VERTEX_POINT('',#9005);
#2392=VERTEX_POINT('',#9009);
#2393=VERTEX_POINT('',#9013);
#2394=VERTEX_POINT('',#9014);
#2395=VERTEX_POINT('',#9019);
#2396=VERTEX_POINT('',#9020);
#2397=VERTEX_POINT('',#9025);
#2398=VERTEX_POINT('',#9026);
#2399=VERTEX_POINT('',#9037);
#2400=VERTEX_POINT('',#9038);
#2401=VERTEX_POINT('',#9040);
#2402=VERTEX_POINT('',#9042);
#2403=VERTEX_POINT('',#9046);
#2404=VERTEX_POINT('',#9047);
#2405=VERTEX_POINT('',#9052);
#2406=VERTEX_POINT('',#9053);
#2407=VERTEX_POINT('',#9058);
#2408=VERTEX_POINT('',#9059);
#2409=VERTEX_POINT('',#9064);
#2410=VERTEX_POINT('',#9065);
#2411=VERTEX_POINT('',#9070);
#2412=VERTEX_POINT('',#9071);
#2413=VERTEX_POINT('',#9076);
#2414=VERTEX_POINT('',#9077);
#2415=EDGE_CURVE('',#1987,#1988,#1747,.T.);
#2416=EDGE_CURVE('',#1988,#1989,#893,.T.);
#2417=EDGE_CURVE('',#1989,#1990,#1748,.T.);
#2418=EDGE_CURVE('',#1990,#1987,#894,.T.);
#2419=EDGE_CURVE('',#1991,#1992,#1749,.T.);
#2420=EDGE_CURVE('',#1992,#1990,#1750,.T.);
#2421=EDGE_CURVE('',#1989,#1991,#1751,.T.);
#2422=EDGE_CURVE('',#1993,#1994,#1752,.T.);
#2423=EDGE_CURVE('',#1994,#1992,#895,.T.);
#2424=EDGE_CURVE('',#1991,#1993,#896,.T.);
#2425=EDGE_CURVE('',#1995,#1996,#1753,.T.);
#2426=EDGE_CURVE('',#1996,#1994,#1754,.T.);
#2427=EDGE_CURVE('',#1993,#1995,#1755,.T.);
#2428=EDGE_CURVE('',#1997,#1998,#1756,.T.);
#2429=EDGE_CURVE('',#1998,#1996,#897,.T.);
#2430=EDGE_CURVE('',#1995,#1997,#898,.T.);
#2431=EDGE_CURVE('',#1999,#2000,#1757,.T.);
#2432=EDGE_CURVE('',#2000,#1998,#1758,.T.);
#2433=EDGE_CURVE('',#1997,#1999,#1759,.T.);
#2434=EDGE_CURVE('',#2001,#2002,#1760,.T.);
#2435=EDGE_CURVE('',#2002,#2000,#899,.T.);
#2436=EDGE_CURVE('',#1999,#2001,#900,.T.);
#2437=EDGE_CURVE('',#1987,#2002,#1761,.T.);
#2438=EDGE_CURVE('',#2001,#1988,#1762,.T.);
#2439=EDGE_CURVE('',#1993,#2003,#901,.T.);
#2440=EDGE_CURVE('',#2004,#2003,#1763,.T.);
#2441=EDGE_CURVE('',#2004,#1995,#902,.T.);
#2442=EDGE_CURVE('',#2005,#1991,#903,.T.);
#2443=EDGE_CURVE('',#2003,#2005,#904,.T.);
#2444=EDGE_CURVE('',#2006,#1989,#905,.T.);
#2445=EDGE_CURVE('',#2005,#2006,#1764,.T.);
#2446=EDGE_CURVE('',#2007,#1988,#906,.T.);
#2447=EDGE_CURVE('',#2006,#2007,#907,.T.);
#2448=EDGE_CURVE('',#2008,#1999,#908,.T.);
#2449=EDGE_CURVE('',#2009,#2008,#909,.T.);
#2450=EDGE_CURVE('',#2009,#2001,#910,.T.);
#2451=EDGE_CURVE('',#2010,#1997,#911,.T.);
#2452=EDGE_CURVE('',#2008,#2010,#1765,.T.);
#2453=EDGE_CURVE('',#2010,#2004,#912,.T.);
#2454=EDGE_CURVE('',#2007,#2009,#1766,.T.);
#2455=EDGE_CURVE('',#2011,#2003,#1767,.T.);
#2456=EDGE_CURVE('',#2005,#2012,#1768,.T.);
#2457=EDGE_CURVE('',#2012,#2011,#913,.T.);
#2458=EDGE_CURVE('',#2006,#2013,#1769,.T.);
#2459=EDGE_CURVE('',#2013,#2012,#1770,.T.);
#2460=EDGE_CURVE('',#2007,#2014,#1771,.T.);
#2461=EDGE_CURVE('',#2014,#2013,#914,.T.);
#2462=EDGE_CURVE('',#2009,#2015,#1772,.T.);
#2463=EDGE_CURVE('',#2015,#2014,#1773,.T.);
#2464=EDGE_CURVE('',#2008,#2016,#1774,.T.);
#2465=EDGE_CURVE('',#2016,#2015,#915,.T.);
#2466=EDGE_CURVE('',#2010,#2017,#1775,.T.);
#2467=EDGE_CURVE('',#2017,#2016,#1776,.T.);
#2468=EDGE_CURVE('',#2004,#2018,#1777,.T.);
#2469=EDGE_CURVE('',#2018,#2017,#916,.T.);
#2470=EDGE_CURVE('',#2011,#2018,#1778,.T.);
#2471=EDGE_CURVE('',#2019,#2020,#917,.T.);
#2472=EDGE_CURVE('',#2021,#2019,#1779,.T.);
#2473=EDGE_CURVE('',#2022,#2021,#918,.T.);
#2474=EDGE_CURVE('',#2023,#2022,#1780,.T.);
#2475=EDGE_CURVE('',#2024,#2023,#919,.T.);
#2476=EDGE_CURVE('',#2025,#2024,#1781,.T.);
#2477=EDGE_CURVE('',#2026,#2025,#920,.T.);
#2478=EDGE_CURVE('',#2020,#2026,#1782,.T.);
#2479=EDGE_CURVE('',#2020,#2027,#1783,.T.);
#2480=EDGE_CURVE('',#2027,#2028,#921,.T.);
#2481=EDGE_CURVE('',#2028,#2019,#1784,.T.);
#2482=EDGE_CURVE('',#2029,#2021,#1785,.T.);
#2483=EDGE_CURVE('',#2028,#2029,#1786,.T.);
#2484=EDGE_CURVE('',#2030,#2022,#1787,.T.);
#2485=EDGE_CURVE('',#2029,#2030,#922,.T.);
#2486=EDGE_CURVE('',#2031,#2023,#1788,.T.);
#2487=EDGE_CURVE('',#2030,#2031,#1789,.T.);
#2488=EDGE_CURVE('',#2032,#2024,#1790,.T.);
#2489=EDGE_CURVE('',#2031,#2032,#923,.T.);
#2490=EDGE_CURVE('',#2033,#2025,#1791,.T.);
#2491=EDGE_CURVE('',#2032,#2033,#1792,.T.);
#2492=EDGE_CURVE('',#2034,#2026,#1793,.T.);
#2493=EDGE_CURVE('',#2033,#2034,#924,.T.);
#2494=EDGE_CURVE('',#2034,#2027,#1794,.T.);
#2495=EDGE_CURVE('',#2035,#2030,#925,.T.);
#2496=EDGE_CURVE('',#2036,#2035,#1795,.T.);
#2497=EDGE_CURVE('',#2036,#2031,#926,.T.);
#2498=EDGE_CURVE('',#2037,#2029,#927,.T.);
#2499=EDGE_CURVE('',#2035,#2037,#928,.T.);
#2500=EDGE_CURVE('',#2038,#2028,#929,.T.);
#2501=EDGE_CURVE('',#2037,#2038,#1796,.T.);
#2502=EDGE_CURVE('',#2039,#2027,#930,.T.);
#2503=EDGE_CURVE('',#2038,#2039,#931,.T.);
#2504=EDGE_CURVE('',#2040,#2041,#45,.T.);
#2505=EDGE_CURVE('',#2041,#2042,#46,.T.);
#2506=EDGE_CURVE('',#2042,#2040,#1797,.T.);
#2507=EDGE_CURVE('',#2043,#2044,#47,.T.);
#2508=EDGE_CURVE('',#2044,#2039,#48,.T.);
#2509=EDGE_CURVE('',#2039,#2043,#1798,.T.);
#2510=EDGE_CURVE('',#2038,#2045,#49,.T.);
#2511=EDGE_CURVE('',#2045,#2037,#50,.T.);
#2512=EDGE_CURVE('',#2035,#2046,#51,.T.);
#2513=EDGE_CURVE('',#2046,#2036,#52,.T.);
#2514=EDGE_CURVE('',#2040,#2036,#932,.T.);
#2515=EDGE_CURVE('',#2046,#2041,#933,.T.);
#2516=EDGE_CURVE('',#2045,#2046,#934,.T.);
#2517=EDGE_CURVE('',#2044,#2045,#935,.T.);
#2518=EDGE_CURVE('',#2041,#2044,#936,.T.);
#2519=EDGE_CURVE('',#2043,#2042,#937,.T.);
#2520=EDGE_CURVE('',#2042,#2033,#938,.T.);
#2521=EDGE_CURVE('',#2043,#2034,#939,.T.);
#2522=EDGE_CURVE('',#2040,#2032,#940,.T.);
#2523=EDGE_CURVE('',#2047,#2048,#941,.T.);
#2524=EDGE_CURVE('',#2049,#2047,#942,.T.);
#2525=EDGE_CURVE('',#2050,#2049,#943,.T.);
#2526=EDGE_CURVE('',#2048,#2050,#944,.T.);
#2527=EDGE_CURVE('',#2051,#2052,#945,.T.);
#2528=EDGE_CURVE('',#2053,#2051,#946,.T.);
#2529=EDGE_CURVE('',#2054,#2053,#947,.T.);
#2530=EDGE_CURVE('',#2054,#2052,#948,.T.);
#2531=EDGE_CURVE('',#2052,#2047,#949,.T.);
#2532=EDGE_CURVE('',#2049,#2054,#950,.T.);
#2533=EDGE_CURVE('',#2050,#2055,#951,.T.);
#2534=EDGE_CURVE('',#2056,#2055,#1799,.T.);
#2535=EDGE_CURVE('',#2056,#2057,#952,.T.);
#2536=EDGE_CURVE('',#2058,#2057,#1800,.T.);
#2537=EDGE_CURVE('',#2058,#2059,#953,.T.);
#2538=EDGE_CURVE('',#2060,#2059,#1801,.T.);
#2539=EDGE_CURVE('',#2060,#2061,#954,.T.);
#2540=EDGE_CURVE('',#2062,#2061,#1802,.T.);
#2541=EDGE_CURVE('',#2062,#2053,#955,.T.);
#2542=EDGE_CURVE('',#2051,#2063,#956,.T.);
#2543=EDGE_CURVE('',#2064,#2063,#1803,.T.);
#2544=EDGE_CURVE('',#2064,#2065,#957,.T.);
#2545=EDGE_CURVE('',#2066,#2065,#1804,.T.);
#2546=EDGE_CURVE('',#2066,#2067,#958,.T.);
#2547=EDGE_CURVE('',#2068,#2067,#1805,.T.);
#2548=EDGE_CURVE('',#2068,#2069,#959,.T.);
#2549=EDGE_CURVE('',#2070,#2069,#1806,.T.);
#2550=EDGE_CURVE('',#2070,#2048,#960,.T.);
#2551=EDGE_CURVE('',#2071,#2062,#961,.T.);
#2552=EDGE_CURVE('',#2071,#2072,#962,.T.);
#2553=EDGE_CURVE('',#2073,#2072,#963,.T.);
#2554=EDGE_CURVE('',#2074,#2073,#964,.T.);
#2555=EDGE_CURVE('',#2075,#2074,#965,.T.);
#2556=EDGE_CURVE('',#2075,#2076,#966,.T.);
#2557=EDGE_CURVE('',#2055,#2076,#967,.T.);
#2558=EDGE_CURVE('',#2077,#2078,#1807,.T.);
#2559=EDGE_CURVE('',#2078,#2079,#968,.T.);
#2560=EDGE_CURVE('',#2079,#2080,#1808,.T.);
#2561=EDGE_CURVE('',#2080,#2081,#969,.T.);
#2562=EDGE_CURVE('',#2081,#2082,#970,.T.);
#2563=EDGE_CURVE('',#2082,#2083,#971,.T.);
#2564=EDGE_CURVE('',#2083,#2084,#972,.T.);
#2565=EDGE_CURVE('',#2084,#2085,#973,.T.);
#2566=EDGE_CURVE('',#2085,#2086,#1809,.T.);
#2567=EDGE_CURVE('',#2086,#2087,#974,.T.);
#2568=EDGE_CURVE('',#2087,#2088,#1810,.T.);
#2569=EDGE_CURVE('',#2088,#2077,#975,.T.);
#2570=EDGE_CURVE('',#2089,#2090,#976,.T.);
#2571=EDGE_CURVE('',#2091,#2089,#977,.T.);
#2572=EDGE_CURVE('',#2091,#2092,#978,.T.);
#2573=EDGE_CURVE('',#2090,#2092,#979,.T.);
#2574=EDGE_CURVE('',#2093,#2090,#980,.T.);
#2575=EDGE_CURVE('',#2094,#2093,#981,.T.);
#2576=EDGE_CURVE('',#2095,#2094,#982,.T.);
#2577=EDGE_CURVE('',#2096,#2095,#983,.T.);
#2578=EDGE_CURVE('',#2097,#2096,#984,.T.);
#2579=EDGE_CURVE('',#2097,#2098,#985,.T.);
#2580=EDGE_CURVE('',#2098,#2089,#986,.T.);
#2581=EDGE_CURVE('',#2099,#2100,#987,.T.);
#2582=EDGE_CURVE('',#2099,#2101,#988,.T.);
#2583=EDGE_CURVE('',#2102,#2101,#989,.T.);
#2584=EDGE_CURVE('',#2100,#2102,#990,.T.);
#2585=EDGE_CURVE('',#2100,#2103,#991,.T.);
#2586=EDGE_CURVE('',#2104,#2102,#992,.T.);
#2587=EDGE_CURVE('',#2103,#2104,#993,.T.);
#2588=EDGE_CURVE('',#2103,#2105,#994,.T.);
#2589=EDGE_CURVE('',#2106,#2104,#995,.T.);
#2590=EDGE_CURVE('',#2105,#2106,#996,.T.);
#2591=EDGE_CURVE('',#2107,#2108,#997,.T.);
#2592=EDGE_CURVE('',#2109,#2107,#998,.T.);
#2593=EDGE_CURVE('',#2109,#2110,#999,.T.);
#2594=EDGE_CURVE('',#2110,#2108,#1000,.T.);
#2595=EDGE_CURVE('',#2108,#2111,#1001,.T.);
#2596=EDGE_CURVE('',#2110,#2112,#1002,.T.);
#2597=EDGE_CURVE('',#2112,#2111,#1003,.T.);
#2598=EDGE_CURVE('',#2113,#2107,#1004,.T.);
#2599=EDGE_CURVE('',#2114,#2113,#1005,.T.);
#2600=EDGE_CURVE('',#2109,#2114,#1006,.T.);
#2601=EDGE_CURVE('',#2106,#2111,#1007,.T.);
#2602=EDGE_CURVE('',#2101,#2113,#1008,.T.);
#2603=EDGE_CURVE('',#2115,#2116,#1009,.T.);
#2604=EDGE_CURVE('',#2116,#2097,#1010,.T.);
#2605=EDGE_CURVE('',#2115,#2096,#1011,.T.);
#2606=EDGE_CURVE('',#2083,#2105,#1012,.T.);
#2607=EDGE_CURVE('',#2117,#2082,#1013,.T.);
#2608=EDGE_CURVE('',#2118,#2117,#1014,.T.);
#2609=EDGE_CURVE('',#2118,#2119,#1015,.T.);
#2610=EDGE_CURVE('',#2119,#2120,#1016,.T.);
#2611=EDGE_CURVE('',#2120,#2121,#1017,.T.);
#2612=EDGE_CURVE('',#2121,#2122,#1018,.T.);
#2613=EDGE_CURVE('',#2122,#2123,#1019,.T.);
#2614=EDGE_CURVE('',#2123,#2124,#1020,.T.);
#2615=EDGE_CURVE('',#2124,#2125,#1021,.T.);
#2616=EDGE_CURVE('',#2092,#2125,#1022,.T.);
#2617=EDGE_CURVE('',#2091,#2126,#1023,.T.);
#2618=EDGE_CURVE('',#2126,#2116,#1024,.T.);
#2619=EDGE_CURVE('',#2115,#2112,#1025,.T.);
#2620=EDGE_CURVE('',#2114,#2099,#1026,.T.);
#2621=EDGE_CURVE('',#2127,#2128,#1027,.T.);
#2622=EDGE_CURVE('',#2124,#2127,#1028,.T.);
#2623=EDGE_CURVE('',#2123,#2128,#1029,.T.);
#2624=EDGE_CURVE('',#2128,#2129,#1030,.T.);
#2625=EDGE_CURVE('',#2129,#2122,#1031,.T.);
#2626=EDGE_CURVE('',#2130,#2131,#1032,.T.);
#2627=EDGE_CURVE('',#2119,#2130,#1033,.T.);
#2628=EDGE_CURVE('',#2118,#2131,#1034,.T.);
#2629=EDGE_CURVE('',#2131,#2132,#1035,.T.);
#2630=EDGE_CURVE('',#2117,#2132,#1036,.T.);
#2631=EDGE_CURVE('',#2133,#2130,#1037,.T.);
#2632=EDGE_CURVE('',#2120,#2133,#1038,.T.);
#2633=EDGE_CURVE('',#2134,#2135,#1039,.T.);
#2634=EDGE_CURVE('',#2135,#2136,#1811,.T.);
#2635=EDGE_CURVE('',#2136,#2137,#1040,.T.);
#2636=EDGE_CURVE('',#2137,#2134,#53,.T.);
#2637=EDGE_CURVE('',#2138,#2139,#1812,.T.);
#2638=EDGE_CURVE('',#2139,#2140,#19,.T.);
#2639=EDGE_CURVE('',#2140,#2138,#20,.T.);
#2640=EDGE_CURVE('',#2141,#2142,#1813,.T.);
#2641=EDGE_CURVE('',#2142,#2139,#1814,.T.);
#2642=EDGE_CURVE('',#2138,#2141,#1815,.T.);
#2643=EDGE_CURVE('',#2143,#2142,#1041,.T.);
#2644=EDGE_CURVE('',#2141,#2144,#1042,.T.);
#2645=EDGE_CURVE('',#2144,#2143,#54,.T.);
#2646=EDGE_CURVE('',#2137,#2143,#1043,.T.);
#2647=EDGE_CURVE('',#2144,#2134,#1044,.T.);
#2648=EDGE_CURVE('',#2145,#2146,#1816,.T.);
#2649=EDGE_CURVE('',#2146,#2136,#1817,.T.);
#2650=EDGE_CURVE('',#2135,#2145,#1818,.T.);
#2651=EDGE_CURVE('',#2147,#2148,#1819,.T.);
#2652=EDGE_CURVE('',#2148,#2146,#1045,.T.);
#2653=EDGE_CURVE('',#2145,#2147,#1046,.T.);
#2654=EDGE_CURVE('',#2134,#2149,#1047,.T.);
#2655=EDGE_CURVE('',#2147,#2149,#1048,.T.);
#2656=EDGE_CURVE('',#2144,#2150,#1049,.T.);
#2657=EDGE_CURVE('',#2149,#2150,#1050,.T.);
#2658=EDGE_CURVE('',#2151,#2140,#1051,.T.);
#2659=EDGE_CURVE('',#2152,#2151,#1052,.T.);
#2660=EDGE_CURVE('',#2150,#2152,#1053,.T.);
#2661=EDGE_CURVE('',#2139,#2153,#55,.T.);
#2662=EDGE_CURVE('',#2153,#2140,#56,.T.);
#2663=EDGE_CURVE('',#2154,#2152,#1820,.T.);
#2664=EDGE_CURVE('',#2154,#2155,#1054,.T.);
#2665=EDGE_CURVE('',#2076,#2155,#1821,.F.);
#2666=EDGE_CURVE('',#2156,#2075,#1822,.T.);
#2667=EDGE_CURVE('',#2156,#2148,#1055,.T.);
#2668=EDGE_CURVE('',#2151,#2157,#1823,.T.);
#2669=EDGE_CURVE('',#2157,#2154,#1056,.T.);
#2670=EDGE_CURVE('',#2151,#2158,#57,.T.);
#2671=EDGE_CURVE('',#2158,#2157,#58,.T.);
#2672=EDGE_CURVE('',#2142,#2153,#1057,.T.);
#2673=EDGE_CURVE('',#2159,#2070,#1058,.T.);
#2674=EDGE_CURVE('',#2160,#2159,#1059,.T.);
#2675=EDGE_CURVE('',#2063,#2160,#1060,.T.);
#2676=EDGE_CURVE('',#2161,#2162,#1824,.T.);
#2677=EDGE_CURVE('',#2162,#2163,#59,.T.);
#2678=EDGE_CURVE('',#2163,#2161,#60,.T.);
#2679=EDGE_CURVE('',#2164,#2165,#1825,.T.);
#2680=EDGE_CURVE('',#2165,#2162,#1061,.T.);
#2681=EDGE_CURVE('',#2161,#2164,#1062,.T.);
#2682=EDGE_CURVE('',#2164,#2166,#1063,.T.);
#2683=EDGE_CURVE('',#2167,#2166,#1826,.T.);
#2684=EDGE_CURVE('',#2167,#2168,#1064,.T.);
#2685=EDGE_CURVE('',#2169,#2168,#1827,.T.);
#2686=EDGE_CURVE('',#2169,#2170,#1065,.T.);
#2687=EDGE_CURVE('',#2171,#2170,#1828,.T.);
#2688=EDGE_CURVE('',#2171,#2172,#1066,.T.);
#2689=EDGE_CURVE('',#2072,#2172,#1829,.T.);
#2690=EDGE_CURVE('',#2173,#2071,#1830,.F.);
#2691=EDGE_CURVE('',#2173,#2165,#1067,.T.);
#2692=EDGE_CURVE('',#2174,#2161,#1068,.T.);
#2693=EDGE_CURVE('',#2166,#2174,#1069,.T.);
#2694=EDGE_CURVE('',#2163,#2175,#1070,.T.);
#2695=EDGE_CURVE('',#2174,#2175,#61,.T.);
#2696=EDGE_CURVE('',#2155,#2056,#1071,.T.);
#2697=EDGE_CURVE('',#2176,#2157,#1072,.T.);
#2698=EDGE_CURVE('',#2057,#2176,#1073,.T.);
#2699=EDGE_CURVE('',#2176,#2177,#1831,.T.);
#2700=EDGE_CURVE('',#2177,#2058,#1074,.T.);
#2701=EDGE_CURVE('',#2176,#2178,#62,.T.);
#2702=EDGE_CURVE('',#2178,#2177,#63,.T.);
#2703=EDGE_CURVE('',#2158,#2178,#1075,.T.);
#2704=EDGE_CURVE('',#2061,#2173,#1076,.T.);
#2705=EDGE_CURVE('',#2179,#2060,#1077,.T.);
#2706=EDGE_CURVE('',#2162,#2179,#1078,.T.);
#2707=EDGE_CURVE('',#2059,#2180,#1079,.T.);
#2708=EDGE_CURVE('',#2180,#2179,#1832,.T.);
#2709=EDGE_CURVE('',#2180,#2181,#64,.T.);
#2710=EDGE_CURVE('',#2181,#2179,#65,.T.);
#2711=EDGE_CURVE('',#2180,#2177,#1080,.T.);
#2712=EDGE_CURVE('',#2182,#2159,#1833,.T.);
#2713=EDGE_CURVE('',#2159,#2183,#1834,.T.);
#2714=EDGE_CURVE('',#2183,#2184,#1835,.T.);
#2715=EDGE_CURVE('',#2184,#2182,#1836,.T.);
#2716=EDGE_CURVE('',#2069,#2183,#1081,.T.);
#2717=EDGE_CURVE('',#2183,#2185,#1082,.T.);
#2718=EDGE_CURVE('',#2186,#2185,#1837,.T.);
#2719=EDGE_CURVE('',#2186,#2184,#1083,.T.);
#2720=EDGE_CURVE('',#2185,#2068,#1084,.T.);
#2721=EDGE_CURVE('',#2187,#2188,#1838,.T.);
#2722=EDGE_CURVE('',#2188,#2160,#1839,.T.);
#2723=EDGE_CURVE('',#2160,#2189,#1840,.T.);
#2724=EDGE_CURVE('',#2189,#2187,#1841,.T.);
#2725=EDGE_CURVE('',#2188,#2064,#1085,.T.);
#2726=EDGE_CURVE('',#2182,#2189,#1086,.T.);
#2727=EDGE_CURVE('',#2190,#2191,#1842,.T.);
#2728=EDGE_CURVE('',#2191,#2192,#1843,.T.);
#2729=EDGE_CURVE('',#2192,#2193,#1844,.T.);
#2730=EDGE_CURVE('',#2193,#2190,#1845,.T.);
#2731=EDGE_CURVE('',#2191,#2066,#1087,.T.);
#2732=EDGE_CURVE('',#2065,#2192,#1088,.T.);
#2733=EDGE_CURVE('',#2187,#2193,#1089,.T.);
#2734=EDGE_CURVE('',#2192,#2188,#1090,.T.);
#2735=EDGE_CURVE('',#2185,#2194,#1846,.T.);
#2736=EDGE_CURVE('',#2194,#2195,#1847,.T.);
#2737=EDGE_CURVE('',#2195,#2186,#1848,.T.);
#2738=EDGE_CURVE('',#2067,#2194,#1091,.T.);
#2739=EDGE_CURVE('',#2190,#2195,#1092,.T.);
#2740=EDGE_CURVE('',#2194,#2191,#1093,.T.);
#2741=EDGE_CURVE('',#2196,#2197,#1849,.T.);
#2742=EDGE_CURVE('',#2197,#2074,#1850,.T.);
#2743=EDGE_CURVE('',#2074,#2198,#1851,.T.);
#2744=EDGE_CURVE('',#2198,#2196,#1852,.T.);
#2745=EDGE_CURVE('',#2197,#2156,#1094,.T.);
#2746=EDGE_CURVE('',#2199,#2073,#1853,.T.);
#2747=EDGE_CURVE('',#2199,#2198,#1095,.T.);
#2748=EDGE_CURVE('',#2153,#2158,#1096,.T.);
#2749=EDGE_CURVE('',#2146,#2197,#1097,.T.);
#2750=EDGE_CURVE('',#2200,#2201,#1854,.T.);
#2751=EDGE_CURVE('',#2201,#2202,#1098,.T.);
#2752=EDGE_CURVE('',#2202,#2203,#1855,.T.);
#2753=EDGE_CURVE('',#2203,#2200,#1099,.T.);
#2754=EDGE_CURVE('',#2202,#2204,#66,.T.);
#2755=EDGE_CURVE('',#2204,#2203,#67,.T.);
#2756=EDGE_CURVE('',#2202,#2205,#1100,.T.);
#2757=EDGE_CURVE('',#2206,#2205,#68,.T.);
#2758=EDGE_CURVE('',#2206,#2204,#1101,.T.);
#2759=EDGE_CURVE('',#2207,#2201,#1102,.T.);
#2760=EDGE_CURVE('',#2205,#2207,#1103,.T.);
#2761=EDGE_CURVE('',#2200,#2208,#1104,.T.);
#2762=EDGE_CURVE('',#2209,#2208,#1856,.T.);
#2763=EDGE_CURVE('',#2209,#2210,#1105,.T.);
#2764=EDGE_CURVE('',#2211,#2210,#1857,.T.);
#2765=EDGE_CURVE('',#2211,#2212,#1106,.T.);
#2766=EDGE_CURVE('',#2207,#2212,#1858,.T.);
#2767=EDGE_CURVE('',#2212,#2213,#1107,.T.);
#2768=EDGE_CURVE('',#2213,#2205,#1859,.T.);
#2769=EDGE_CURVE('',#2213,#2206,#69,.T.);
#2770=EDGE_CURVE('',#2214,#2211,#1108,.T.);
#2771=EDGE_CURVE('',#2213,#2214,#1109,.T.);
#2772=EDGE_CURVE('',#2214,#2215,#1860,.T.);
#2773=EDGE_CURVE('',#2215,#2216,#70,.T.);
#2774=EDGE_CURVE('',#2216,#2214,#71,.T.);
#2775=EDGE_CURVE('',#2210,#2215,#1110,.T.);
#2776=EDGE_CURVE('',#2216,#2206,#1111,.T.);
#2777=EDGE_CURVE('',#2215,#2217,#1112,.T.);
#2778=EDGE_CURVE('',#2218,#2217,#72,.T.);
#2779=EDGE_CURVE('',#2218,#2216,#1113,.T.);
#2780=EDGE_CURVE('',#2208,#2219,#1114,.T.);
#2781=EDGE_CURVE('',#2219,#2217,#1861,.T.);
#2782=EDGE_CURVE('',#2217,#2209,#1115,.T.);
#2783=EDGE_CURVE('',#2219,#2218,#73,.T.);
#2784=EDGE_CURVE('',#2204,#2218,#1116,.T.);
#2785=EDGE_CURVE('',#2219,#2203,#1117,.T.);
#2786=EDGE_CURVE('',#2220,#2221,#1862,.T.);
#2787=EDGE_CURVE('',#2221,#2222,#1863,.T.);
#2788=EDGE_CURVE('',#2222,#2223,#1864,.T.);
#2789=EDGE_CURVE('',#2223,#2220,#1865,.T.);
#2790=EDGE_CURVE('',#2221,#2171,#1118,.T.);
#2791=EDGE_CURVE('',#2170,#2222,#1119,.T.);
#2792=EDGE_CURVE('',#2222,#2224,#1120,.T.);
#2793=EDGE_CURVE('',#2225,#2224,#74,.T.);
#2794=EDGE_CURVE('',#2225,#2223,#1121,.T.);
#2795=EDGE_CURVE('',#2224,#2169,#1122,.T.);
#2796=EDGE_CURVE('',#2226,#2227,#1866,.T.);
#2797=EDGE_CURVE('',#2227,#2199,#1867,.T.);
#2798=EDGE_CURVE('',#2073,#2226,#1868,.T.);
#2799=EDGE_CURVE('',#2172,#2226,#1123,.T.);
#2800=EDGE_CURVE('',#2228,#2229,#1869,.T.);
#2801=EDGE_CURVE('',#2230,#2228,#1124,.T.);
#2802=EDGE_CURVE('',#2231,#2230,#1870,.T.);
#2803=EDGE_CURVE('',#2232,#2231,#1125,.T.);
#2804=EDGE_CURVE('',#2233,#2232,#1871,.T.);
#2805=EDGE_CURVE('',#2234,#2233,#1126,.T.);
#2806=EDGE_CURVE('',#2234,#2095,#1127,.T.);
#2807=EDGE_CURVE('',#2094,#2235,#1128,.T.);
#2808=EDGE_CURVE('',#2236,#2235,#1129,.T.);
#2809=EDGE_CURVE('',#2237,#2236,#1872,.T.);
#2810=EDGE_CURVE('',#2229,#2237,#1130,.T.);
#2811=EDGE_CURVE('',#2196,#2136,#1131,.T.);
#2812=EDGE_CURVE('',#2220,#2227,#1132,.T.);
#2813=EDGE_CURVE('',#2175,#2225,#1133,.T.);
#2814=EDGE_CURVE('',#2181,#2163,#1134,.T.);
#2815=EDGE_CURVE('',#2178,#2181,#1135,.T.);
#2816=EDGE_CURVE('',#2226,#2221,#1136,.T.);
#2817=EDGE_CURVE('',#2168,#2238,#1137,.T.);
#2818=EDGE_CURVE('',#2238,#2224,#1873,.T.);
#2819=EDGE_CURVE('',#2238,#2225,#75,.T.);
#2820=EDGE_CURVE('',#2238,#2239,#1138,.T.);
#2821=EDGE_CURVE('',#2175,#2239,#76,.T.);
#2822=EDGE_CURVE('',#2239,#2167,#1139,.T.);
#2823=EDGE_CURVE('',#2174,#2239,#1874,.T.);
#2824=EDGE_CURVE('',#2240,#2228,#1875,.T.);
#2825=EDGE_CURVE('',#2229,#2241,#1876,.T.);
#2826=EDGE_CURVE('',#2241,#2240,#1877,.T.);
#2827=EDGE_CURVE('',#2077,#2240,#1140,.T.);
#2828=EDGE_CURVE('',#2241,#2078,#1141,.T.);
#2829=EDGE_CURVE('',#2240,#2242,#1142,.T.);
#2830=EDGE_CURVE('',#2230,#2242,#1878,.T.);
#2831=EDGE_CURVE('',#2242,#2088,#1143,.T.);
#2832=EDGE_CURVE('',#2243,#2231,#1879,.T.);
#2833=EDGE_CURVE('',#2242,#2243,#1880,.T.);
#2834=EDGE_CURVE('',#2087,#2243,#1144,.T.);
#2835=EDGE_CURVE('',#2243,#2244,#1145,.T.);
#2836=EDGE_CURVE('',#2232,#2244,#1881,.T.);
#2837=EDGE_CURVE('',#2244,#2086,#1146,.T.);
#2838=EDGE_CURVE('',#2245,#2233,#1882,.T.);
#2839=EDGE_CURVE('',#2244,#2245,#1883,.T.);
#2840=EDGE_CURVE('',#2085,#2245,#1147,.T.);
#2841=EDGE_CURVE('',#2245,#2246,#1148,.T.);
#2842=EDGE_CURVE('',#2246,#2234,#1884,.T.);
#2843=EDGE_CURVE('',#2084,#2246,#1149,.T.);
#2844=EDGE_CURVE('',#2247,#2237,#1885,.T.);
#2845=EDGE_CURVE('',#2236,#2248,#1886,.T.);
#2846=EDGE_CURVE('',#2248,#2247,#1887,.T.);
#2847=EDGE_CURVE('',#2079,#2247,#1150,.T.);
#2848=EDGE_CURVE('',#2248,#2080,#1151,.T.);
#2849=EDGE_CURVE('',#2249,#2248,#1152,.T.);
#2850=EDGE_CURVE('',#2081,#2249,#1153,.T.);
#2851=EDGE_CURVE('',#2235,#2249,#1888,.T.);
#2852=EDGE_CURVE('',#2247,#2241,#1154,.T.);
#2853=EDGE_CURVE('',#2127,#2132,#1155,.T.);
#2854=EDGE_CURVE('',#2125,#2093,#1156,.T.);
#2855=EDGE_CURVE('',#2126,#2098,#1157,.T.);
#2856=EDGE_CURVE('',#2250,#2133,#1158,.T.);
#2857=EDGE_CURVE('',#2121,#2250,#1159,.T.);
#2858=EDGE_CURVE('',#2129,#2250,#1160,.T.);
#2859=EDGE_CURVE('',#2251,#2252,#1889,.T.);
#2860=EDGE_CURVE('',#2252,#2253,#1161,.T.);
#2861=EDGE_CURVE('',#2253,#2254,#1890,.T.);
#2862=EDGE_CURVE('',#2254,#2251,#1162,.T.);
#2863=EDGE_CURVE('',#2255,#2252,#1163,.T.);
#2864=EDGE_CURVE('',#2256,#2255,#1164,.T.);
#2865=EDGE_CURVE('',#2253,#2256,#1165,.T.);
#2866=EDGE_CURVE('',#2257,#2258,#1891,.T.);
#2867=EDGE_CURVE('',#2258,#2259,#1166,.T.);
#2868=EDGE_CURVE('',#2259,#2260,#1892,.T.);
#2869=EDGE_CURVE('',#2260,#2257,#1167,.T.);
#2870=EDGE_CURVE('',#2259,#2254,#1168,.T.);
#2871=EDGE_CURVE('',#2251,#2258,#1169,.T.);
#2872=EDGE_CURVE('',#2261,#2262,#1893,.T.);
#2873=EDGE_CURVE('',#2262,#2263,#1170,.T.);
#2874=EDGE_CURVE('',#2263,#2264,#1894,.T.);
#2875=EDGE_CURVE('',#2264,#2261,#1171,.T.);
#2876=EDGE_CURVE('',#2263,#2260,#1172,.T.);
#2877=EDGE_CURVE('',#2257,#2262,#1173,.T.);
#2878=EDGE_CURVE('',#2255,#2265,#1895,.T.);
#2879=EDGE_CURVE('',#2265,#2266,#1174,.T.);
#2880=EDGE_CURVE('',#2266,#2256,#1896,.T.);
#2881=EDGE_CURVE('',#2266,#2264,#1175,.T.);
#2882=EDGE_CURVE('',#2261,#2265,#1176,.T.);
#2883=EDGE_CURVE('',#2267,#2268,#1177,.T.);
#2884=EDGE_CURVE('',#2268,#2269,#1178,.T.);
#2885=EDGE_CURVE('',#2270,#2269,#1179,.T.);
#2886=EDGE_CURVE('',#2270,#2267,#1180,.T.);
#2887=EDGE_CURVE('',#2271,#2272,#1181,.T.);
#2888=EDGE_CURVE('',#2272,#2273,#1182,.T.);
#2889=EDGE_CURVE('',#2273,#2274,#1183,.T.);
#2890=EDGE_CURVE('',#2274,#2271,#1184,.T.);
#2891=EDGE_CURVE('',#2267,#2275,#1185,.T.);
#2892=EDGE_CURVE('',#2275,#2276,#1186,.T.);
#2893=EDGE_CURVE('',#2276,#2277,#1187,.T.);
#2894=EDGE_CURVE('',#2277,#2278,#1188,.T.);
#2895=EDGE_CURVE('',#2278,#2268,#1189,.T.);
#2896=EDGE_CURVE('',#2279,#2270,#1190,.T.);
#2897=EDGE_CURVE('',#2279,#2275,#1191,.T.);
#2898=EDGE_CURVE('',#2280,#2269,#1192,.T.);
#2899=EDGE_CURVE('',#2280,#2278,#1193,.T.);
#2900=EDGE_CURVE('',#2281,#2280,#1194,.T.);
#2901=EDGE_CURVE('',#2281,#2277,#1195,.T.);
#2902=EDGE_CURVE('',#2282,#2281,#1196,.T.);
#2903=EDGE_CURVE('',#2282,#2276,#1197,.T.);
#2904=EDGE_CURVE('',#2279,#2282,#1198,.T.);
#2905=EDGE_CURVE('',#2283,#2284,#1199,.T.);
#2906=EDGE_CURVE('',#2284,#2285,#77,.T.);
#2907=EDGE_CURVE('',#2285,#2286,#1200,.T.);
#2908=EDGE_CURVE('',#2283,#2286,#78,.T.);
#2909=EDGE_CURVE('',#2284,#2287,#1201,.T.);
#2910=EDGE_CURVE('',#2287,#2288,#79,.T.);
#2911=EDGE_CURVE('',#2288,#2285,#1202,.T.);
#2912=EDGE_CURVE('',#2287,#2289,#1203,.T.);
#2913=EDGE_CURVE('',#2289,#2290,#80,.T.);
#2914=EDGE_CURVE('',#2290,#2288,#1204,.T.);
#2915=EDGE_CURVE('',#2286,#2290,#1205,.T.);
#2916=EDGE_CURVE('',#2289,#2283,#1206,.T.);
#2917=EDGE_CURVE('',#2272,#2286,#1207,.T.);
#2918=EDGE_CURVE('',#2271,#2290,#1208,.T.);
#2919=EDGE_CURVE('',#2273,#2285,#1209,.T.);
#2920=EDGE_CURVE('',#2274,#2288,#1210,.T.);
#2921=EDGE_CURVE('',#2291,#2292,#1897,.T.);
#2922=EDGE_CURVE('',#2292,#2293,#1898,.T.);
#2923=EDGE_CURVE('',#2293,#2294,#1899,.T.);
#2924=EDGE_CURVE('',#2294,#2291,#1900,.T.);
#2925=EDGE_CURVE('',#2295,#2296,#1901,.T.);
#2926=EDGE_CURVE('',#2296,#2293,#1211,.T.);
#2927=EDGE_CURVE('',#2292,#2295,#1212,.T.);
#2928=EDGE_CURVE('',#2293,#2297,#1213,.T.);
#2929=EDGE_CURVE('',#2298,#2297,#1902,.T.);
#2930=EDGE_CURVE('',#2298,#2294,#1214,.T.);
#2931=EDGE_CURVE('',#2299,#2296,#1215,.T.);
#2932=EDGE_CURVE('',#2297,#2299,#1216,.T.);
#2933=EDGE_CURVE('',#2295,#2300,#1217,.T.);
#2934=EDGE_CURVE('',#2301,#2300,#1903,.T.);
#2935=EDGE_CURVE('',#2301,#2302,#1218,.T.);
#2936=EDGE_CURVE('',#2303,#2302,#1904,.T.);
#2937=EDGE_CURVE('',#2303,#2304,#1219,.T.);
#2938=EDGE_CURVE('',#2299,#2304,#1905,.T.);
#2939=EDGE_CURVE('',#2305,#2306,#1906,.T.);
#2940=EDGE_CURVE('',#2306,#2307,#1907,.T.);
#2941=EDGE_CURVE('',#2307,#2308,#1908,.T.);
#2942=EDGE_CURVE('',#2308,#2305,#1909,.T.);
#2943=EDGE_CURVE('',#2300,#2305,#1220,.T.);
#2944=EDGE_CURVE('',#2308,#2301,#1221,.T.);
#2945=EDGE_CURVE('',#2307,#2309,#1222,.T.);
#2946=EDGE_CURVE('',#2310,#2309,#1910,.T.);
#2947=EDGE_CURVE('',#2310,#2308,#1223,.T.);
#2948=EDGE_CURVE('',#2311,#2298,#1911,.T.);
#2949=EDGE_CURVE('',#2312,#2311,#1224,.T.);
#2950=EDGE_CURVE('',#2309,#2312,#1912,.T.);
#2951=EDGE_CURVE('',#2291,#2306,#1225,.T.);
#2952=EDGE_CURVE('',#2305,#2292,#1226,.T.);
#2953=EDGE_CURVE('',#2312,#2313,#1913,.T.);
#2954=EDGE_CURVE('',#2313,#2310,#1914,.T.);
#2955=EDGE_CURVE('',#2302,#2310,#1227,.T.);
#2956=EDGE_CURVE('',#2313,#2303,#1228,.T.);
#2957=EDGE_CURVE('',#2297,#2314,#1915,.T.);
#2958=EDGE_CURVE('',#2314,#2311,#1916,.T.);
#2959=EDGE_CURVE('',#2304,#2314,#1229,.T.);
#2960=EDGE_CURVE('',#2314,#2313,#1230,.T.);
#2961=EDGE_CURVE('',#2315,#2316,#1231,.T.);
#2962=EDGE_CURVE('',#2316,#2317,#81,.T.);
#2963=EDGE_CURVE('',#2317,#2318,#1232,.T.);
#2964=EDGE_CURVE('',#2315,#2318,#82,.T.);
#2965=EDGE_CURVE('',#2316,#2319,#1233,.T.);
#2966=EDGE_CURVE('',#2319,#2320,#83,.T.);
#2967=EDGE_CURVE('',#2320,#2317,#1234,.T.);
#2968=EDGE_CURVE('',#2319,#2321,#1235,.T.);
#2969=EDGE_CURVE('',#2321,#2322,#84,.T.);
#2970=EDGE_CURVE('',#2322,#2320,#1236,.T.);
#2971=EDGE_CURVE('',#2318,#2322,#1237,.T.);
#2972=EDGE_CURVE('',#2321,#2315,#1238,.T.);
#2973=EDGE_CURVE('',#2323,#2318,#1239,.T.);
#2974=EDGE_CURVE('',#2323,#2324,#1240,.T.);
#2975=EDGE_CURVE('',#2324,#2322,#1241,.T.);
#2976=EDGE_CURVE('',#2325,#2317,#1242,.T.);
#2977=EDGE_CURVE('',#2325,#2323,#1243,.T.);
#2978=EDGE_CURVE('',#2326,#2320,#1244,.T.);
#2979=EDGE_CURVE('',#2326,#2325,#1245,.T.);
#2980=EDGE_CURVE('',#2324,#2326,#1246,.T.);
#2981=EDGE_CURVE('',#2327,#2328,#1247,.T.);
#2982=EDGE_CURVE('',#2327,#2329,#1248,.T.);
#2983=EDGE_CURVE('',#2330,#2329,#1249,.T.);
#2984=EDGE_CURVE('',#2328,#2330,#1250,.T.);
#2985=EDGE_CURVE('',#2328,#2331,#1251,.T.);
#2986=EDGE_CURVE('',#2332,#2330,#1252,.T.);
#2987=EDGE_CURVE('',#2331,#2332,#1253,.T.);
#2988=EDGE_CURVE('',#2331,#2333,#1254,.T.);
#2989=EDGE_CURVE('',#2334,#2332,#1255,.T.);
#2990=EDGE_CURVE('',#2333,#2334,#1256,.T.);
#2991=EDGE_CURVE('',#2333,#2327,#1257,.T.);
#2992=EDGE_CURVE('',#2329,#2334,#1258,.T.);
#2993=EDGE_CURVE('',#2335,#2336,#1917,.T.);
#2994=EDGE_CURVE('',#2336,#2337,#1918,.T.);
#2995=EDGE_CURVE('',#2337,#2338,#1919,.T.);
#2996=EDGE_CURVE('',#2338,#2335,#1920,.T.);
#2997=EDGE_CURVE('',#2339,#2340,#1921,.T.);
#2998=EDGE_CURVE('',#2340,#2338,#1259,.T.);
#2999=EDGE_CURVE('',#2337,#2339,#1260,.T.);
#3000=EDGE_CURVE('',#2341,#2342,#1922,.T.);
#3001=EDGE_CURVE('',#2342,#2340,#1923,.T.);
#3002=EDGE_CURVE('',#2339,#2341,#1924,.T.);
#3003=EDGE_CURVE('',#2343,#2344,#1925,.T.);
#3004=EDGE_CURVE('',#2344,#2342,#1261,.T.);
#3005=EDGE_CURVE('',#2341,#2343,#1262,.T.);
#3006=EDGE_CURVE('',#2345,#2346,#1926,.T.);
#3007=EDGE_CURVE('',#2346,#2344,#1927,.T.);
#3008=EDGE_CURVE('',#2343,#2345,#1928,.T.);
#3009=EDGE_CURVE('',#2347,#2348,#1929,.T.);
#3010=EDGE_CURVE('',#2348,#2349,#1930,.T.);
#3011=EDGE_CURVE('',#2349,#2350,#1931,.T.);
#3012=EDGE_CURVE('',#2350,#2347,#1932,.T.);
#3013=EDGE_CURVE('',#2349,#2336,#1263,.T.);
#3014=EDGE_CURVE('',#2335,#2350,#1264,.T.);
#3015=EDGE_CURVE('',#2345,#2351,#21,.T.);
#3016=EDGE_CURVE('',#2351,#2352,#1933,.T.);
#3017=EDGE_CURVE('',#2352,#2346,#1934,.T.);
#3018=EDGE_CURVE('',#2353,#2348,#22,.T.);
#3019=EDGE_CURVE('',#2347,#2354,#1935,.T.);
#3020=EDGE_CURVE('',#2354,#2353,#1936,.T.);
#3021=EDGE_CURVE('',#2351,#2353,#1265,.T.);
#3022=EDGE_CURVE('',#2354,#2352,#1266,.T.);
#3023=EDGE_CURVE('',#2352,#2355,#1267,.T.);
#3024=EDGE_CURVE('',#2356,#2355,#1937,.T.);
#3025=EDGE_CURVE('',#2356,#2344,#1268,.T.);
#3026=EDGE_CURVE('',#2357,#2354,#1269,.T.);
#3027=EDGE_CURVE('',#2355,#2357,#1270,.T.);
#3028=EDGE_CURVE('',#2350,#2358,#1271,.T.);
#3029=EDGE_CURVE('',#2357,#2358,#1938,.T.);
#3030=EDGE_CURVE('',#2359,#2348,#1272,.T.);
#3031=EDGE_CURVE('',#2360,#2359,#1273,.T.);
#3032=EDGE_CURVE('',#2361,#2360,#1274,.T.);
#3033=EDGE_CURVE('',#2362,#2361,#1275,.T.);
#3034=EDGE_CURVE('',#2345,#2362,#1276,.T.);
#3035=EDGE_CURVE('',#2363,#2364,#1939,.T.);
#3036=EDGE_CURVE('',#2364,#2365,#1940,.T.);
#3037=EDGE_CURVE('',#2365,#2366,#1941,.T.);
#3038=EDGE_CURVE('',#2366,#2363,#1942,.T.);
#3039=EDGE_CURVE('',#2367,#2368,#1943,.T.);
#3040=EDGE_CURVE('',#2368,#2366,#1277,.T.);
#3041=EDGE_CURVE('',#2365,#2367,#1278,.T.);
#3042=EDGE_CURVE('',#2369,#2370,#1944,.T.);
#3043=EDGE_CURVE('',#2370,#2368,#1945,.T.);
#3044=EDGE_CURVE('',#2367,#2369,#1946,.T.);
#3045=EDGE_CURVE('',#2371,#2372,#1947,.T.);
#3046=EDGE_CURVE('',#2372,#2370,#1279,.T.);
#3047=EDGE_CURVE('',#2369,#2371,#1280,.T.);
#3048=EDGE_CURVE('',#2373,#2374,#23,.T.);
#3049=EDGE_CURVE('',#2374,#2372,#1948,.T.);
#3050=EDGE_CURVE('',#2371,#2373,#1949,.T.);
#3051=EDGE_CURVE('',#2375,#2364,#24,.T.);
#3052=EDGE_CURVE('',#2363,#2376,#1950,.T.);
#3053=EDGE_CURVE('',#2376,#2375,#1951,.T.);
#3054=EDGE_CURVE('',#2377,#2378,#1952,.T.);
#3055=EDGE_CURVE('',#2378,#2379,#1953,.T.);
#3056=EDGE_CURVE('',#2379,#2380,#25,.T.);
#3057=EDGE_CURVE('',#2380,#2377,#1954,.T.);
#3058=EDGE_CURVE('',#2377,#2381,#26,.T.);
#3059=EDGE_CURVE('',#2381,#2382,#1955,.T.);
#3060=EDGE_CURVE('',#2382,#2378,#1956,.T.);
#3061=EDGE_CURVE('',#2381,#2375,#1281,.T.);
#3062=EDGE_CURVE('',#2376,#2382,#1282,.T.);
#3063=EDGE_CURVE('',#2383,#2380,#1283,.T.);
#3064=EDGE_CURVE('',#2377,#2383,#1284,.T.);
#3065=EDGE_CURVE('',#2384,#2364,#1285,.T.);
#3066=EDGE_CURVE('',#2385,#2384,#1286,.T.);
#3067=EDGE_CURVE('',#2386,#2385,#1287,.T.);
#3068=EDGE_CURVE('',#2386,#2373,#1288,.T.);
#3069=EDGE_CURVE('',#2387,#2388,#1957,.T.);
#3070=EDGE_CURVE('',#2388,#2356,#1289,.T.);
#3071=EDGE_CURVE('',#2356,#2389,#1958,.T.);
#3072=EDGE_CURVE('',#2389,#2387,#1290,.T.);
#3073=EDGE_CURVE('',#2355,#2390,#1959,.T.);
#3074=EDGE_CURVE('',#2390,#2389,#1960,.T.);
#3075=EDGE_CURVE('',#2357,#2391,#1961,.T.);
#3076=EDGE_CURVE('',#2391,#2390,#1291,.T.);
#3077=EDGE_CURVE('',#2358,#2392,#1962,.T.);
#3078=EDGE_CURVE('',#2392,#2391,#1963,.T.);
#3079=EDGE_CURVE('',#2393,#2394,#1964,.T.);
#3080=EDGE_CURVE('',#2394,#2392,#1292,.T.);
#3081=EDGE_CURVE('',#2358,#2393,#1293,.T.);
#3082=EDGE_CURVE('',#2395,#2396,#1965,.T.);
#3083=EDGE_CURVE('',#2396,#2394,#1966,.T.);
#3084=EDGE_CURVE('',#2393,#2395,#1967,.T.);
#3085=EDGE_CURVE('',#2397,#2398,#1968,.T.);
#3086=EDGE_CURVE('',#2398,#2396,#1294,.T.);
#3087=EDGE_CURVE('',#2395,#2397,#1295,.T.);
#3088=EDGE_CURVE('',#2387,#2398,#1969,.T.);
#3089=EDGE_CURVE('',#2397,#2388,#1970,.T.);
#3090=EDGE_CURVE('',#2342,#2388,#1296,.T.);
#3091=EDGE_CURVE('',#2399,#2400,#1971,.T.);
#3092=EDGE_CURVE('',#2400,#2401,#1972,.T.);
#3093=EDGE_CURVE('',#2401,#2402,#1973,.T.);
#3094=EDGE_CURVE('',#2402,#2399,#1974,.T.);
#3095=EDGE_CURVE('',#2403,#2404,#1975,.T.);
#3096=EDGE_CURVE('',#2404,#2402,#1297,.T.);
#3097=EDGE_CURVE('',#2401,#2403,#1298,.T.);
#3098=EDGE_CURVE('',#2405,#2406,#1976,.T.);
#3099=EDGE_CURVE('',#2406,#2404,#1977,.T.);
#3100=EDGE_CURVE('',#2403,#2405,#1978,.T.);
#3101=EDGE_CURVE('',#2407,#2408,#1979,.T.);
#3102=EDGE_CURVE('',#2408,#2406,#1299,.T.);
#3103=EDGE_CURVE('',#2405,#2407,#1300,.T.);
#3104=EDGE_CURVE('',#2409,#2410,#1980,.T.);
#3105=EDGE_CURVE('',#2410,#2408,#1981,.T.);
#3106=EDGE_CURVE('',#2407,#2409,#1982,.T.);
#3107=EDGE_CURVE('',#2411,#2412,#1983,.T.);
#3108=EDGE_CURVE('',#2412,#2410,#1301,.T.);
#3109=EDGE_CURVE('',#2409,#2411,#1302,.T.);
#3110=EDGE_CURVE('',#2413,#2414,#1984,.T.);
#3111=EDGE_CURVE('',#2414,#2412,#1985,.T.);
#3112=EDGE_CURVE('',#2411,#2413,#1986,.T.);
#3113=EDGE_CURVE('',#2413,#2400,#1303,.T.);
#3114=EDGE_CURVE('',#2399,#2414,#1304,.T.);
#3115=EDGE_CURVE('',#2410,#2376,#1305,.T.);
#3116=EDGE_CURVE('',#2382,#2412,#1306,.T.);
#3117=EDGE_CURVE('',#2414,#2379,#1307,.T.);
#3118=EDGE_CURVE('',#2383,#2362,#1308,.T.);
#3119=EDGE_CURVE('',#2374,#2399,#1309,.T.);
#3120=EDGE_CURVE('',#2359,#2386,#1310,.T.);
#3121=EDGE_CURVE('',#2402,#2372,#1311,.T.);
#3122=EDGE_CURVE('',#2393,#2335,#1312,.T.);
#3123=EDGE_CURVE('',#2397,#2340,#1313,.T.);
#3124=EDGE_CURVE('',#2338,#2395,#1314,.T.);
#3125=EDGE_CURVE('',#2366,#2408,#1315,.T.);
#3126=EDGE_CURVE('',#2406,#2368,#1316,.T.);
#3127=EDGE_CURVE('',#2370,#2404,#1317,.T.);
#3128=EDGE_CURVE('',#2361,#2384,#1318,.T.);
#3129=EDGE_CURVE('',#2385,#2360,#1319,.T.);
#3130=ORIENTED_EDGE('',*,*,#2415,.T.);
#3131=ORIENTED_EDGE('',*,*,#2416,.T.);
#3132=ORIENTED_EDGE('',*,*,#2417,.T.);
#3133=ORIENTED_EDGE('',*,*,#2418,.T.);
#3134=ORIENTED_EDGE('',*,*,#2419,.T.);
#3135=ORIENTED_EDGE('',*,*,#2420,.T.);
#3136=ORIENTED_EDGE('',*,*,#2417,.F.);
#3137=ORIENTED_EDGE('',*,*,#2421,.T.);
#3138=ORIENTED_EDGE('',*,*,#2422,.T.);
#3139=ORIENTED_EDGE('',*,*,#2423,.T.);
#3140=ORIENTED_EDGE('',*,*,#2419,.F.);
#3141=ORIENTED_EDGE('',*,*,#2424,.T.);
#3142=ORIENTED_EDGE('',*,*,#2425,.T.);
#3143=ORIENTED_EDGE('',*,*,#2426,.T.);
#3144=ORIENTED_EDGE('',*,*,#2422,.F.);
#3145=ORIENTED_EDGE('',*,*,#2427,.T.);
#3146=ORIENTED_EDGE('',*,*,#2428,.T.);
#3147=ORIENTED_EDGE('',*,*,#2429,.T.);
#3148=ORIENTED_EDGE('',*,*,#2425,.F.);
#3149=ORIENTED_EDGE('',*,*,#2430,.T.);
#3150=ORIENTED_EDGE('',*,*,#2431,.T.);
#3151=ORIENTED_EDGE('',*,*,#2432,.T.);
#3152=ORIENTED_EDGE('',*,*,#2428,.F.);
#3153=ORIENTED_EDGE('',*,*,#2433,.T.);
#3154=ORIENTED_EDGE('',*,*,#2434,.T.);
#3155=ORIENTED_EDGE('',*,*,#2435,.T.);
#3156=ORIENTED_EDGE('',*,*,#2431,.F.);
#3157=ORIENTED_EDGE('',*,*,#2436,.T.);
#3158=ORIENTED_EDGE('',*,*,#2415,.F.);
#3159=ORIENTED_EDGE('',*,*,#2437,.T.);
#3160=ORIENTED_EDGE('',*,*,#2434,.F.);
#3161=ORIENTED_EDGE('',*,*,#2438,.T.);
#3162=ORIENTED_EDGE('',*,*,#2427,.F.);
#3163=ORIENTED_EDGE('',*,*,#2439,.T.);
#3164=ORIENTED_EDGE('',*,*,#2440,.F.);
#3165=ORIENTED_EDGE('',*,*,#2441,.T.);
#3166=ORIENTED_EDGE('',*,*,#2424,.F.);
#3167=ORIENTED_EDGE('',*,*,#2442,.F.);
#3168=ORIENTED_EDGE('',*,*,#2443,.F.);
#3169=ORIENTED_EDGE('',*,*,#2439,.F.);
#3170=ORIENTED_EDGE('',*,*,#2421,.F.);
#3171=ORIENTED_EDGE('',*,*,#2444,.F.);
#3172=ORIENTED_EDGE('',*,*,#2445,.F.);
#3173=ORIENTED_EDGE('',*,*,#2442,.T.);
#3174=ORIENTED_EDGE('',*,*,#2416,.F.);
#3175=ORIENTED_EDGE('',*,*,#2446,.F.);
#3176=ORIENTED_EDGE('',*,*,#2447,.F.);
#3177=ORIENTED_EDGE('',*,*,#2444,.T.);
#3178=ORIENTED_EDGE('',*,*,#2418,.F.);
#3179=ORIENTED_EDGE('',*,*,#2420,.F.);
#3180=ORIENTED_EDGE('',*,*,#2423,.F.);
#3181=ORIENTED_EDGE('',*,*,#2426,.F.);
#3182=ORIENTED_EDGE('',*,*,#2429,.F.);
#3183=ORIENTED_EDGE('',*,*,#2432,.F.);
#3184=ORIENTED_EDGE('',*,*,#2435,.F.);
#3185=ORIENTED_EDGE('',*,*,#2437,.F.);
#3186=ORIENTED_EDGE('',*,*,#2436,.F.);
#3187=ORIENTED_EDGE('',*,*,#2448,.F.);
#3188=ORIENTED_EDGE('',*,*,#2449,.F.);
#3189=ORIENTED_EDGE('',*,*,#2450,.T.);
#3190=ORIENTED_EDGE('',*,*,#2433,.F.);
#3191=ORIENTED_EDGE('',*,*,#2451,.F.);
#3192=ORIENTED_EDGE('',*,*,#2452,.F.);
#3193=ORIENTED_EDGE('',*,*,#2448,.T.);
#3194=ORIENTED_EDGE('',*,*,#2430,.F.);
#3195=ORIENTED_EDGE('',*,*,#2441,.F.);
#3196=ORIENTED_EDGE('',*,*,#2453,.F.);
#3197=ORIENTED_EDGE('',*,*,#2451,.T.);
#3198=ORIENTED_EDGE('',*,*,#2438,.F.);
#3199=ORIENTED_EDGE('',*,*,#2450,.F.);
#3200=ORIENTED_EDGE('',*,*,#2454,.F.);
#3201=ORIENTED_EDGE('',*,*,#2446,.T.);
#3202=ORIENTED_EDGE('',*,*,#2455,.T.);
#3203=ORIENTED_EDGE('',*,*,#2443,.T.);
#3204=ORIENTED_EDGE('',*,*,#2456,.T.);
#3205=ORIENTED_EDGE('',*,*,#2457,.T.);
#3206=ORIENTED_EDGE('',*,*,#2458,.T.);
#3207=ORIENTED_EDGE('',*,*,#2459,.T.);
#3208=ORIENTED_EDGE('',*,*,#2456,.F.);
#3209=ORIENTED_EDGE('',*,*,#2445,.T.);
#3210=ORIENTED_EDGE('',*,*,#2460,.T.);
#3211=ORIENTED_EDGE('',*,*,#2461,.T.);
#3212=ORIENTED_EDGE('',*,*,#2458,.F.);
#3213=ORIENTED_EDGE('',*,*,#2447,.T.);
#3214=ORIENTED_EDGE('',*,*,#2462,.T.);
#3215=ORIENTED_EDGE('',*,*,#2463,.T.);
#3216=ORIENTED_EDGE('',*,*,#2460,.F.);
#3217=ORIENTED_EDGE('',*,*,#2454,.T.);
#3218=ORIENTED_EDGE('',*,*,#2464,.T.);
#3219=ORIENTED_EDGE('',*,*,#2465,.T.);
#3220=ORIENTED_EDGE('',*,*,#2462,.F.);
#3221=ORIENTED_EDGE('',*,*,#2449,.T.);
#3222=ORIENTED_EDGE('',*,*,#2466,.T.);
#3223=ORIENTED_EDGE('',*,*,#2467,.T.);
#3224=ORIENTED_EDGE('',*,*,#2464,.F.);
#3225=ORIENTED_EDGE('',*,*,#2452,.T.);
#3226=ORIENTED_EDGE('',*,*,#2468,.T.);
#3227=ORIENTED_EDGE('',*,*,#2469,.T.);
#3228=ORIENTED_EDGE('',*,*,#2466,.F.);
#3229=ORIENTED_EDGE('',*,*,#2453,.T.);
#3230=ORIENTED_EDGE('',*,*,#2455,.F.);
#3231=ORIENTED_EDGE('',*,*,#2470,.T.);
#3232=ORIENTED_EDGE('',*,*,#2468,.F.);
#3233=ORIENTED_EDGE('',*,*,#2440,.T.);
#3234=ORIENTED_EDGE('',*,*,#2457,.F.);
#3235=ORIENTED_EDGE('',*,*,#2459,.F.);
#3236=ORIENTED_EDGE('',*,*,#2461,.F.);
#3237=ORIENTED_EDGE('',*,*,#2463,.F.);
#3238=ORIENTED_EDGE('',*,*,#2465,.F.);
#3239=ORIENTED_EDGE('',*,*,#2467,.F.);
#3240=ORIENTED_EDGE('',*,*,#2469,.F.);
#3241=ORIENTED_EDGE('',*,*,#2470,.F.);
#3242=ORIENTED_EDGE('',*,*,#2471,.F.);
#3243=ORIENTED_EDGE('',*,*,#2472,.F.);
#3244=ORIENTED_EDGE('',*,*,#2473,.F.);
#3245=ORIENTED_EDGE('',*,*,#2474,.F.);
#3246=ORIENTED_EDGE('',*,*,#2475,.F.);
#3247=ORIENTED_EDGE('',*,*,#2476,.F.);
#3248=ORIENTED_EDGE('',*,*,#2477,.F.);
#3249=ORIENTED_EDGE('',*,*,#2478,.F.);
#3250=ORIENTED_EDGE('',*,*,#2479,.T.);
#3251=ORIENTED_EDGE('',*,*,#2480,.T.);
#3252=ORIENTED_EDGE('',*,*,#2481,.T.);
#3253=ORIENTED_EDGE('',*,*,#2471,.T.);
#3254=ORIENTED_EDGE('',*,*,#2482,.T.);
#3255=ORIENTED_EDGE('',*,*,#2472,.T.);
#3256=ORIENTED_EDGE('',*,*,#2481,.F.);
#3257=ORIENTED_EDGE('',*,*,#2483,.T.);
#3258=ORIENTED_EDGE('',*,*,#2484,.T.);
#3259=ORIENTED_EDGE('',*,*,#2473,.T.);
#3260=ORIENTED_EDGE('',*,*,#2482,.F.);
#3261=ORIENTED_EDGE('',*,*,#2485,.T.);
#3262=ORIENTED_EDGE('',*,*,#2486,.T.);
#3263=ORIENTED_EDGE('',*,*,#2474,.T.);
#3264=ORIENTED_EDGE('',*,*,#2484,.F.);
#3265=ORIENTED_EDGE('',*,*,#2487,.T.);
#3266=ORIENTED_EDGE('',*,*,#2488,.T.);
#3267=ORIENTED_EDGE('',*,*,#2475,.T.);
#3268=ORIENTED_EDGE('',*,*,#2486,.F.);
#3269=ORIENTED_EDGE('',*,*,#2489,.T.);
#3270=ORIENTED_EDGE('',*,*,#2490,.T.);
#3271=ORIENTED_EDGE('',*,*,#2476,.T.);
#3272=ORIENTED_EDGE('',*,*,#2488,.F.);
#3273=ORIENTED_EDGE('',*,*,#2491,.T.);
#3274=ORIENTED_EDGE('',*,*,#2492,.T.);
#3275=ORIENTED_EDGE('',*,*,#2477,.T.);
#3276=ORIENTED_EDGE('',*,*,#2490,.F.);
#3277=ORIENTED_EDGE('',*,*,#2493,.T.);
#3278=ORIENTED_EDGE('',*,*,#2479,.F.);
#3279=ORIENTED_EDGE('',*,*,#2478,.T.);
#3280=ORIENTED_EDGE('',*,*,#2492,.F.);
#3281=ORIENTED_EDGE('',*,*,#2494,.T.);
#3282=ORIENTED_EDGE('',*,*,#2487,.F.);
#3283=ORIENTED_EDGE('',*,*,#2495,.F.);
#3284=ORIENTED_EDGE('',*,*,#2496,.F.);
#3285=ORIENTED_EDGE('',*,*,#2497,.T.);
#3286=ORIENTED_EDGE('',*,*,#2485,.F.);
#3287=ORIENTED_EDGE('',*,*,#2498,.F.);
#3288=ORIENTED_EDGE('',*,*,#2499,.F.);
#3289=ORIENTED_EDGE('',*,*,#2495,.T.);
#3290=ORIENTED_EDGE('',*,*,#2483,.F.);
#3291=ORIENTED_EDGE('',*,*,#2500,.F.);
#3292=ORIENTED_EDGE('',*,*,#2501,.F.);
#3293=ORIENTED_EDGE('',*,*,#2498,.T.);
#3294=ORIENTED_EDGE('',*,*,#2480,.F.);
#3295=ORIENTED_EDGE('',*,*,#2502,.F.);
#3296=ORIENTED_EDGE('',*,*,#2503,.F.);
#3297=ORIENTED_EDGE('',*,*,#2500,.T.);
#3298=ORIENTED_EDGE('',*,*,#2504,.T.);
#3299=ORIENTED_EDGE('',*,*,#2505,.T.);
#3300=ORIENTED_EDGE('',*,*,#2506,.T.);
#3301=ORIENTED_EDGE('',*,*,#2507,.T.);
#3302=ORIENTED_EDGE('',*,*,#2508,.T.);
#3303=ORIENTED_EDGE('',*,*,#2509,.T.);
#3304=ORIENTED_EDGE('',*,*,#2510,.T.);
#3305=ORIENTED_EDGE('',*,*,#2511,.T.);
#3306=ORIENTED_EDGE('',*,*,#2501,.T.);
#3307=ORIENTED_EDGE('',*,*,#2512,.T.);
#3308=ORIENTED_EDGE('',*,*,#2513,.T.);
#3309=ORIENTED_EDGE('',*,*,#2496,.T.);
#3310=ORIENTED_EDGE('',*,*,#2504,.F.);
#3311=ORIENTED_EDGE('',*,*,#2514,.T.);
#3312=ORIENTED_EDGE('',*,*,#2513,.F.);
#3313=ORIENTED_EDGE('',*,*,#2515,.T.);
#3314=ORIENTED_EDGE('',*,*,#2511,.F.);
#3315=ORIENTED_EDGE('',*,*,#2516,.T.);
#3316=ORIENTED_EDGE('',*,*,#2512,.F.);
#3317=ORIENTED_EDGE('',*,*,#2499,.T.);
#3318=ORIENTED_EDGE('',*,*,#2508,.F.);
#3319=ORIENTED_EDGE('',*,*,#2517,.T.);
#3320=ORIENTED_EDGE('',*,*,#2510,.F.);
#3321=ORIENTED_EDGE('',*,*,#2503,.T.);
#3322=ORIENTED_EDGE('',*,*,#2505,.F.);
#3323=ORIENTED_EDGE('',*,*,#2518,.T.);
#3324=ORIENTED_EDGE('',*,*,#2507,.F.);
#3325=ORIENTED_EDGE('',*,*,#2519,.T.);
#3326=ORIENTED_EDGE('',*,*,#2515,.F.);
#3327=ORIENTED_EDGE('',*,*,#2516,.F.);
#3328=ORIENTED_EDGE('',*,*,#2517,.F.);
#3329=ORIENTED_EDGE('',*,*,#2518,.F.);
#3330=ORIENTED_EDGE('',*,*,#2493,.F.);
#3331=ORIENTED_EDGE('',*,*,#2520,.F.);
#3332=ORIENTED_EDGE('',*,*,#2519,.F.);
#3333=ORIENTED_EDGE('',*,*,#2521,.T.);
#3334=ORIENTED_EDGE('',*,*,#2491,.F.);
#3335=ORIENTED_EDGE('',*,*,#2522,.F.);
#3336=ORIENTED_EDGE('',*,*,#2506,.F.);
#3337=ORIENTED_EDGE('',*,*,#2520,.T.);
#3338=ORIENTED_EDGE('',*,*,#2489,.F.);
#3339=ORIENTED_EDGE('',*,*,#2497,.F.);
#3340=ORIENTED_EDGE('',*,*,#2514,.F.);
#3341=ORIENTED_EDGE('',*,*,#2522,.T.);
#3342=ORIENTED_EDGE('',*,*,#2494,.F.);
#3343=ORIENTED_EDGE('',*,*,#2521,.F.);
#3344=ORIENTED_EDGE('',*,*,#2509,.F.);
#3345=ORIENTED_EDGE('',*,*,#2502,.T.);
#3346=ORIENTED_EDGE('',*,*,#2523,.F.);
#3347=ORIENTED_EDGE('',*,*,#2524,.F.);
#3348=ORIENTED_EDGE('',*,*,#2525,.F.);
#3349=ORIENTED_EDGE('',*,*,#2526,.F.);
#3350=ORIENTED_EDGE('',*,*,#2527,.F.);
#3351=ORIENTED_EDGE('',*,*,#2528,.F.);
#3352=ORIENTED_EDGE('',*,*,#2529,.F.);
#3353=ORIENTED_EDGE('',*,*,#2530,.T.);
#3354=ORIENTED_EDGE('',*,*,#2531,.F.);
#3355=ORIENTED_EDGE('',*,*,#2530,.F.);
#3356=ORIENTED_EDGE('',*,*,#2532,.F.);
#3357=ORIENTED_EDGE('',*,*,#2524,.T.);
#3358=ORIENTED_EDGE('',*,*,#2526,.T.);
#3359=ORIENTED_EDGE('',*,*,#2533,.T.);
#3360=ORIENTED_EDGE('',*,*,#2534,.F.);
#3361=ORIENTED_EDGE('',*,*,#2535,.T.);
#3362=ORIENTED_EDGE('',*,*,#2536,.F.);
#3363=ORIENTED_EDGE('',*,*,#2537,.T.);
#3364=ORIENTED_EDGE('',*,*,#2538,.F.);
#3365=ORIENTED_EDGE('',*,*,#2539,.T.);
#3366=ORIENTED_EDGE('',*,*,#2540,.F.);
#3367=ORIENTED_EDGE('',*,*,#2541,.T.);
#3368=ORIENTED_EDGE('',*,*,#2528,.T.);
#3369=ORIENTED_EDGE('',*,*,#2542,.T.);
#3370=ORIENTED_EDGE('',*,*,#2543,.F.);
#3371=ORIENTED_EDGE('',*,*,#2544,.T.);
#3372=ORIENTED_EDGE('',*,*,#2545,.F.);
#3373=ORIENTED_EDGE('',*,*,#2546,.T.);
#3374=ORIENTED_EDGE('',*,*,#2547,.F.);
#3375=ORIENTED_EDGE('',*,*,#2548,.T.);
#3376=ORIENTED_EDGE('',*,*,#2549,.F.);
#3377=ORIENTED_EDGE('',*,*,#2550,.T.);
#3378=ORIENTED_EDGE('',*,*,#2525,.T.);
#3379=ORIENTED_EDGE('',*,*,#2532,.T.);
#3380=ORIENTED_EDGE('',*,*,#2529,.T.);
#3381=ORIENTED_EDGE('',*,*,#2541,.F.);
#3382=ORIENTED_EDGE('',*,*,#2551,.F.);
#3383=ORIENTED_EDGE('',*,*,#2552,.T.);
#3384=ORIENTED_EDGE('',*,*,#2553,.F.);
#3385=ORIENTED_EDGE('',*,*,#2554,.F.);
#3386=ORIENTED_EDGE('',*,*,#2555,.F.);
#3387=ORIENTED_EDGE('',*,*,#2556,.T.);
#3388=ORIENTED_EDGE('',*,*,#2557,.F.);
#3389=ORIENTED_EDGE('',*,*,#2533,.F.);
#3390=ORIENTED_EDGE('',*,*,#2558,.T.);
#3391=ORIENTED_EDGE('',*,*,#2559,.T.);
#3392=ORIENTED_EDGE('',*,*,#2560,.T.);
#3393=ORIENTED_EDGE('',*,*,#2561,.T.);
#3394=ORIENTED_EDGE('',*,*,#2562,.T.);
#3395=ORIENTED_EDGE('',*,*,#2563,.T.);
#3396=ORIENTED_EDGE('',*,*,#2564,.T.);
#3397=ORIENTED_EDGE('',*,*,#2565,.T.);
#3398=ORIENTED_EDGE('',*,*,#2566,.T.);
#3399=ORIENTED_EDGE('',*,*,#2567,.T.);
#3400=ORIENTED_EDGE('',*,*,#2568,.T.);
#3401=ORIENTED_EDGE('',*,*,#2569,.T.);
#3402=ORIENTED_EDGE('',*,*,#2570,.F.);
#3403=ORIENTED_EDGE('',*,*,#2571,.F.);
#3404=ORIENTED_EDGE('',*,*,#2572,.T.);
#3405=ORIENTED_EDGE('',*,*,#2573,.F.);
#3406=ORIENTED_EDGE('',*,*,#2570,.T.);
#3407=ORIENTED_EDGE('',*,*,#2574,.F.);
#3408=ORIENTED_EDGE('',*,*,#2575,.F.);
#3409=ORIENTED_EDGE('',*,*,#2576,.F.);
#3410=ORIENTED_EDGE('',*,*,#2577,.F.);
#3411=ORIENTED_EDGE('',*,*,#2578,.F.);
#3412=ORIENTED_EDGE('',*,*,#2579,.T.);
#3413=ORIENTED_EDGE('',*,*,#2580,.T.);
#3414=ORIENTED_EDGE('',*,*,#2581,.F.);
#3415=ORIENTED_EDGE('',*,*,#2582,.T.);
#3416=ORIENTED_EDGE('',*,*,#2583,.F.);
#3417=ORIENTED_EDGE('',*,*,#2584,.F.);
#3418=ORIENTED_EDGE('',*,*,#2585,.F.);
#3419=ORIENTED_EDGE('',*,*,#2584,.T.);
#3420=ORIENTED_EDGE('',*,*,#2586,.F.);
#3421=ORIENTED_EDGE('',*,*,#2587,.F.);
#3422=ORIENTED_EDGE('',*,*,#2588,.F.);
#3423=ORIENTED_EDGE('',*,*,#2587,.T.);
#3424=ORIENTED_EDGE('',*,*,#2589,.F.);
#3425=ORIENTED_EDGE('',*,*,#2590,.F.);
#3426=ORIENTED_EDGE('',*,*,#2591,.F.);
#3427=ORIENTED_EDGE('',*,*,#2592,.F.);
#3428=ORIENTED_EDGE('',*,*,#2593,.T.);
#3429=ORIENTED_EDGE('',*,*,#2594,.T.);
#3430=ORIENTED_EDGE('',*,*,#2595,.F.);
#3431=ORIENTED_EDGE('',*,*,#2594,.F.);
#3432=ORIENTED_EDGE('',*,*,#2596,.T.);
#3433=ORIENTED_EDGE('',*,*,#2597,.T.);
#3434=ORIENTED_EDGE('',*,*,#2592,.T.);
#3435=ORIENTED_EDGE('',*,*,#2598,.F.);
#3436=ORIENTED_EDGE('',*,*,#2599,.F.);
#3437=ORIENTED_EDGE('',*,*,#2600,.F.);
#3438=ORIENTED_EDGE('',*,*,#2591,.T.);
#3439=ORIENTED_EDGE('',*,*,#2595,.T.);
#3440=ORIENTED_EDGE('',*,*,#2601,.F.);
#3441=ORIENTED_EDGE('',*,*,#2589,.T.);
#3442=ORIENTED_EDGE('',*,*,#2586,.T.);
#3443=ORIENTED_EDGE('',*,*,#2583,.T.);
#3444=ORIENTED_EDGE('',*,*,#2602,.T.);
#3445=ORIENTED_EDGE('',*,*,#2598,.T.);
#3446=ORIENTED_EDGE('',*,*,#2603,.T.);
#3447=ORIENTED_EDGE('',*,*,#2604,.T.);
#3448=ORIENTED_EDGE('',*,*,#2578,.T.);
#3449=ORIENTED_EDGE('',*,*,#2605,.F.);
#3450=ORIENTED_EDGE('',*,*,#2588,.T.);
#3451=ORIENTED_EDGE('',*,*,#2606,.F.);
#3452=ORIENTED_EDGE('',*,*,#2563,.F.);
#3453=ORIENTED_EDGE('',*,*,#2607,.F.);
#3454=ORIENTED_EDGE('',*,*,#2608,.F.);
#3455=ORIENTED_EDGE('',*,*,#2609,.T.);
#3456=ORIENTED_EDGE('',*,*,#2610,.T.);
#3457=ORIENTED_EDGE('',*,*,#2611,.T.);
#3458=ORIENTED_EDGE('',*,*,#2612,.T.);
#3459=ORIENTED_EDGE('',*,*,#2613,.T.);
#3460=ORIENTED_EDGE('',*,*,#2614,.T.);
#3461=ORIENTED_EDGE('',*,*,#2615,.T.);
#3462=ORIENTED_EDGE('',*,*,#2616,.F.);
#3463=ORIENTED_EDGE('',*,*,#2572,.F.);
#3464=ORIENTED_EDGE('',*,*,#2617,.T.);
#3465=ORIENTED_EDGE('',*,*,#2618,.T.);
#3466=ORIENTED_EDGE('',*,*,#2603,.F.);
#3467=ORIENTED_EDGE('',*,*,#2619,.T.);
#3468=ORIENTED_EDGE('',*,*,#2596,.F.);
#3469=ORIENTED_EDGE('',*,*,#2593,.F.);
#3470=ORIENTED_EDGE('',*,*,#2600,.T.);
#3471=ORIENTED_EDGE('',*,*,#2620,.T.);
#3472=ORIENTED_EDGE('',*,*,#2581,.T.);
#3473=ORIENTED_EDGE('',*,*,#2585,.T.);
#3474=ORIENTED_EDGE('',*,*,#2621,.F.);
#3475=ORIENTED_EDGE('',*,*,#2622,.F.);
#3476=ORIENTED_EDGE('',*,*,#2614,.F.);
#3477=ORIENTED_EDGE('',*,*,#2623,.T.);
#3478=ORIENTED_EDGE('',*,*,#2624,.F.);
#3479=ORIENTED_EDGE('',*,*,#2623,.F.);
#3480=ORIENTED_EDGE('',*,*,#2613,.F.);
#3481=ORIENTED_EDGE('',*,*,#2625,.F.);
#3482=ORIENTED_EDGE('',*,*,#2626,.F.);
#3483=ORIENTED_EDGE('',*,*,#2627,.F.);
#3484=ORIENTED_EDGE('',*,*,#2609,.F.);
#3485=ORIENTED_EDGE('',*,*,#2628,.T.);
#3486=ORIENTED_EDGE('',*,*,#2629,.F.);
#3487=ORIENTED_EDGE('',*,*,#2628,.F.);
#3488=ORIENTED_EDGE('',*,*,#2608,.T.);
#3489=ORIENTED_EDGE('',*,*,#2630,.T.);
#3490=ORIENTED_EDGE('',*,*,#2627,.T.);
#3491=ORIENTED_EDGE('',*,*,#2631,.F.);
#3492=ORIENTED_EDGE('',*,*,#2632,.F.);
#3493=ORIENTED_EDGE('',*,*,#2610,.F.);
#3494=ORIENTED_EDGE('',*,*,#2633,.T.);
#3495=ORIENTED_EDGE('',*,*,#2634,.T.);
#3496=ORIENTED_EDGE('',*,*,#2635,.T.);
#3497=ORIENTED_EDGE('',*,*,#2636,.T.);
#3498=ORIENTED_EDGE('',*,*,#2637,.T.);
#3499=ORIENTED_EDGE('',*,*,#2638,.T.);
#3500=ORIENTED_EDGE('',*,*,#2639,.T.);
#3501=ORIENTED_EDGE('',*,*,#2640,.T.);
#3502=ORIENTED_EDGE('',*,*,#2641,.T.);
#3503=ORIENTED_EDGE('',*,*,#2637,.F.);
#3504=ORIENTED_EDGE('',*,*,#2642,.T.);
#3505=ORIENTED_EDGE('',*,*,#2643,.T.);
#3506=ORIENTED_EDGE('',*,*,#2640,.F.);
#3507=ORIENTED_EDGE('',*,*,#2644,.T.);
#3508=ORIENTED_EDGE('',*,*,#2645,.T.);
#3509=ORIENTED_EDGE('',*,*,#2646,.T.);
#3510=ORIENTED_EDGE('',*,*,#2645,.F.);
#3511=ORIENTED_EDGE('',*,*,#2647,.T.);
#3512=ORIENTED_EDGE('',*,*,#2636,.F.);
#3513=ORIENTED_EDGE('',*,*,#2648,.T.);
#3514=ORIENTED_EDGE('',*,*,#2649,.T.);
#3515=ORIENTED_EDGE('',*,*,#2634,.F.);
#3516=ORIENTED_EDGE('',*,*,#2650,.T.);
#3517=ORIENTED_EDGE('',*,*,#2651,.T.);
#3518=ORIENTED_EDGE('',*,*,#2652,.T.);
#3519=ORIENTED_EDGE('',*,*,#2648,.F.);
#3520=ORIENTED_EDGE('',*,*,#2653,.T.);
#3521=ORIENTED_EDGE('',*,*,#2653,.F.);
#3522=ORIENTED_EDGE('',*,*,#2650,.F.);
#3523=ORIENTED_EDGE('',*,*,#2633,.F.);
#3524=ORIENTED_EDGE('',*,*,#2654,.T.);
#3525=ORIENTED_EDGE('',*,*,#2655,.F.);
#3526=ORIENTED_EDGE('',*,*,#2647,.F.);
#3527=ORIENTED_EDGE('',*,*,#2656,.T.);
#3528=ORIENTED_EDGE('',*,*,#2657,.F.);
#3529=ORIENTED_EDGE('',*,*,#2654,.F.);
#3530=ORIENTED_EDGE('',*,*,#2644,.F.);
#3531=ORIENTED_EDGE('',*,*,#2642,.F.);
#3532=ORIENTED_EDGE('',*,*,#2639,.F.);
#3533=ORIENTED_EDGE('',*,*,#2658,.F.);
#3534=ORIENTED_EDGE('',*,*,#2659,.F.);
#3535=ORIENTED_EDGE('',*,*,#2660,.F.);
#3536=ORIENTED_EDGE('',*,*,#2656,.F.);
#3537=ORIENTED_EDGE('',*,*,#2638,.F.);
#3538=ORIENTED_EDGE('',*,*,#2661,.T.);
#3539=ORIENTED_EDGE('',*,*,#2662,.T.);
#3540=ORIENTED_EDGE('',*,*,#2663,.F.);
#3541=ORIENTED_EDGE('',*,*,#2664,.T.);
#3542=ORIENTED_EDGE('',*,*,#2665,.F.);
#3543=ORIENTED_EDGE('',*,*,#2556,.F.);
#3544=ORIENTED_EDGE('',*,*,#2666,.F.);
#3545=ORIENTED_EDGE('',*,*,#2667,.T.);
#3546=ORIENTED_EDGE('',*,*,#2651,.F.);
#3547=ORIENTED_EDGE('',*,*,#2655,.T.);
#3548=ORIENTED_EDGE('',*,*,#2657,.T.);
#3549=ORIENTED_EDGE('',*,*,#2660,.T.);
#3550=ORIENTED_EDGE('',*,*,#2668,.T.);
#3551=ORIENTED_EDGE('',*,*,#2669,.T.);
#3552=ORIENTED_EDGE('',*,*,#2663,.T.);
#3553=ORIENTED_EDGE('',*,*,#2659,.T.);
#3554=ORIENTED_EDGE('',*,*,#2670,.T.);
#3555=ORIENTED_EDGE('',*,*,#2671,.T.);
#3556=ORIENTED_EDGE('',*,*,#2668,.F.);
#3557=ORIENTED_EDGE('',*,*,#2641,.F.);
#3558=ORIENTED_EDGE('',*,*,#2672,.T.);
#3559=ORIENTED_EDGE('',*,*,#2661,.F.);
#3560=ORIENTED_EDGE('',*,*,#2523,.T.);
#3561=ORIENTED_EDGE('',*,*,#2550,.F.);
#3562=ORIENTED_EDGE('',*,*,#2673,.F.);
#3563=ORIENTED_EDGE('',*,*,#2674,.F.);
#3564=ORIENTED_EDGE('',*,*,#2675,.F.);
#3565=ORIENTED_EDGE('',*,*,#2542,.F.);
#3566=ORIENTED_EDGE('',*,*,#2527,.T.);
#3567=ORIENTED_EDGE('',*,*,#2531,.T.);
#3568=ORIENTED_EDGE('',*,*,#2676,.T.);
#3569=ORIENTED_EDGE('',*,*,#2677,.T.);
#3570=ORIENTED_EDGE('',*,*,#2678,.T.);
#3571=ORIENTED_EDGE('',*,*,#2679,.T.);
#3572=ORIENTED_EDGE('',*,*,#2680,.T.);
#3573=ORIENTED_EDGE('',*,*,#2676,.F.);
#3574=ORIENTED_EDGE('',*,*,#2681,.T.);
#3575=ORIENTED_EDGE('',*,*,#2679,.F.);
#3576=ORIENTED_EDGE('',*,*,#2682,.T.);
#3577=ORIENTED_EDGE('',*,*,#2683,.F.);
#3578=ORIENTED_EDGE('',*,*,#2684,.T.);
#3579=ORIENTED_EDGE('',*,*,#2685,.F.);
#3580=ORIENTED_EDGE('',*,*,#2686,.T.);
#3581=ORIENTED_EDGE('',*,*,#2687,.F.);
#3582=ORIENTED_EDGE('',*,*,#2688,.T.);
#3583=ORIENTED_EDGE('',*,*,#2689,.F.);
#3584=ORIENTED_EDGE('',*,*,#2552,.F.);
#3585=ORIENTED_EDGE('',*,*,#2690,.F.);
#3586=ORIENTED_EDGE('',*,*,#2691,.T.);
#3587=ORIENTED_EDGE('',*,*,#2681,.F.);
#3588=ORIENTED_EDGE('',*,*,#2692,.F.);
#3589=ORIENTED_EDGE('',*,*,#2693,.F.);
#3590=ORIENTED_EDGE('',*,*,#2682,.F.);
#3591=ORIENTED_EDGE('',*,*,#2678,.F.);
#3592=ORIENTED_EDGE('',*,*,#2694,.T.);
#3593=ORIENTED_EDGE('',*,*,#2695,.F.);
#3594=ORIENTED_EDGE('',*,*,#2692,.T.);
#3595=ORIENTED_EDGE('',*,*,#2534,.T.);
#3596=ORIENTED_EDGE('',*,*,#2557,.T.);
#3597=ORIENTED_EDGE('',*,*,#2665,.T.);
#3598=ORIENTED_EDGE('',*,*,#2696,.T.);
#3599=ORIENTED_EDGE('',*,*,#2696,.F.);
#3600=ORIENTED_EDGE('',*,*,#2664,.F.);
#3601=ORIENTED_EDGE('',*,*,#2669,.F.);
#3602=ORIENTED_EDGE('',*,*,#2697,.F.);
#3603=ORIENTED_EDGE('',*,*,#2698,.F.);
#3604=ORIENTED_EDGE('',*,*,#2535,.F.);
#3605=ORIENTED_EDGE('',*,*,#2536,.T.);
#3606=ORIENTED_EDGE('',*,*,#2698,.T.);
#3607=ORIENTED_EDGE('',*,*,#2699,.T.);
#3608=ORIENTED_EDGE('',*,*,#2700,.T.);
#3609=ORIENTED_EDGE('',*,*,#2699,.F.);
#3610=ORIENTED_EDGE('',*,*,#2701,.T.);
#3611=ORIENTED_EDGE('',*,*,#2702,.T.);
#3612=ORIENTED_EDGE('',*,*,#2701,.F.);
#3613=ORIENTED_EDGE('',*,*,#2697,.T.);
#3614=ORIENTED_EDGE('',*,*,#2671,.F.);
#3615=ORIENTED_EDGE('',*,*,#2703,.T.);
#3616=ORIENTED_EDGE('',*,*,#2540,.T.);
#3617=ORIENTED_EDGE('',*,*,#2704,.T.);
#3618=ORIENTED_EDGE('',*,*,#2690,.T.);
#3619=ORIENTED_EDGE('',*,*,#2551,.T.);
#3620=ORIENTED_EDGE('',*,*,#2680,.F.);
#3621=ORIENTED_EDGE('',*,*,#2691,.F.);
#3622=ORIENTED_EDGE('',*,*,#2704,.F.);
#3623=ORIENTED_EDGE('',*,*,#2539,.F.);
#3624=ORIENTED_EDGE('',*,*,#2705,.F.);
#3625=ORIENTED_EDGE('',*,*,#2706,.F.);
#3626=ORIENTED_EDGE('',*,*,#2538,.T.);
#3627=ORIENTED_EDGE('',*,*,#2707,.T.);
#3628=ORIENTED_EDGE('',*,*,#2708,.T.);
#3629=ORIENTED_EDGE('',*,*,#2705,.T.);
#3630=ORIENTED_EDGE('',*,*,#2708,.F.);
#3631=ORIENTED_EDGE('',*,*,#2709,.T.);
#3632=ORIENTED_EDGE('',*,*,#2710,.T.);
#3633=ORIENTED_EDGE('',*,*,#2700,.F.);
#3634=ORIENTED_EDGE('',*,*,#2711,.F.);
#3635=ORIENTED_EDGE('',*,*,#2707,.F.);
#3636=ORIENTED_EDGE('',*,*,#2537,.F.);
#3637=ORIENTED_EDGE('',*,*,#2712,.T.);
#3638=ORIENTED_EDGE('',*,*,#2713,.T.);
#3639=ORIENTED_EDGE('',*,*,#2714,.T.);
#3640=ORIENTED_EDGE('',*,*,#2715,.T.);
#3641=ORIENTED_EDGE('',*,*,#2713,.F.);
#3642=ORIENTED_EDGE('',*,*,#2673,.T.);
#3643=ORIENTED_EDGE('',*,*,#2549,.T.);
#3644=ORIENTED_EDGE('',*,*,#2716,.T.);
#3645=ORIENTED_EDGE('',*,*,#2714,.F.);
#3646=ORIENTED_EDGE('',*,*,#2717,.T.);
#3647=ORIENTED_EDGE('',*,*,#2718,.F.);
#3648=ORIENTED_EDGE('',*,*,#2719,.T.);
#3649=ORIENTED_EDGE('',*,*,#2716,.F.);
#3650=ORIENTED_EDGE('',*,*,#2548,.F.);
#3651=ORIENTED_EDGE('',*,*,#2720,.F.);
#3652=ORIENTED_EDGE('',*,*,#2717,.F.);
#3653=ORIENTED_EDGE('',*,*,#2721,.T.);
#3654=ORIENTED_EDGE('',*,*,#2722,.T.);
#3655=ORIENTED_EDGE('',*,*,#2723,.T.);
#3656=ORIENTED_EDGE('',*,*,#2724,.T.);
#3657=ORIENTED_EDGE('',*,*,#2722,.F.);
#3658=ORIENTED_EDGE('',*,*,#2725,.T.);
#3659=ORIENTED_EDGE('',*,*,#2543,.T.);
#3660=ORIENTED_EDGE('',*,*,#2675,.T.);
#3661=ORIENTED_EDGE('',*,*,#2712,.F.);
#3662=ORIENTED_EDGE('',*,*,#2726,.T.);
#3663=ORIENTED_EDGE('',*,*,#2723,.F.);
#3664=ORIENTED_EDGE('',*,*,#2674,.T.);
#3665=ORIENTED_EDGE('',*,*,#2727,.T.);
#3666=ORIENTED_EDGE('',*,*,#2728,.T.);
#3667=ORIENTED_EDGE('',*,*,#2729,.T.);
#3668=ORIENTED_EDGE('',*,*,#2730,.T.);
#3669=ORIENTED_EDGE('',*,*,#2728,.F.);
#3670=ORIENTED_EDGE('',*,*,#2731,.T.);
#3671=ORIENTED_EDGE('',*,*,#2545,.T.);
#3672=ORIENTED_EDGE('',*,*,#2732,.T.);
#3673=ORIENTED_EDGE('',*,*,#2721,.F.);
#3674=ORIENTED_EDGE('',*,*,#2733,.T.);
#3675=ORIENTED_EDGE('',*,*,#2729,.F.);
#3676=ORIENTED_EDGE('',*,*,#2734,.T.);
#3677=ORIENTED_EDGE('',*,*,#2725,.F.);
#3678=ORIENTED_EDGE('',*,*,#2734,.F.);
#3679=ORIENTED_EDGE('',*,*,#2732,.F.);
#3680=ORIENTED_EDGE('',*,*,#2544,.F.);
#3681=ORIENTED_EDGE('',*,*,#2718,.T.);
#3682=ORIENTED_EDGE('',*,*,#2735,.T.);
#3683=ORIENTED_EDGE('',*,*,#2736,.T.);
#3684=ORIENTED_EDGE('',*,*,#2737,.T.);
#3685=ORIENTED_EDGE('',*,*,#2735,.F.);
#3686=ORIENTED_EDGE('',*,*,#2720,.T.);
#3687=ORIENTED_EDGE('',*,*,#2547,.T.);
#3688=ORIENTED_EDGE('',*,*,#2738,.T.);
#3689=ORIENTED_EDGE('',*,*,#2715,.F.);
#3690=ORIENTED_EDGE('',*,*,#2719,.F.);
#3691=ORIENTED_EDGE('',*,*,#2737,.F.);
#3692=ORIENTED_EDGE('',*,*,#2739,.F.);
#3693=ORIENTED_EDGE('',*,*,#2730,.F.);
#3694=ORIENTED_EDGE('',*,*,#2733,.F.);
#3695=ORIENTED_EDGE('',*,*,#2724,.F.);
#3696=ORIENTED_EDGE('',*,*,#2726,.F.);
#3697=ORIENTED_EDGE('',*,*,#2727,.F.);
#3698=ORIENTED_EDGE('',*,*,#2739,.T.);
#3699=ORIENTED_EDGE('',*,*,#2736,.F.);
#3700=ORIENTED_EDGE('',*,*,#2740,.T.);
#3701=ORIENTED_EDGE('',*,*,#2731,.F.);
#3702=ORIENTED_EDGE('',*,*,#2740,.F.);
#3703=ORIENTED_EDGE('',*,*,#2738,.F.);
#3704=ORIENTED_EDGE('',*,*,#2546,.F.);
#3705=ORIENTED_EDGE('',*,*,#2741,.T.);
#3706=ORIENTED_EDGE('',*,*,#2742,.T.);
#3707=ORIENTED_EDGE('',*,*,#2743,.T.);
#3708=ORIENTED_EDGE('',*,*,#2744,.T.);
#3709=ORIENTED_EDGE('',*,*,#2666,.T.);
#3710=ORIENTED_EDGE('',*,*,#2555,.T.);
#3711=ORIENTED_EDGE('',*,*,#2742,.F.);
#3712=ORIENTED_EDGE('',*,*,#2745,.T.);
#3713=ORIENTED_EDGE('',*,*,#2743,.F.);
#3714=ORIENTED_EDGE('',*,*,#2554,.T.);
#3715=ORIENTED_EDGE('',*,*,#2746,.F.);
#3716=ORIENTED_EDGE('',*,*,#2747,.T.);
#3717=ORIENTED_EDGE('',*,*,#2670,.F.);
#3718=ORIENTED_EDGE('',*,*,#2658,.T.);
#3719=ORIENTED_EDGE('',*,*,#2662,.F.);
#3720=ORIENTED_EDGE('',*,*,#2748,.T.);
#3721=ORIENTED_EDGE('',*,*,#2652,.F.);
#3722=ORIENTED_EDGE('',*,*,#2667,.F.);
#3723=ORIENTED_EDGE('',*,*,#2745,.F.);
#3724=ORIENTED_EDGE('',*,*,#2749,.F.);
#3725=ORIENTED_EDGE('',*,*,#2750,.T.);
#3726=ORIENTED_EDGE('',*,*,#2751,.T.);
#3727=ORIENTED_EDGE('',*,*,#2752,.T.);
#3728=ORIENTED_EDGE('',*,*,#2753,.T.);
#3729=ORIENTED_EDGE('',*,*,#2752,.F.);
#3730=ORIENTED_EDGE('',*,*,#2754,.T.);
#3731=ORIENTED_EDGE('',*,*,#2755,.T.);
#3732=ORIENTED_EDGE('',*,*,#2754,.F.);
#3733=ORIENTED_EDGE('',*,*,#2756,.T.);
#3734=ORIENTED_EDGE('',*,*,#2757,.F.);
#3735=ORIENTED_EDGE('',*,*,#2758,.T.);
#3736=ORIENTED_EDGE('',*,*,#2751,.F.);
#3737=ORIENTED_EDGE('',*,*,#2759,.F.);
#3738=ORIENTED_EDGE('',*,*,#2760,.F.);
#3739=ORIENTED_EDGE('',*,*,#2756,.F.);
#3740=ORIENTED_EDGE('',*,*,#2750,.F.);
#3741=ORIENTED_EDGE('',*,*,#2761,.T.);
#3742=ORIENTED_EDGE('',*,*,#2762,.F.);
#3743=ORIENTED_EDGE('',*,*,#2763,.T.);
#3744=ORIENTED_EDGE('',*,*,#2764,.F.);
#3745=ORIENTED_EDGE('',*,*,#2765,.T.);
#3746=ORIENTED_EDGE('',*,*,#2766,.F.);
#3747=ORIENTED_EDGE('',*,*,#2759,.T.);
#3748=ORIENTED_EDGE('',*,*,#2766,.T.);
#3749=ORIENTED_EDGE('',*,*,#2767,.T.);
#3750=ORIENTED_EDGE('',*,*,#2768,.T.);
#3751=ORIENTED_EDGE('',*,*,#2760,.T.);
#3752=ORIENTED_EDGE('',*,*,#2768,.F.);
#3753=ORIENTED_EDGE('',*,*,#2769,.T.);
#3754=ORIENTED_EDGE('',*,*,#2757,.T.);
#3755=ORIENTED_EDGE('',*,*,#2767,.F.);
#3756=ORIENTED_EDGE('',*,*,#2765,.F.);
#3757=ORIENTED_EDGE('',*,*,#2770,.F.);
#3758=ORIENTED_EDGE('',*,*,#2771,.F.);
#3759=ORIENTED_EDGE('',*,*,#2772,.T.);
#3760=ORIENTED_EDGE('',*,*,#2773,.T.);
#3761=ORIENTED_EDGE('',*,*,#2774,.T.);
#3762=ORIENTED_EDGE('',*,*,#2764,.T.);
#3763=ORIENTED_EDGE('',*,*,#2775,.T.);
#3764=ORIENTED_EDGE('',*,*,#2772,.F.);
#3765=ORIENTED_EDGE('',*,*,#2770,.T.);
#3766=ORIENTED_EDGE('',*,*,#2769,.F.);
#3767=ORIENTED_EDGE('',*,*,#2771,.T.);
#3768=ORIENTED_EDGE('',*,*,#2774,.F.);
#3769=ORIENTED_EDGE('',*,*,#2776,.T.);
#3770=ORIENTED_EDGE('',*,*,#2773,.F.);
#3771=ORIENTED_EDGE('',*,*,#2777,.T.);
#3772=ORIENTED_EDGE('',*,*,#2778,.F.);
#3773=ORIENTED_EDGE('',*,*,#2779,.T.);
#3774=ORIENTED_EDGE('',*,*,#2762,.T.);
#3775=ORIENTED_EDGE('',*,*,#2780,.T.);
#3776=ORIENTED_EDGE('',*,*,#2781,.T.);
#3777=ORIENTED_EDGE('',*,*,#2782,.T.);
#3778=ORIENTED_EDGE('',*,*,#2781,.F.);
#3779=ORIENTED_EDGE('',*,*,#2783,.T.);
#3780=ORIENTED_EDGE('',*,*,#2778,.T.);
#3781=ORIENTED_EDGE('',*,*,#2755,.F.);
#3782=ORIENTED_EDGE('',*,*,#2784,.T.);
#3783=ORIENTED_EDGE('',*,*,#2783,.F.);
#3784=ORIENTED_EDGE('',*,*,#2785,.T.);
#3785=ORIENTED_EDGE('',*,*,#2753,.F.);
#3786=ORIENTED_EDGE('',*,*,#2785,.F.);
#3787=ORIENTED_EDGE('',*,*,#2780,.F.);
#3788=ORIENTED_EDGE('',*,*,#2761,.F.);
#3789=ORIENTED_EDGE('',*,*,#2786,.T.);
#3790=ORIENTED_EDGE('',*,*,#2787,.T.);
#3791=ORIENTED_EDGE('',*,*,#2788,.T.);
#3792=ORIENTED_EDGE('',*,*,#2789,.T.);
#3793=ORIENTED_EDGE('',*,*,#2787,.F.);
#3794=ORIENTED_EDGE('',*,*,#2790,.T.);
#3795=ORIENTED_EDGE('',*,*,#2687,.T.);
#3796=ORIENTED_EDGE('',*,*,#2791,.T.);
#3797=ORIENTED_EDGE('',*,*,#2788,.F.);
#3798=ORIENTED_EDGE('',*,*,#2792,.T.);
#3799=ORIENTED_EDGE('',*,*,#2793,.F.);
#3800=ORIENTED_EDGE('',*,*,#2794,.T.);
#3801=ORIENTED_EDGE('',*,*,#2791,.F.);
#3802=ORIENTED_EDGE('',*,*,#2686,.F.);
#3803=ORIENTED_EDGE('',*,*,#2795,.F.);
#3804=ORIENTED_EDGE('',*,*,#2792,.F.);
#3805=ORIENTED_EDGE('',*,*,#2796,.T.);
#3806=ORIENTED_EDGE('',*,*,#2797,.T.);
#3807=ORIENTED_EDGE('',*,*,#2746,.T.);
#3808=ORIENTED_EDGE('',*,*,#2798,.T.);
#3809=ORIENTED_EDGE('',*,*,#2689,.T.);
#3810=ORIENTED_EDGE('',*,*,#2799,.T.);
#3811=ORIENTED_EDGE('',*,*,#2798,.F.);
#3812=ORIENTED_EDGE('',*,*,#2553,.T.);
#3813=ORIENTED_EDGE('',*,*,#2800,.F.);
#3814=ORIENTED_EDGE('',*,*,#2801,.F.);
#3815=ORIENTED_EDGE('',*,*,#2802,.F.);
#3816=ORIENTED_EDGE('',*,*,#2803,.F.);
#3817=ORIENTED_EDGE('',*,*,#2804,.F.);
#3818=ORIENTED_EDGE('',*,*,#2805,.F.);
#3819=ORIENTED_EDGE('',*,*,#2806,.T.);
#3820=ORIENTED_EDGE('',*,*,#2576,.T.);
#3821=ORIENTED_EDGE('',*,*,#2807,.T.);
#3822=ORIENTED_EDGE('',*,*,#2808,.F.);
#3823=ORIENTED_EDGE('',*,*,#2809,.F.);
#3824=ORIENTED_EDGE('',*,*,#2810,.F.);
#3825=ORIENTED_EDGE('',*,*,#2635,.F.);
#3826=ORIENTED_EDGE('',*,*,#2811,.F.);
#3827=ORIENTED_EDGE('',*,*,#2744,.F.);
#3828=ORIENTED_EDGE('',*,*,#2747,.F.);
#3829=ORIENTED_EDGE('',*,*,#2797,.F.);
#3830=ORIENTED_EDGE('',*,*,#2812,.F.);
#3831=ORIENTED_EDGE('',*,*,#2789,.F.);
#3832=ORIENTED_EDGE('',*,*,#2794,.F.);
#3833=ORIENTED_EDGE('',*,*,#2813,.F.);
#3834=ORIENTED_EDGE('',*,*,#2694,.F.);
#3835=ORIENTED_EDGE('',*,*,#2814,.F.);
#3836=ORIENTED_EDGE('',*,*,#2815,.F.);
#3837=ORIENTED_EDGE('',*,*,#2703,.F.);
#3838=ORIENTED_EDGE('',*,*,#2748,.F.);
#3839=ORIENTED_EDGE('',*,*,#2672,.F.);
#3840=ORIENTED_EDGE('',*,*,#2643,.F.);
#3841=ORIENTED_EDGE('',*,*,#2646,.F.);
#3842=ORIENTED_EDGE('',*,*,#2758,.F.);
#3843=ORIENTED_EDGE('',*,*,#2776,.F.);
#3844=ORIENTED_EDGE('',*,*,#2779,.F.);
#3845=ORIENTED_EDGE('',*,*,#2784,.F.);
#3846=ORIENTED_EDGE('',*,*,#2786,.F.);
#3847=ORIENTED_EDGE('',*,*,#2812,.T.);
#3848=ORIENTED_EDGE('',*,*,#2796,.F.);
#3849=ORIENTED_EDGE('',*,*,#2816,.T.);
#3850=ORIENTED_EDGE('',*,*,#2790,.F.);
#3851=ORIENTED_EDGE('',*,*,#2816,.F.);
#3852=ORIENTED_EDGE('',*,*,#2799,.F.);
#3853=ORIENTED_EDGE('',*,*,#2688,.F.);
#3854=ORIENTED_EDGE('',*,*,#2685,.T.);
#3855=ORIENTED_EDGE('',*,*,#2817,.T.);
#3856=ORIENTED_EDGE('',*,*,#2818,.T.);
#3857=ORIENTED_EDGE('',*,*,#2795,.T.);
#3858=ORIENTED_EDGE('',*,*,#2818,.F.);
#3859=ORIENTED_EDGE('',*,*,#2819,.T.);
#3860=ORIENTED_EDGE('',*,*,#2793,.T.);
#3861=ORIENTED_EDGE('',*,*,#2819,.F.);
#3862=ORIENTED_EDGE('',*,*,#2820,.T.);
#3863=ORIENTED_EDGE('',*,*,#2821,.F.);
#3864=ORIENTED_EDGE('',*,*,#2813,.T.);
#3865=ORIENTED_EDGE('',*,*,#2817,.F.);
#3866=ORIENTED_EDGE('',*,*,#2684,.F.);
#3867=ORIENTED_EDGE('',*,*,#2822,.F.);
#3868=ORIENTED_EDGE('',*,*,#2820,.F.);
#3869=ORIENTED_EDGE('',*,*,#2683,.T.);
#3870=ORIENTED_EDGE('',*,*,#2693,.T.);
#3871=ORIENTED_EDGE('',*,*,#2823,.T.);
#3872=ORIENTED_EDGE('',*,*,#2822,.T.);
#3873=ORIENTED_EDGE('',*,*,#2823,.F.);
#3874=ORIENTED_EDGE('',*,*,#2695,.T.);
#3875=ORIENTED_EDGE('',*,*,#2821,.T.);
#3876=ORIENTED_EDGE('',*,*,#2677,.F.);
#3877=ORIENTED_EDGE('',*,*,#2706,.T.);
#3878=ORIENTED_EDGE('',*,*,#2710,.F.);
#3879=ORIENTED_EDGE('',*,*,#2814,.T.);
#3880=ORIENTED_EDGE('',*,*,#2702,.F.);
#3881=ORIENTED_EDGE('',*,*,#2815,.T.);
#3882=ORIENTED_EDGE('',*,*,#2709,.F.);
#3883=ORIENTED_EDGE('',*,*,#2711,.T.);
#3884=ORIENTED_EDGE('',*,*,#2649,.F.);
#3885=ORIENTED_EDGE('',*,*,#2749,.T.);
#3886=ORIENTED_EDGE('',*,*,#2741,.F.);
#3887=ORIENTED_EDGE('',*,*,#2811,.T.);
#3888=ORIENTED_EDGE('',*,*,#2775,.F.);
#3889=ORIENTED_EDGE('',*,*,#2763,.F.);
#3890=ORIENTED_EDGE('',*,*,#2782,.F.);
#3891=ORIENTED_EDGE('',*,*,#2777,.F.);
#3892=ORIENTED_EDGE('',*,*,#2824,.T.);
#3893=ORIENTED_EDGE('',*,*,#2800,.T.);
#3894=ORIENTED_EDGE('',*,*,#2825,.T.);
#3895=ORIENTED_EDGE('',*,*,#2826,.T.);
#3896=ORIENTED_EDGE('',*,*,#2827,.T.);
#3897=ORIENTED_EDGE('',*,*,#2826,.F.);
#3898=ORIENTED_EDGE('',*,*,#2828,.T.);
#3899=ORIENTED_EDGE('',*,*,#2558,.F.);
#3900=ORIENTED_EDGE('',*,*,#2824,.F.);
#3901=ORIENTED_EDGE('',*,*,#2829,.T.);
#3902=ORIENTED_EDGE('',*,*,#2830,.F.);
#3903=ORIENTED_EDGE('',*,*,#2801,.T.);
#3904=ORIENTED_EDGE('',*,*,#2827,.F.);
#3905=ORIENTED_EDGE('',*,*,#2569,.F.);
#3906=ORIENTED_EDGE('',*,*,#2831,.F.);
#3907=ORIENTED_EDGE('',*,*,#2829,.F.);
#3908=ORIENTED_EDGE('',*,*,#2832,.T.);
#3909=ORIENTED_EDGE('',*,*,#2802,.T.);
#3910=ORIENTED_EDGE('',*,*,#2830,.T.);
#3911=ORIENTED_EDGE('',*,*,#2833,.T.);
#3912=ORIENTED_EDGE('',*,*,#2834,.T.);
#3913=ORIENTED_EDGE('',*,*,#2833,.F.);
#3914=ORIENTED_EDGE('',*,*,#2831,.T.);
#3915=ORIENTED_EDGE('',*,*,#2568,.F.);
#3916=ORIENTED_EDGE('',*,*,#2832,.F.);
#3917=ORIENTED_EDGE('',*,*,#2835,.T.);
#3918=ORIENTED_EDGE('',*,*,#2836,.F.);
#3919=ORIENTED_EDGE('',*,*,#2803,.T.);
#3920=ORIENTED_EDGE('',*,*,#2834,.F.);
#3921=ORIENTED_EDGE('',*,*,#2567,.F.);
#3922=ORIENTED_EDGE('',*,*,#2837,.F.);
#3923=ORIENTED_EDGE('',*,*,#2835,.F.);
#3924=ORIENTED_EDGE('',*,*,#2838,.T.);
#3925=ORIENTED_EDGE('',*,*,#2804,.T.);
#3926=ORIENTED_EDGE('',*,*,#2836,.T.);
#3927=ORIENTED_EDGE('',*,*,#2839,.T.);
#3928=ORIENTED_EDGE('',*,*,#2840,.T.);
#3929=ORIENTED_EDGE('',*,*,#2839,.F.);
#3930=ORIENTED_EDGE('',*,*,#2837,.T.);
#3931=ORIENTED_EDGE('',*,*,#2566,.F.);
#3932=ORIENTED_EDGE('',*,*,#2838,.F.);
#3933=ORIENTED_EDGE('',*,*,#2841,.T.);
#3934=ORIENTED_EDGE('',*,*,#2842,.T.);
#3935=ORIENTED_EDGE('',*,*,#2805,.T.);
#3936=ORIENTED_EDGE('',*,*,#2840,.F.);
#3937=ORIENTED_EDGE('',*,*,#2565,.F.);
#3938=ORIENTED_EDGE('',*,*,#2843,.T.);
#3939=ORIENTED_EDGE('',*,*,#2841,.F.);
#3940=ORIENTED_EDGE('',*,*,#2844,.T.);
#3941=ORIENTED_EDGE('',*,*,#2809,.T.);
#3942=ORIENTED_EDGE('',*,*,#2845,.T.);
#3943=ORIENTED_EDGE('',*,*,#2846,.T.);
#3944=ORIENTED_EDGE('',*,*,#2847,.T.);
#3945=ORIENTED_EDGE('',*,*,#2846,.F.);
#3946=ORIENTED_EDGE('',*,*,#2848,.T.);
#3947=ORIENTED_EDGE('',*,*,#2560,.F.);
#3948=ORIENTED_EDGE('',*,*,#2848,.F.);
#3949=ORIENTED_EDGE('',*,*,#2849,.F.);
#3950=ORIENTED_EDGE('',*,*,#2850,.F.);
#3951=ORIENTED_EDGE('',*,*,#2561,.F.);
#3952=ORIENTED_EDGE('',*,*,#2845,.F.);
#3953=ORIENTED_EDGE('',*,*,#2808,.T.);
#3954=ORIENTED_EDGE('',*,*,#2851,.T.);
#3955=ORIENTED_EDGE('',*,*,#2849,.T.);
#3956=ORIENTED_EDGE('',*,*,#2825,.F.);
#3957=ORIENTED_EDGE('',*,*,#2810,.T.);
#3958=ORIENTED_EDGE('',*,*,#2844,.F.);
#3959=ORIENTED_EDGE('',*,*,#2852,.T.);
#3960=ORIENTED_EDGE('',*,*,#2828,.F.);
#3961=ORIENTED_EDGE('',*,*,#2852,.F.);
#3962=ORIENTED_EDGE('',*,*,#2847,.F.);
#3963=ORIENTED_EDGE('',*,*,#2559,.F.);
#3964=ORIENTED_EDGE('',*,*,#2853,.T.);
#3965=ORIENTED_EDGE('',*,*,#2630,.F.);
#3966=ORIENTED_EDGE('',*,*,#2607,.T.);
#3967=ORIENTED_EDGE('',*,*,#2562,.F.);
#3968=ORIENTED_EDGE('',*,*,#2850,.T.);
#3969=ORIENTED_EDGE('',*,*,#2851,.F.);
#3970=ORIENTED_EDGE('',*,*,#2807,.F.);
#3971=ORIENTED_EDGE('',*,*,#2575,.T.);
#3972=ORIENTED_EDGE('',*,*,#2854,.F.);
#3973=ORIENTED_EDGE('',*,*,#2615,.F.);
#3974=ORIENTED_EDGE('',*,*,#2622,.T.);
#3975=ORIENTED_EDGE('',*,*,#2571,.T.);
#3976=ORIENTED_EDGE('',*,*,#2580,.F.);
#3977=ORIENTED_EDGE('',*,*,#2855,.F.);
#3978=ORIENTED_EDGE('',*,*,#2617,.F.);
#3979=ORIENTED_EDGE('',*,*,#2618,.F.);
#3980=ORIENTED_EDGE('',*,*,#2855,.T.);
#3981=ORIENTED_EDGE('',*,*,#2579,.F.);
#3982=ORIENTED_EDGE('',*,*,#2604,.F.);
#3983=ORIENTED_EDGE('',*,*,#2616,.T.);
#3984=ORIENTED_EDGE('',*,*,#2854,.T.);
#3985=ORIENTED_EDGE('',*,*,#2574,.T.);
#3986=ORIENTED_EDGE('',*,*,#2573,.T.);
#3987=ORIENTED_EDGE('',*,*,#2611,.F.);
#3988=ORIENTED_EDGE('',*,*,#2632,.T.);
#3989=ORIENTED_EDGE('',*,*,#2856,.F.);
#3990=ORIENTED_EDGE('',*,*,#2857,.F.);
#3991=ORIENTED_EDGE('',*,*,#2625,.T.);
#3992=ORIENTED_EDGE('',*,*,#2612,.F.);
#3993=ORIENTED_EDGE('',*,*,#2857,.T.);
#3994=ORIENTED_EDGE('',*,*,#2858,.F.);
#3995=ORIENTED_EDGE('',*,*,#2620,.F.);
#3996=ORIENTED_EDGE('',*,*,#2599,.T.);
#3997=ORIENTED_EDGE('',*,*,#2602,.F.);
#3998=ORIENTED_EDGE('',*,*,#2582,.F.);
#3999=ORIENTED_EDGE('',*,*,#2601,.T.);
#4000=ORIENTED_EDGE('',*,*,#2597,.F.);
#4001=ORIENTED_EDGE('',*,*,#2619,.F.);
#4002=ORIENTED_EDGE('',*,*,#2605,.T.);
#4003=ORIENTED_EDGE('',*,*,#2577,.T.);
#4004=ORIENTED_EDGE('',*,*,#2806,.F.);
#4005=ORIENTED_EDGE('',*,*,#2842,.F.);
#4006=ORIENTED_EDGE('',*,*,#2843,.F.);
#4007=ORIENTED_EDGE('',*,*,#2564,.F.);
#4008=ORIENTED_EDGE('',*,*,#2606,.T.);
#4009=ORIENTED_EDGE('',*,*,#2590,.T.);
#4010=ORIENTED_EDGE('',*,*,#2624,.T.);
#4011=ORIENTED_EDGE('',*,*,#2858,.T.);
#4012=ORIENTED_EDGE('',*,*,#2856,.T.);
#4013=ORIENTED_EDGE('',*,*,#2631,.T.);
#4014=ORIENTED_EDGE('',*,*,#2626,.T.);
#4015=ORIENTED_EDGE('',*,*,#2629,.T.);
#4016=ORIENTED_EDGE('',*,*,#2853,.F.);
#4017=ORIENTED_EDGE('',*,*,#2621,.T.);
#4018=ORIENTED_EDGE('',*,*,#2859,.T.);
#4019=ORIENTED_EDGE('',*,*,#2860,.T.);
#4020=ORIENTED_EDGE('',*,*,#2861,.T.);
#4021=ORIENTED_EDGE('',*,*,#2862,.T.);
#4022=ORIENTED_EDGE('',*,*,#2860,.F.);
#4023=ORIENTED_EDGE('',*,*,#2863,.F.);
#4024=ORIENTED_EDGE('',*,*,#2864,.F.);
#4025=ORIENTED_EDGE('',*,*,#2865,.F.);
#4026=ORIENTED_EDGE('',*,*,#2866,.T.);
#4027=ORIENTED_EDGE('',*,*,#2867,.T.);
#4028=ORIENTED_EDGE('',*,*,#2868,.T.);
#4029=ORIENTED_EDGE('',*,*,#2869,.T.);
#4030=ORIENTED_EDGE('',*,*,#2862,.F.);
#4031=ORIENTED_EDGE('',*,*,#2870,.F.);
#4032=ORIENTED_EDGE('',*,*,#2867,.F.);
#4033=ORIENTED_EDGE('',*,*,#2871,.F.);
#4034=ORIENTED_EDGE('',*,*,#2872,.T.);
#4035=ORIENTED_EDGE('',*,*,#2873,.T.);
#4036=ORIENTED_EDGE('',*,*,#2874,.T.);
#4037=ORIENTED_EDGE('',*,*,#2875,.T.);
#4038=ORIENTED_EDGE('',*,*,#2869,.F.);
#4039=ORIENTED_EDGE('',*,*,#2876,.F.);
#4040=ORIENTED_EDGE('',*,*,#2873,.F.);
#4041=ORIENTED_EDGE('',*,*,#2877,.F.);
#4042=ORIENTED_EDGE('',*,*,#2878,.T.);
#4043=ORIENTED_EDGE('',*,*,#2879,.T.);
#4044=ORIENTED_EDGE('',*,*,#2880,.T.);
#4045=ORIENTED_EDGE('',*,*,#2864,.T.);
#4046=ORIENTED_EDGE('',*,*,#2875,.F.);
#4047=ORIENTED_EDGE('',*,*,#2881,.F.);
#4048=ORIENTED_EDGE('',*,*,#2879,.F.);
#4049=ORIENTED_EDGE('',*,*,#2882,.F.);
#4050=ORIENTED_EDGE('',*,*,#2883,.T.);
#4051=ORIENTED_EDGE('',*,*,#2884,.T.);
#4052=ORIENTED_EDGE('',*,*,#2885,.F.);
#4053=ORIENTED_EDGE('',*,*,#2886,.T.);
#4054=ORIENTED_EDGE('',*,*,#2887,.T.);
#4055=ORIENTED_EDGE('',*,*,#2888,.T.);
#4056=ORIENTED_EDGE('',*,*,#2889,.T.);
#4057=ORIENTED_EDGE('',*,*,#2890,.T.);
#4058=ORIENTED_EDGE('',*,*,#2881,.T.);
#4059=ORIENTED_EDGE('',*,*,#2874,.F.);
#4060=ORIENTED_EDGE('',*,*,#2876,.T.);
#4061=ORIENTED_EDGE('',*,*,#2868,.F.);
#4062=ORIENTED_EDGE('',*,*,#2870,.T.);
#4063=ORIENTED_EDGE('',*,*,#2861,.F.);
#4064=ORIENTED_EDGE('',*,*,#2865,.T.);
#4065=ORIENTED_EDGE('',*,*,#2880,.F.);
#4066=ORIENTED_EDGE('',*,*,#2883,.F.);
#4067=ORIENTED_EDGE('',*,*,#2891,.T.);
#4068=ORIENTED_EDGE('',*,*,#2892,.T.);
#4069=ORIENTED_EDGE('',*,*,#2893,.T.);
#4070=ORIENTED_EDGE('',*,*,#2894,.T.);
#4071=ORIENTED_EDGE('',*,*,#2895,.T.);
#4072=ORIENTED_EDGE('',*,*,#2896,.F.);
#4073=ORIENTED_EDGE('',*,*,#2897,.T.);
#4074=ORIENTED_EDGE('',*,*,#2891,.F.);
#4075=ORIENTED_EDGE('',*,*,#2886,.F.);
#4076=ORIENTED_EDGE('',*,*,#2898,.T.);
#4077=ORIENTED_EDGE('',*,*,#2884,.F.);
#4078=ORIENTED_EDGE('',*,*,#2895,.F.);
#4079=ORIENTED_EDGE('',*,*,#2899,.F.);
#4080=ORIENTED_EDGE('',*,*,#2900,.T.);
#4081=ORIENTED_EDGE('',*,*,#2899,.T.);
#4082=ORIENTED_EDGE('',*,*,#2894,.F.);
#4083=ORIENTED_EDGE('',*,*,#2901,.F.);
#4084=ORIENTED_EDGE('',*,*,#2902,.T.);
#4085=ORIENTED_EDGE('',*,*,#2901,.T.);
#4086=ORIENTED_EDGE('',*,*,#2893,.F.);
#4087=ORIENTED_EDGE('',*,*,#2903,.F.);
#4088=ORIENTED_EDGE('',*,*,#2904,.T.);
#4089=ORIENTED_EDGE('',*,*,#2903,.T.);
#4090=ORIENTED_EDGE('',*,*,#2892,.F.);
#4091=ORIENTED_EDGE('',*,*,#2897,.F.);
#4092=ORIENTED_EDGE('',*,*,#2905,.T.);
#4093=ORIENTED_EDGE('',*,*,#2906,.T.);
#4094=ORIENTED_EDGE('',*,*,#2907,.T.);
#4095=ORIENTED_EDGE('',*,*,#2908,.F.);
#4096=ORIENTED_EDGE('',*,*,#2909,.T.);
#4097=ORIENTED_EDGE('',*,*,#2910,.T.);
#4098=ORIENTED_EDGE('',*,*,#2911,.T.);
#4099=ORIENTED_EDGE('',*,*,#2906,.F.);
#4100=ORIENTED_EDGE('',*,*,#2912,.T.);
#4101=ORIENTED_EDGE('',*,*,#2913,.T.);
#4102=ORIENTED_EDGE('',*,*,#2914,.T.);
#4103=ORIENTED_EDGE('',*,*,#2910,.F.);
#4104=ORIENTED_EDGE('',*,*,#2915,.T.);
#4105=ORIENTED_EDGE('',*,*,#2913,.F.);
#4106=ORIENTED_EDGE('',*,*,#2916,.T.);
#4107=ORIENTED_EDGE('',*,*,#2908,.T.);
#4108=ORIENTED_EDGE('',*,*,#2915,.F.);
#4109=ORIENTED_EDGE('',*,*,#2917,.F.);
#4110=ORIENTED_EDGE('',*,*,#2887,.F.);
#4111=ORIENTED_EDGE('',*,*,#2918,.T.);
#4112=ORIENTED_EDGE('',*,*,#2907,.F.);
#4113=ORIENTED_EDGE('',*,*,#2919,.F.);
#4114=ORIENTED_EDGE('',*,*,#2888,.F.);
#4115=ORIENTED_EDGE('',*,*,#2917,.T.);
#4116=ORIENTED_EDGE('',*,*,#2905,.F.);
#4117=ORIENTED_EDGE('',*,*,#2916,.F.);
#4118=ORIENTED_EDGE('',*,*,#2912,.F.);
#4119=ORIENTED_EDGE('',*,*,#2909,.F.);
#4120=ORIENTED_EDGE('',*,*,#2882,.T.);
#4121=ORIENTED_EDGE('',*,*,#2878,.F.);
#4122=ORIENTED_EDGE('',*,*,#2863,.T.);
#4123=ORIENTED_EDGE('',*,*,#2859,.F.);
#4124=ORIENTED_EDGE('',*,*,#2871,.T.);
#4125=ORIENTED_EDGE('',*,*,#2866,.F.);
#4126=ORIENTED_EDGE('',*,*,#2877,.T.);
#4127=ORIENTED_EDGE('',*,*,#2872,.F.);
#4128=ORIENTED_EDGE('',*,*,#2885,.T.);
#4129=ORIENTED_EDGE('',*,*,#2898,.F.);
#4130=ORIENTED_EDGE('',*,*,#2900,.F.);
#4131=ORIENTED_EDGE('',*,*,#2902,.F.);
#4132=ORIENTED_EDGE('',*,*,#2904,.F.);
#4133=ORIENTED_EDGE('',*,*,#2896,.T.);
#4134=ORIENTED_EDGE('',*,*,#2911,.F.);
#4135=ORIENTED_EDGE('',*,*,#2920,.F.);
#4136=ORIENTED_EDGE('',*,*,#2889,.F.);
#4137=ORIENTED_EDGE('',*,*,#2919,.T.);
#4138=ORIENTED_EDGE('',*,*,#2914,.F.);
#4139=ORIENTED_EDGE('',*,*,#2918,.F.);
#4140=ORIENTED_EDGE('',*,*,#2890,.F.);
#4141=ORIENTED_EDGE('',*,*,#2920,.T.);
#4142=ORIENTED_EDGE('',*,*,#2921,.T.);
#4143=ORIENTED_EDGE('',*,*,#2922,.T.);
#4144=ORIENTED_EDGE('',*,*,#2923,.T.);
#4145=ORIENTED_EDGE('',*,*,#2924,.T.);
#4146=ORIENTED_EDGE('',*,*,#2925,.T.);
#4147=ORIENTED_EDGE('',*,*,#2926,.T.);
#4148=ORIENTED_EDGE('',*,*,#2922,.F.);
#4149=ORIENTED_EDGE('',*,*,#2927,.T.);
#4150=ORIENTED_EDGE('',*,*,#2923,.F.);
#4151=ORIENTED_EDGE('',*,*,#2928,.T.);
#4152=ORIENTED_EDGE('',*,*,#2929,.F.);
#4153=ORIENTED_EDGE('',*,*,#2930,.T.);
#4154=ORIENTED_EDGE('',*,*,#2926,.F.);
#4155=ORIENTED_EDGE('',*,*,#2931,.F.);
#4156=ORIENTED_EDGE('',*,*,#2932,.F.);
#4157=ORIENTED_EDGE('',*,*,#2928,.F.);
#4158=ORIENTED_EDGE('',*,*,#2925,.F.);
#4159=ORIENTED_EDGE('',*,*,#2933,.T.);
#4160=ORIENTED_EDGE('',*,*,#2934,.F.);
#4161=ORIENTED_EDGE('',*,*,#2935,.T.);
#4162=ORIENTED_EDGE('',*,*,#2936,.F.);
#4163=ORIENTED_EDGE('',*,*,#2937,.T.);
#4164=ORIENTED_EDGE('',*,*,#2938,.F.);
#4165=ORIENTED_EDGE('',*,*,#2931,.T.);
#4166=ORIENTED_EDGE('',*,*,#2939,.T.);
#4167=ORIENTED_EDGE('',*,*,#2940,.T.);
#4168=ORIENTED_EDGE('',*,*,#2941,.T.);
#4169=ORIENTED_EDGE('',*,*,#2942,.T.);
#4170=ORIENTED_EDGE('',*,*,#2934,.T.);
#4171=ORIENTED_EDGE('',*,*,#2943,.T.);
#4172=ORIENTED_EDGE('',*,*,#2942,.F.);
#4173=ORIENTED_EDGE('',*,*,#2944,.T.);
#4174=ORIENTED_EDGE('',*,*,#2941,.F.);
#4175=ORIENTED_EDGE('',*,*,#2945,.T.);
#4176=ORIENTED_EDGE('',*,*,#2946,.F.);
#4177=ORIENTED_EDGE('',*,*,#2947,.T.);
#4178=ORIENTED_EDGE('',*,*,#2924,.F.);
#4179=ORIENTED_EDGE('',*,*,#2930,.F.);
#4180=ORIENTED_EDGE('',*,*,#2948,.F.);
#4181=ORIENTED_EDGE('',*,*,#2949,.F.);
#4182=ORIENTED_EDGE('',*,*,#2950,.F.);
#4183=ORIENTED_EDGE('',*,*,#2945,.F.);
#4184=ORIENTED_EDGE('',*,*,#2940,.F.);
#4185=ORIENTED_EDGE('',*,*,#2951,.F.);
#4186=ORIENTED_EDGE('',*,*,#2921,.F.);
#4187=ORIENTED_EDGE('',*,*,#2951,.T.);
#4188=ORIENTED_EDGE('',*,*,#2939,.F.);
#4189=ORIENTED_EDGE('',*,*,#2952,.T.);
#4190=ORIENTED_EDGE('',*,*,#2953,.T.);
#4191=ORIENTED_EDGE('',*,*,#2954,.T.);
#4192=ORIENTED_EDGE('',*,*,#2946,.T.);
#4193=ORIENTED_EDGE('',*,*,#2950,.T.);
#4194=ORIENTED_EDGE('',*,*,#2936,.T.);
#4195=ORIENTED_EDGE('',*,*,#2955,.T.);
#4196=ORIENTED_EDGE('',*,*,#2954,.F.);
#4197=ORIENTED_EDGE('',*,*,#2956,.T.);
#4198=ORIENTED_EDGE('',*,*,#2944,.F.);
#4199=ORIENTED_EDGE('',*,*,#2947,.F.);
#4200=ORIENTED_EDGE('',*,*,#2955,.F.);
#4201=ORIENTED_EDGE('',*,*,#2935,.F.);
#4202=ORIENTED_EDGE('',*,*,#2929,.T.);
#4203=ORIENTED_EDGE('',*,*,#2957,.T.);
#4204=ORIENTED_EDGE('',*,*,#2958,.T.);
#4205=ORIENTED_EDGE('',*,*,#2948,.T.);
#4206=ORIENTED_EDGE('',*,*,#2938,.T.);
#4207=ORIENTED_EDGE('',*,*,#2959,.T.);
#4208=ORIENTED_EDGE('',*,*,#2957,.F.);
#4209=ORIENTED_EDGE('',*,*,#2932,.T.);
#4210=ORIENTED_EDGE('',*,*,#2953,.F.);
#4211=ORIENTED_EDGE('',*,*,#2949,.T.);
#4212=ORIENTED_EDGE('',*,*,#2958,.F.);
#4213=ORIENTED_EDGE('',*,*,#2960,.T.);
#4214=ORIENTED_EDGE('',*,*,#2927,.F.);
#4215=ORIENTED_EDGE('',*,*,#2952,.F.);
#4216=ORIENTED_EDGE('',*,*,#2943,.F.);
#4217=ORIENTED_EDGE('',*,*,#2933,.F.);
#4218=ORIENTED_EDGE('',*,*,#2956,.F.);
#4219=ORIENTED_EDGE('',*,*,#2960,.F.);
#4220=ORIENTED_EDGE('',*,*,#2959,.F.);
#4221=ORIENTED_EDGE('',*,*,#2937,.F.);
#4222=ORIENTED_EDGE('',*,*,#2961,.T.);
#4223=ORIENTED_EDGE('',*,*,#2962,.T.);
#4224=ORIENTED_EDGE('',*,*,#2963,.T.);
#4225=ORIENTED_EDGE('',*,*,#2964,.F.);
#4226=ORIENTED_EDGE('',*,*,#2965,.T.);
#4227=ORIENTED_EDGE('',*,*,#2966,.T.);
#4228=ORIENTED_EDGE('',*,*,#2967,.T.);
#4229=ORIENTED_EDGE('',*,*,#2962,.F.);
#4230=ORIENTED_EDGE('',*,*,#2968,.T.);
#4231=ORIENTED_EDGE('',*,*,#2969,.T.);
#4232=ORIENTED_EDGE('',*,*,#2970,.T.);
#4233=ORIENTED_EDGE('',*,*,#2966,.F.);
#4234=ORIENTED_EDGE('',*,*,#2971,.T.);
#4235=ORIENTED_EDGE('',*,*,#2969,.F.);
#4236=ORIENTED_EDGE('',*,*,#2972,.T.);
#4237=ORIENTED_EDGE('',*,*,#2964,.T.);
#4238=ORIENTED_EDGE('',*,*,#2971,.F.);
#4239=ORIENTED_EDGE('',*,*,#2973,.F.);
#4240=ORIENTED_EDGE('',*,*,#2974,.T.);
#4241=ORIENTED_EDGE('',*,*,#2975,.T.);
#4242=ORIENTED_EDGE('',*,*,#2963,.F.);
#4243=ORIENTED_EDGE('',*,*,#2976,.F.);
#4244=ORIENTED_EDGE('',*,*,#2977,.T.);
#4245=ORIENTED_EDGE('',*,*,#2973,.T.);
#4246=ORIENTED_EDGE('',*,*,#2961,.F.);
#4247=ORIENTED_EDGE('',*,*,#2972,.F.);
#4248=ORIENTED_EDGE('',*,*,#2968,.F.);
#4249=ORIENTED_EDGE('',*,*,#2965,.F.);
#4250=ORIENTED_EDGE('',*,*,#2967,.F.);
#4251=ORIENTED_EDGE('',*,*,#2978,.F.);
#4252=ORIENTED_EDGE('',*,*,#2979,.T.);
#4253=ORIENTED_EDGE('',*,*,#2976,.T.);
#4254=ORIENTED_EDGE('',*,*,#2970,.F.);
#4255=ORIENTED_EDGE('',*,*,#2975,.F.);
#4256=ORIENTED_EDGE('',*,*,#2980,.T.);
#4257=ORIENTED_EDGE('',*,*,#2978,.T.);
#4258=ORIENTED_EDGE('',*,*,#2974,.F.);
#4259=ORIENTED_EDGE('',*,*,#2977,.F.);
#4260=ORIENTED_EDGE('',*,*,#2979,.F.);
#4261=ORIENTED_EDGE('',*,*,#2980,.F.);
#4262=ORIENTED_EDGE('',*,*,#2981,.F.);
#4263=ORIENTED_EDGE('',*,*,#2982,.T.);
#4264=ORIENTED_EDGE('',*,*,#2983,.F.);
#4265=ORIENTED_EDGE('',*,*,#2984,.F.);
#4266=ORIENTED_EDGE('',*,*,#2985,.F.);
#4267=ORIENTED_EDGE('',*,*,#2984,.T.);
#4268=ORIENTED_EDGE('',*,*,#2986,.F.);
#4269=ORIENTED_EDGE('',*,*,#2987,.F.);
#4270=ORIENTED_EDGE('',*,*,#2988,.F.);
#4271=ORIENTED_EDGE('',*,*,#2987,.T.);
#4272=ORIENTED_EDGE('',*,*,#2989,.F.);
#4273=ORIENTED_EDGE('',*,*,#2990,.F.);
#4274=ORIENTED_EDGE('',*,*,#2991,.F.);
#4275=ORIENTED_EDGE('',*,*,#2990,.T.);
#4276=ORIENTED_EDGE('',*,*,#2992,.F.);
#4277=ORIENTED_EDGE('',*,*,#2982,.F.);
#4278=ORIENTED_EDGE('',*,*,#2992,.T.);
#4279=ORIENTED_EDGE('',*,*,#2989,.T.);
#4280=ORIENTED_EDGE('',*,*,#2986,.T.);
#4281=ORIENTED_EDGE('',*,*,#2983,.T.);
#4282=ORIENTED_EDGE('',*,*,#2991,.T.);
#4283=ORIENTED_EDGE('',*,*,#2981,.T.);
#4284=ORIENTED_EDGE('',*,*,#2985,.T.);
#4285=ORIENTED_EDGE('',*,*,#2988,.T.);
#4286=ORIENTED_EDGE('',*,*,#2993,.T.);
#4287=ORIENTED_EDGE('',*,*,#2994,.T.);
#4288=ORIENTED_EDGE('',*,*,#2995,.T.);
#4289=ORIENTED_EDGE('',*,*,#2996,.T.);
#4290=ORIENTED_EDGE('',*,*,#2997,.T.);
#4291=ORIENTED_EDGE('',*,*,#2998,.T.);
#4292=ORIENTED_EDGE('',*,*,#2995,.F.);
#4293=ORIENTED_EDGE('',*,*,#2999,.T.);
#4294=ORIENTED_EDGE('',*,*,#3000,.T.);
#4295=ORIENTED_EDGE('',*,*,#3001,.T.);
#4296=ORIENTED_EDGE('',*,*,#2997,.F.);
#4297=ORIENTED_EDGE('',*,*,#3002,.T.);
#4298=ORIENTED_EDGE('',*,*,#3003,.T.);
#4299=ORIENTED_EDGE('',*,*,#3004,.T.);
#4300=ORIENTED_EDGE('',*,*,#3000,.F.);
#4301=ORIENTED_EDGE('',*,*,#3005,.T.);
#4302=ORIENTED_EDGE('',*,*,#3006,.T.);
#4303=ORIENTED_EDGE('',*,*,#3007,.T.);
#4304=ORIENTED_EDGE('',*,*,#3003,.F.);
#4305=ORIENTED_EDGE('',*,*,#3008,.T.);
#4306=ORIENTED_EDGE('',*,*,#3009,.T.);
#4307=ORIENTED_EDGE('',*,*,#3010,.T.);
#4308=ORIENTED_EDGE('',*,*,#3011,.T.);
#4309=ORIENTED_EDGE('',*,*,#3012,.T.);
#4310=ORIENTED_EDGE('',*,*,#3011,.F.);
#4311=ORIENTED_EDGE('',*,*,#3013,.T.);
#4312=ORIENTED_EDGE('',*,*,#2993,.F.);
#4313=ORIENTED_EDGE('',*,*,#3014,.T.);
#4314=ORIENTED_EDGE('',*,*,#3015,.T.);
#4315=ORIENTED_EDGE('',*,*,#3016,.T.);
#4316=ORIENTED_EDGE('',*,*,#3017,.T.);
#4317=ORIENTED_EDGE('',*,*,#3006,.F.);
#4318=ORIENTED_EDGE('',*,*,#3018,.T.);
#4319=ORIENTED_EDGE('',*,*,#3009,.F.);
#4320=ORIENTED_EDGE('',*,*,#3019,.T.);
#4321=ORIENTED_EDGE('',*,*,#3020,.T.);
#4322=ORIENTED_EDGE('',*,*,#3021,.T.);
#4323=ORIENTED_EDGE('',*,*,#3020,.F.);
#4324=ORIENTED_EDGE('',*,*,#3022,.T.);
#4325=ORIENTED_EDGE('',*,*,#3016,.F.);
#4326=ORIENTED_EDGE('',*,*,#3007,.F.);
#4327=ORIENTED_EDGE('',*,*,#3017,.F.);
#4328=ORIENTED_EDGE('',*,*,#3023,.T.);
#4329=ORIENTED_EDGE('',*,*,#3024,.F.);
#4330=ORIENTED_EDGE('',*,*,#3025,.T.);
#4331=ORIENTED_EDGE('',*,*,#3022,.F.);
#4332=ORIENTED_EDGE('',*,*,#3026,.F.);
#4333=ORIENTED_EDGE('',*,*,#3027,.F.);
#4334=ORIENTED_EDGE('',*,*,#3023,.F.);
#4335=ORIENTED_EDGE('',*,*,#3019,.F.);
#4336=ORIENTED_EDGE('',*,*,#3012,.F.);
#4337=ORIENTED_EDGE('',*,*,#3028,.T.);
#4338=ORIENTED_EDGE('',*,*,#3029,.F.);
#4339=ORIENTED_EDGE('',*,*,#3026,.T.);
#4340=ORIENTED_EDGE('',*,*,#3008,.F.);
#4341=ORIENTED_EDGE('',*,*,#3005,.F.);
#4342=ORIENTED_EDGE('',*,*,#3002,.F.);
#4343=ORIENTED_EDGE('',*,*,#2999,.F.);
#4344=ORIENTED_EDGE('',*,*,#2994,.F.);
#4345=ORIENTED_EDGE('',*,*,#3013,.F.);
#4346=ORIENTED_EDGE('',*,*,#3010,.F.);
#4347=ORIENTED_EDGE('',*,*,#3030,.F.);
#4348=ORIENTED_EDGE('',*,*,#3031,.F.);
#4349=ORIENTED_EDGE('',*,*,#3032,.F.);
#4350=ORIENTED_EDGE('',*,*,#3033,.F.);
#4351=ORIENTED_EDGE('',*,*,#3034,.F.);
#4352=ORIENTED_EDGE('',*,*,#3035,.T.);
#4353=ORIENTED_EDGE('',*,*,#3036,.T.);
#4354=ORIENTED_EDGE('',*,*,#3037,.T.);
#4355=ORIENTED_EDGE('',*,*,#3038,.T.);
#4356=ORIENTED_EDGE('',*,*,#3039,.T.);
#4357=ORIENTED_EDGE('',*,*,#3040,.T.);
#4358=ORIENTED_EDGE('',*,*,#3037,.F.);
#4359=ORIENTED_EDGE('',*,*,#3041,.T.);
#4360=ORIENTED_EDGE('',*,*,#3042,.T.);
#4361=ORIENTED_EDGE('',*,*,#3043,.T.);
#4362=ORIENTED_EDGE('',*,*,#3039,.F.);
#4363=ORIENTED_EDGE('',*,*,#3044,.T.);
#4364=ORIENTED_EDGE('',*,*,#3045,.T.);
#4365=ORIENTED_EDGE('',*,*,#3046,.T.);
#4366=ORIENTED_EDGE('',*,*,#3042,.F.);
#4367=ORIENTED_EDGE('',*,*,#3047,.T.);
#4368=ORIENTED_EDGE('',*,*,#3048,.T.);
#4369=ORIENTED_EDGE('',*,*,#3049,.T.);
#4370=ORIENTED_EDGE('',*,*,#3045,.F.);
#4371=ORIENTED_EDGE('',*,*,#3050,.T.);
#4372=ORIENTED_EDGE('',*,*,#3051,.T.);
#4373=ORIENTED_EDGE('',*,*,#3035,.F.);
#4374=ORIENTED_EDGE('',*,*,#3052,.T.);
#4375=ORIENTED_EDGE('',*,*,#3053,.T.);
#4376=ORIENTED_EDGE('',*,*,#3054,.T.);
#4377=ORIENTED_EDGE('',*,*,#3055,.T.);
#4378=ORIENTED_EDGE('',*,*,#3056,.T.);
#4379=ORIENTED_EDGE('',*,*,#3057,.T.);
#4380=ORIENTED_EDGE('',*,*,#3058,.T.);
#4381=ORIENTED_EDGE('',*,*,#3059,.T.);
#4382=ORIENTED_EDGE('',*,*,#3060,.T.);
#4383=ORIENTED_EDGE('',*,*,#3054,.F.);
#4384=ORIENTED_EDGE('',*,*,#3061,.T.);
#4385=ORIENTED_EDGE('',*,*,#3053,.F.);
#4386=ORIENTED_EDGE('',*,*,#3062,.T.);
#4387=ORIENTED_EDGE('',*,*,#3059,.F.);
#4388=ORIENTED_EDGE('',*,*,#3057,.F.);
#4389=ORIENTED_EDGE('',*,*,#3063,.F.);
#4390=ORIENTED_EDGE('',*,*,#3064,.F.);
#4391=ORIENTED_EDGE('',*,*,#3050,.F.);
#4392=ORIENTED_EDGE('',*,*,#3047,.F.);
#4393=ORIENTED_EDGE('',*,*,#3044,.F.);
#4394=ORIENTED_EDGE('',*,*,#3041,.F.);
#4395=ORIENTED_EDGE('',*,*,#3036,.F.);
#4396=ORIENTED_EDGE('',*,*,#3065,.F.);
#4397=ORIENTED_EDGE('',*,*,#3066,.F.);
#4398=ORIENTED_EDGE('',*,*,#3067,.F.);
#4399=ORIENTED_EDGE('',*,*,#3068,.T.);
#4400=ORIENTED_EDGE('',*,*,#3069,.T.);
#4401=ORIENTED_EDGE('',*,*,#3070,.T.);
#4402=ORIENTED_EDGE('',*,*,#3071,.T.);
#4403=ORIENTED_EDGE('',*,*,#3072,.T.);
#4404=ORIENTED_EDGE('',*,*,#3073,.T.);
#4405=ORIENTED_EDGE('',*,*,#3074,.T.);
#4406=ORIENTED_EDGE('',*,*,#3071,.F.);
#4407=ORIENTED_EDGE('',*,*,#3024,.T.);
#4408=ORIENTED_EDGE('',*,*,#3075,.T.);
#4409=ORIENTED_EDGE('',*,*,#3076,.T.);
#4410=ORIENTED_EDGE('',*,*,#3073,.F.);
#4411=ORIENTED_EDGE('',*,*,#3027,.T.);
#4412=ORIENTED_EDGE('',*,*,#3077,.T.);
#4413=ORIENTED_EDGE('',*,*,#3078,.T.);
#4414=ORIENTED_EDGE('',*,*,#3075,.F.);
#4415=ORIENTED_EDGE('',*,*,#3029,.T.);
#4416=ORIENTED_EDGE('',*,*,#3079,.T.);
#4417=ORIENTED_EDGE('',*,*,#3080,.T.);
#4418=ORIENTED_EDGE('',*,*,#3077,.F.);
#4419=ORIENTED_EDGE('',*,*,#3081,.T.);
#4420=ORIENTED_EDGE('',*,*,#3082,.T.);
#4421=ORIENTED_EDGE('',*,*,#3083,.T.);
#4422=ORIENTED_EDGE('',*,*,#3079,.F.);
#4423=ORIENTED_EDGE('',*,*,#3084,.T.);
#4424=ORIENTED_EDGE('',*,*,#3085,.T.);
#4425=ORIENTED_EDGE('',*,*,#3086,.T.);
#4426=ORIENTED_EDGE('',*,*,#3082,.F.);
#4427=ORIENTED_EDGE('',*,*,#3087,.T.);
#4428=ORIENTED_EDGE('',*,*,#3069,.F.);
#4429=ORIENTED_EDGE('',*,*,#3088,.T.);
#4430=ORIENTED_EDGE('',*,*,#3085,.F.);
#4431=ORIENTED_EDGE('',*,*,#3089,.T.);
#4432=ORIENTED_EDGE('',*,*,#3004,.F.);
#4433=ORIENTED_EDGE('',*,*,#3025,.F.);
#4434=ORIENTED_EDGE('',*,*,#3070,.F.);
#4435=ORIENTED_EDGE('',*,*,#3090,.F.);
#4436=ORIENTED_EDGE('',*,*,#3072,.F.);
#4437=ORIENTED_EDGE('',*,*,#3074,.F.);
#4438=ORIENTED_EDGE('',*,*,#3076,.F.);
#4439=ORIENTED_EDGE('',*,*,#3078,.F.);
#4440=ORIENTED_EDGE('',*,*,#3080,.F.);
#4441=ORIENTED_EDGE('',*,*,#3083,.F.);
#4442=ORIENTED_EDGE('',*,*,#3086,.F.);
#4443=ORIENTED_EDGE('',*,*,#3088,.F.);
#4444=ORIENTED_EDGE('',*,*,#3091,.T.);
#4445=ORIENTED_EDGE('',*,*,#3092,.T.);
#4446=ORIENTED_EDGE('',*,*,#3093,.T.);
#4447=ORIENTED_EDGE('',*,*,#3094,.T.);
#4448=ORIENTED_EDGE('',*,*,#3095,.T.);
#4449=ORIENTED_EDGE('',*,*,#3096,.T.);
#4450=ORIENTED_EDGE('',*,*,#3093,.F.);
#4451=ORIENTED_EDGE('',*,*,#3097,.T.);
#4452=ORIENTED_EDGE('',*,*,#3098,.T.);
#4453=ORIENTED_EDGE('',*,*,#3099,.T.);
#4454=ORIENTED_EDGE('',*,*,#3095,.F.);
#4455=ORIENTED_EDGE('',*,*,#3100,.T.);
#4456=ORIENTED_EDGE('',*,*,#3101,.T.);
#4457=ORIENTED_EDGE('',*,*,#3102,.T.);
#4458=ORIENTED_EDGE('',*,*,#3098,.F.);
#4459=ORIENTED_EDGE('',*,*,#3103,.T.);
#4460=ORIENTED_EDGE('',*,*,#3104,.T.);
#4461=ORIENTED_EDGE('',*,*,#3105,.T.);
#4462=ORIENTED_EDGE('',*,*,#3101,.F.);
#4463=ORIENTED_EDGE('',*,*,#3106,.T.);
#4464=ORIENTED_EDGE('',*,*,#3107,.T.);
#4465=ORIENTED_EDGE('',*,*,#3108,.T.);
#4466=ORIENTED_EDGE('',*,*,#3104,.F.);
#4467=ORIENTED_EDGE('',*,*,#3109,.T.);
#4468=ORIENTED_EDGE('',*,*,#3110,.T.);
#4469=ORIENTED_EDGE('',*,*,#3111,.T.);
#4470=ORIENTED_EDGE('',*,*,#3107,.F.);
#4471=ORIENTED_EDGE('',*,*,#3112,.T.);
#4472=ORIENTED_EDGE('',*,*,#3110,.F.);
#4473=ORIENTED_EDGE('',*,*,#3113,.T.);
#4474=ORIENTED_EDGE('',*,*,#3091,.F.);
#4475=ORIENTED_EDGE('',*,*,#3114,.T.);
#4476=ORIENTED_EDGE('',*,*,#3062,.F.);
#4477=ORIENTED_EDGE('',*,*,#3115,.F.);
#4478=ORIENTED_EDGE('',*,*,#3108,.F.);
#4479=ORIENTED_EDGE('',*,*,#3116,.F.);
#4480=ORIENTED_EDGE('',*,*,#3060,.F.);
#4481=ORIENTED_EDGE('',*,*,#3116,.T.);
#4482=ORIENTED_EDGE('',*,*,#3111,.F.);
#4483=ORIENTED_EDGE('',*,*,#3117,.T.);
#4484=ORIENTED_EDGE('',*,*,#3055,.F.);
#4485=ORIENTED_EDGE('',*,*,#3015,.F.);
#4486=ORIENTED_EDGE('',*,*,#3034,.T.);
#4487=ORIENTED_EDGE('',*,*,#3118,.F.);
#4488=ORIENTED_EDGE('',*,*,#3063,.T.);
#4489=ORIENTED_EDGE('',*,*,#3056,.F.);
#4490=ORIENTED_EDGE('',*,*,#3117,.F.);
#4491=ORIENTED_EDGE('',*,*,#3114,.F.);
#4492=ORIENTED_EDGE('',*,*,#3119,.F.);
#4493=ORIENTED_EDGE('',*,*,#3048,.F.);
#4494=ORIENTED_EDGE('',*,*,#3068,.F.);
#4495=ORIENTED_EDGE('',*,*,#3120,.F.);
#4496=ORIENTED_EDGE('',*,*,#3030,.T.);
#4497=ORIENTED_EDGE('',*,*,#3018,.F.);
#4498=ORIENTED_EDGE('',*,*,#3021,.F.);
#4499=ORIENTED_EDGE('',*,*,#3049,.F.);
#4500=ORIENTED_EDGE('',*,*,#3119,.T.);
#4501=ORIENTED_EDGE('',*,*,#3094,.F.);
#4502=ORIENTED_EDGE('',*,*,#3121,.T.);
#4503=ORIENTED_EDGE('',*,*,#3092,.F.);
#4504=ORIENTED_EDGE('',*,*,#3113,.F.);
#4505=ORIENTED_EDGE('',*,*,#3112,.F.);
#4506=ORIENTED_EDGE('',*,*,#3109,.F.);
#4507=ORIENTED_EDGE('',*,*,#3106,.F.);
#4508=ORIENTED_EDGE('',*,*,#3103,.F.);
#4509=ORIENTED_EDGE('',*,*,#3100,.F.);
#4510=ORIENTED_EDGE('',*,*,#3097,.F.);
#4511=ORIENTED_EDGE('',*,*,#3014,.F.);
#4512=ORIENTED_EDGE('',*,*,#3122,.F.);
#4513=ORIENTED_EDGE('',*,*,#3081,.F.);
#4514=ORIENTED_EDGE('',*,*,#3028,.F.);
#4515=ORIENTED_EDGE('',*,*,#3001,.F.);
#4516=ORIENTED_EDGE('',*,*,#3090,.T.);
#4517=ORIENTED_EDGE('',*,*,#3089,.F.);
#4518=ORIENTED_EDGE('',*,*,#3123,.T.);
#4519=ORIENTED_EDGE('',*,*,#2998,.F.);
#4520=ORIENTED_EDGE('',*,*,#3123,.F.);
#4521=ORIENTED_EDGE('',*,*,#3087,.F.);
#4522=ORIENTED_EDGE('',*,*,#3124,.F.);
#4523=ORIENTED_EDGE('',*,*,#2996,.F.);
#4524=ORIENTED_EDGE('',*,*,#3124,.T.);
#4525=ORIENTED_EDGE('',*,*,#3084,.F.);
#4526=ORIENTED_EDGE('',*,*,#3122,.T.);
#4527=ORIENTED_EDGE('',*,*,#3038,.F.);
#4528=ORIENTED_EDGE('',*,*,#3125,.T.);
#4529=ORIENTED_EDGE('',*,*,#3105,.F.);
#4530=ORIENTED_EDGE('',*,*,#3115,.T.);
#4531=ORIENTED_EDGE('',*,*,#3052,.F.);
#4532=ORIENTED_EDGE('',*,*,#3040,.F.);
#4533=ORIENTED_EDGE('',*,*,#3126,.F.);
#4534=ORIENTED_EDGE('',*,*,#3102,.F.);
#4535=ORIENTED_EDGE('',*,*,#3125,.F.);
#4536=ORIENTED_EDGE('',*,*,#3043,.F.);
#4537=ORIENTED_EDGE('',*,*,#3127,.T.);
#4538=ORIENTED_EDGE('',*,*,#3099,.F.);
#4539=ORIENTED_EDGE('',*,*,#3126,.T.);
#4540=ORIENTED_EDGE('',*,*,#3065,.T.);
#4541=ORIENTED_EDGE('',*,*,#3051,.F.);
#4542=ORIENTED_EDGE('',*,*,#3061,.F.);
#4543=ORIENTED_EDGE('',*,*,#3058,.F.);
#4544=ORIENTED_EDGE('',*,*,#3064,.T.);
#4545=ORIENTED_EDGE('',*,*,#3118,.T.);
#4546=ORIENTED_EDGE('',*,*,#3033,.T.);
#4547=ORIENTED_EDGE('',*,*,#3128,.T.);
#4548=ORIENTED_EDGE('',*,*,#3046,.F.);
#4549=ORIENTED_EDGE('',*,*,#3121,.F.);
#4550=ORIENTED_EDGE('',*,*,#3096,.F.);
#4551=ORIENTED_EDGE('',*,*,#3127,.F.);
#4552=ORIENTED_EDGE('',*,*,#3129,.T.);
#4553=ORIENTED_EDGE('',*,*,#3031,.T.);
#4554=ORIENTED_EDGE('',*,*,#3120,.T.);
#4555=ORIENTED_EDGE('',*,*,#3067,.T.);
#4556=ORIENTED_EDGE('',*,*,#3066,.T.);
#4557=ORIENTED_EDGE('',*,*,#3128,.F.);
#4558=ORIENTED_EDGE('',*,*,#3032,.T.);
#4559=ORIENTED_EDGE('',*,*,#3129,.F.);
#4560=CYLINDRICAL_SURFACE('',#5003,1.988);
#4561=CYLINDRICAL_SURFACE('',#5009,1.988);
#4562=CYLINDRICAL_SURFACE('',#5014,1.988);
#4563=CYLINDRICAL_SURFACE('',#5019,1.988);
#4564=CYLINDRICAL_SURFACE('',#5023,1.99999999999999);
#4565=CYLINDRICAL_SURFACE('',#5026,2.);
#4566=CYLINDRICAL_SURFACE('',#5031,1.99999999999999);
#4567=CYLINDRICAL_SURFACE('',#5034,2.00000000000003);
#4568=CYLINDRICAL_SURFACE('',#5036,0.5);
#4569=CYLINDRICAL_SURFACE('',#5042,0.5);
#4570=CYLINDRICAL_SURFACE('',#5047,0.5);
#4571=CYLINDRICAL_SURFACE('',#5052,0.5);
#4572=CYLINDRICAL_SURFACE('',#5061,0.5);
#4573=CYLINDRICAL_SURFACE('',#5067,0.5);
#4574=CYLINDRICAL_SURFACE('',#5072,0.5);
#4575=CYLINDRICAL_SURFACE('',#5077,0.5);
#4576=CYLINDRICAL_SURFACE('',#5081,0.399999999999956);
#4577=CYLINDRICAL_SURFACE('',#5084,0.399999999999956);
#4578=CYLINDRICAL_SURFACE('',#5097,0.5);
#4579=CYLINDRICAL_SURFACE('',#5098,0.5);
#4580=CYLINDRICAL_SURFACE('',#5099,0.5);
#4581=CYLINDRICAL_SURFACE('',#5100,0.5);
#4582=CYLINDRICAL_SURFACE('',#5103,0.4);
#4583=CYLINDRICAL_SURFACE('',#5105,0.399999999999956);
#4584=CYLINDRICAL_SURFACE('',#5140,0.05);
#4585=CYLINDRICAL_SURFACE('',#5147,0.05);
#4586=CYLINDRICAL_SURFACE('',#5149,0.05);
#4587=CYLINDRICAL_SURFACE('',#5153,0.05);
#4588=CYLINDRICAL_SURFACE('',#5164,0.2);
#4589=CYLINDRICAL_SURFACE('',#5168,0.1);
#4590=CYLINDRICAL_SURFACE('',#5173,0.2);
#4591=CYLINDRICAL_SURFACE('',#5182,0.1);
#4592=CYLINDRICAL_SURFACE('',#5184,0.2);
#4593=CYLINDRICAL_SURFACE('',#5186,0.2);
#4594=CYLINDRICAL_SURFACE('',#5190,0.1);
#4595=CYLINDRICAL_SURFACE('',#5191,0.2);
#4596=CYLINDRICAL_SURFACE('',#5193,0.2);
#4597=CYLINDRICAL_SURFACE('',#5202,0.2);
#4598=CYLINDRICAL_SURFACE('',#5203,0.1);
#4599=CYLINDRICAL_SURFACE('',#5210,0.2);
#4600=CYLINDRICAL_SURFACE('',#5211,0.1);
#4601=CYLINDRICAL_SURFACE('',#5216,0.2);
#4602=CYLINDRICAL_SURFACE('',#5217,0.1);
#4603=CYLINDRICAL_SURFACE('',#5222,0.2);
#4604=CYLINDRICAL_SURFACE('',#5224,0.1);
#4605=CYLINDRICAL_SURFACE('',#5230,0.2);
#4606=CYLINDRICAL_SURFACE('',#5231,0.1);
#4607=CYLINDRICAL_SURFACE('',#5233,0.1);
#4608=CYLINDRICAL_SURFACE('',#5235,0.2);
#4609=CYLINDRICAL_SURFACE('',#5240,0.1);
#4610=CYLINDRICAL_SURFACE('',#5247,0.2);
#4611=CYLINDRICAL_SURFACE('',#5254,0.2);
#4612=CYLINDRICAL_SURFACE('',#5255,0.1);
#4613=CYLINDRICAL_SURFACE('',#5256,0.1);
#4614=CYLINDRICAL_SURFACE('',#5258,0.2);
#4615=CYLINDRICAL_SURFACE('',#5261,0.1);
#4616=CYLINDRICAL_SURFACE('',#5267,0.2);
#4617=CYLINDRICAL_SURFACE('',#5268,0.1);
#4618=CYLINDRICAL_SURFACE('',#5274,0.2);
#4619=CYLINDRICAL_SURFACE('',#5280,0.1);
#4620=CYLINDRICAL_SURFACE('',#5282,0.2);
#4621=CYLINDRICAL_SURFACE('',#5285,0.1);
#4622=CYLINDRICAL_SURFACE('',#5288,0.2);
#4623=CYLINDRICAL_SURFACE('',#5290,0.1);
#4624=CYLINDRICAL_SURFACE('',#5291,0.1);
#4625=CYLINDRICAL_SURFACE('',#5292,0.1);
#4626=CYLINDRICAL_SURFACE('',#5297,0.5);
#4627=CYLINDRICAL_SURFACE('',#5298,0.25);
#4628=CYLINDRICAL_SURFACE('',#5303,0.5);
#4629=CYLINDRICAL_SURFACE('',#5304,0.25);
#4630=CYLINDRICAL_SURFACE('',#5309,0.5);
#4631=CYLINDRICAL_SURFACE('',#5310,0.25);
#4632=CYLINDRICAL_SURFACE('',#5316,0.5);
#4633=CYLINDRICAL_SURFACE('',#5318,0.25);
#4634=CYLINDRICAL_SURFACE('',#5320,0.25);
#4635=CYLINDRICAL_SURFACE('',#5331,2.874);
#4636=CYLINDRICAL_SURFACE('',#5335,2.874);
#4637=CYLINDRICAL_SURFACE('',#5339,2.874);
#4638=CYLINDRICAL_SURFACE('',#5343,2.874);
#4639=CYLINDRICAL_SURFACE('',#5354,0.25);
#4640=CYLINDRICAL_SURFACE('',#5357,0.25);
#4641=CYLINDRICAL_SURFACE('',#5359,0.25);
#4642=CYLINDRICAL_SURFACE('',#5361,0.25);
#4643=CYLINDRICAL_SURFACE('',#5371,0.5);
#4644=CYLINDRICAL_SURFACE('',#5373,0.25);
#4645=CYLINDRICAL_SURFACE('',#5384,0.5);
#4646=CYLINDRICAL_SURFACE('',#5385,0.25);
#4647=CYLINDRICAL_SURFACE('',#5390,0.25);
#4648=CYLINDRICAL_SURFACE('',#5393,0.5);
#4649=CYLINDRICAL_SURFACE('',#5397,0.5);
#4650=CYLINDRICAL_SURFACE('',#5398,0.25);
#4651=CYLINDRICAL_SURFACE('',#5401,0.25);
#4652=CYLINDRICAL_SURFACE('',#5404,0.25);
#4653=CYLINDRICAL_SURFACE('',#5406,0.25);
#4654=CYLINDRICAL_SURFACE('',#5408,0.25);
#4655=CYLINDRICAL_SURFACE('',#5426,0.8);
#4656=CYLINDRICAL_SURFACE('',#5432,0.8);
#4657=CYLINDRICAL_SURFACE('',#5443,0.8);
#4658=CYLINDRICAL_SURFACE('',#5450,0.8);
#4659=CYLINDRICAL_SURFACE('',#5451,2.233);
#4660=CYLINDRICAL_SURFACE('',#5454,2.233);
#4661=CYLINDRICAL_SURFACE('',#5462,0.8);
#4662=CYLINDRICAL_SURFACE('',#5468,0.8);
#4663=CYLINDRICAL_SURFACE('',#5483,0.8);
#4664=CYLINDRICAL_SURFACE('',#5486,1.);
#4665=CYLINDRICAL_SURFACE('',#5492,1.);
#4666=CYLINDRICAL_SURFACE('',#5497,1.);
#4667=CYLINDRICAL_SURFACE('',#5503,1.);
#4668=CYLINDRICAL_SURFACE('',#5515,1.);
#4669=CYLINDRICAL_SURFACE('',#5521,1.);
#4670=CYLINDRICAL_SURFACE('',#5527,1.);
#4671=CYLINDRICAL_SURFACE('',#5533,1.);
#4672=CYLINDRICAL_SURFACE('',#5535,2.233);
#4673=CYLINDRICAL_SURFACE('',#5537,2.233);
#4674=CYLINDRICAL_SURFACE('',#5540,2.233);
#4675=CYLINDRICAL_SURFACE('',#5542,2.233);
#4676=CYLINDRICAL_SURFACE('',#5543,2.233);
#4677=CYLINDRICAL_SURFACE('',#5545,2.233);
#4678=ADVANCED_FACE('',(#278),#4560,.T.);
#4679=ADVANCED_FACE('',(#279),#257,.F.);
#4680=ADVANCED_FACE('',(#280),#4561,.T.);
#4681=ADVANCED_FACE('',(#281),#258,.F.);
#4682=ADVANCED_FACE('',(#282),#4562,.T.);
#4683=ADVANCED_FACE('',(#283),#259,.F.);
#4684=ADVANCED_FACE('',(#284),#4563,.T.);
#4685=ADVANCED_FACE('',(#285),#260,.F.);
#4686=ADVANCED_FACE('',(#286),#4564,.T.);
#4687=ADVANCED_FACE('',(#287),#136,.T.);
#4688=ADVANCED_FACE('',(#288),#4565,.T.);
#4689=ADVANCED_FACE('',(#289),#137,.T.);
#4690=ADVANCED_FACE('',(#290),#138,.F.);
#4691=ADVANCED_FACE('',(#291),#139,.T.);
#4692=ADVANCED_FACE('',(#292),#4566,.T.);
#4693=ADVANCED_FACE('',(#293),#140,.T.);
#4694=ADVANCED_FACE('',(#294),#4567,.T.);
#4695=ADVANCED_FACE('',(#295),#4568,.T.);
#4696=ADVANCED_FACE('',(#296),#108,.T.);
#4697=ADVANCED_FACE('',(#297),#4569,.T.);
#4698=ADVANCED_FACE('',(#298),#109,.T.);
#4699=ADVANCED_FACE('',(#299),#4570,.T.);
#4700=ADVANCED_FACE('',(#300),#110,.T.);
#4701=ADVANCED_FACE('',(#301),#4571,.T.);
#4702=ADVANCED_FACE('',(#302),#111,.T.);
#4703=ADVANCED_FACE('',(#303,#101),#141,.F.);
#4704=ADVANCED_FACE('',(#304),#4572,.T.);
#4705=ADVANCED_FACE('',(#305),#112,.T.);
#4706=ADVANCED_FACE('',(#306),#4573,.T.);
#4707=ADVANCED_FACE('',(#307),#113,.T.);
#4708=ADVANCED_FACE('',(#308),#4574,.T.);
#4709=ADVANCED_FACE('',(#309),#114,.T.);
#4710=ADVANCED_FACE('',(#310),#4575,.T.);
#4711=ADVANCED_FACE('',(#311),#115,.T.);
#4712=ADVANCED_FACE('',(#312),#4576,.F.);
#4713=ADVANCED_FACE('',(#313),#142,.T.);
#4714=ADVANCED_FACE('',(#314),#4577,.F.);
#4715=ADVANCED_FACE('',(#315),#143,.T.);
#4716=ADVANCED_FACE('',(#316),#85,.T.);
#4717=ADVANCED_FACE('',(#317),#86,.T.);
#4718=ADVANCED_FACE('',(#318),#87,.T.);
#4719=ADVANCED_FACE('',(#319),#88,.T.);
#4720=ADVANCED_FACE('',(#320),#4578,.F.);
#4721=ADVANCED_FACE('',(#321),#4579,.F.);
#4722=ADVANCED_FACE('',(#322),#4580,.F.);
#4723=ADVANCED_FACE('',(#323),#4581,.F.);
#4724=ADVANCED_FACE('',(#324),#144,.F.);
#4725=ADVANCED_FACE('',(#325),#145,.T.);
#4726=ADVANCED_FACE('',(#326),#4582,.F.);
#4727=ADVANCED_FACE('',(#327),#146,.T.);
#4728=ADVANCED_FACE('',(#328),#4583,.F.);
#4729=ADVANCED_FACE('',(#329),#147,.F.);
#4730=ADVANCED_FACE('',(#330),#148,.F.);
#4731=ADVANCED_FACE('',(#331),#149,.F.);
#4732=ADVANCED_FACE('',(#332),#150,.T.);
#4733=ADVANCED_FACE('',(#333),#151,.T.);
#4734=ADVANCED_FACE('',(#334),#152,.T.);
#4735=ADVANCED_FACE('',(#335),#153,.F.);
#4736=ADVANCED_FACE('',(#336),#154,.T.);
#4737=ADVANCED_FACE('',(#337),#155,.T.);
#4738=ADVANCED_FACE('',(#338),#156,.T.);
#4739=ADVANCED_FACE('',(#339),#157,.T.);
#4740=ADVANCED_FACE('',(#340),#158,.F.);
#4741=ADVANCED_FACE('',(#341),#159,.F.);
#4742=ADVANCED_FACE('',(#342),#160,.T.);
#4743=ADVANCED_FACE('',(#343),#161,.T.);
#4744=ADVANCED_FACE('',(#344),#162,.T.);
#4745=ADVANCED_FACE('',(#345),#163,.T.);
#4746=ADVANCED_FACE('',(#346),#164,.F.);
#4747=ADVANCED_FACE('',(#347),#165,.F.);
#4748=ADVANCED_FACE('',(#348),#166,.F.);
#4749=ADVANCED_FACE('',(#349),#167,.F.);
#4750=ADVANCED_FACE('',(#350),#168,.T.);
#4751=ADVANCED_FACE('',(#351),#4584,.F.);
#4752=ADVANCED_FACE('',(#352),#89,.T.);
#4753=ADVANCED_FACE('',(#353),#261,.T.);
#4754=ADVANCED_FACE('',(#354),#4585,.F.);
#4755=ADVANCED_FACE('',(#355),#4586,.F.);
#4756=ADVANCED_FACE('',(#356),#262,.T.);
#4757=ADVANCED_FACE('',(#357),#4587,.F.);
#4758=ADVANCED_FACE('',(#358),#169,.T.);
#4759=ADVANCED_FACE('',(#359),#170,.T.);
#4760=ADVANCED_FACE('',(#360),#171,.T.);
#4761=ADVANCED_FACE('',(#361),#90,.F.);
#4762=ADVANCED_FACE('',(#362),#172,.T.);
#4763=ADVANCED_FACE('',(#363),#4588,.T.);
#4764=ADVANCED_FACE('',(#364),#91,.F.);
#4765=ADVANCED_FACE('',(#365),#4589,.F.);
#4766=ADVANCED_FACE('',(#366),#173,.T.);
#4767=ADVANCED_FACE('',(#367),#92,.F.);
#4768=ADVANCED_FACE('',(#368),#4590,.T.);
#4769=ADVANCED_FACE('',(#369),#174,.T.);
#4770=ADVANCED_FACE('',(#370),#175,.T.);
#4771=ADVANCED_FACE('',(#371),#4591,.F.);
#4772=ADVANCED_FACE('',(#372),#4592,.T.);
#4773=ADVANCED_FACE('',(#373),#176,.T.);
#4774=ADVANCED_FACE('',(#374),#4593,.T.);
#4775=ADVANCED_FACE('',(#375),#93,.F.);
#4776=ADVANCED_FACE('',(#376),#4594,.F.);
#4777=ADVANCED_FACE('',(#377),#4595,.T.);
#4778=ADVANCED_FACE('',(#378),#177,.T.);
#4779=ADVANCED_FACE('',(#379),#4596,.T.);
#4780=ADVANCED_FACE('',(#380),#94,.F.);
#4781=ADVANCED_FACE('',(#381),#178,.T.);
#4782=ADVANCED_FACE('',(#382),#263,.T.);
#4783=ADVANCED_FACE('',(#383),#4597,.F.);
#4784=ADVANCED_FACE('',(#384),#4598,.F.);
#4785=ADVANCED_FACE('',(#385),#179,.T.);
#4786=ADVANCED_FACE('',(#386),#264,.T.);
#4787=ADVANCED_FACE('',(#387),#4599,.F.);
#4788=ADVANCED_FACE('',(#388),#4600,.F.);
#4789=ADVANCED_FACE('',(#389),#265,.T.);
#4790=ADVANCED_FACE('',(#390),#4601,.F.);
#4791=ADVANCED_FACE('',(#391),#4602,.F.);
#4792=ADVANCED_FACE('',(#392),#180,.T.);
#4793=ADVANCED_FACE('',(#393),#266,.T.);
#4794=ADVANCED_FACE('',(#394),#4603,.F.);
#4795=ADVANCED_FACE('',(#395),#181,.T.);
#4796=ADVANCED_FACE('',(#396),#4604,.F.);
#4797=ADVANCED_FACE('',(#397),#182,.T.);
#4798=ADVANCED_FACE('',(#398),#267,.T.);
#4799=ADVANCED_FACE('',(#399),#4605,.F.);
#4800=ADVANCED_FACE('',(#400),#4606,.F.);
#4801=ADVANCED_FACE('',(#401),#4607,.F.);
#4802=ADVANCED_FACE('',(#402),#183,.T.);
#4803=ADVANCED_FACE('',(#403),#4608,.T.);
#4804=ADVANCED_FACE('',(#404),#95,.F.);
#4805=ADVANCED_FACE('',(#405),#4609,.F.);
#4806=ADVANCED_FACE('',(#406),#184,.T.);
#4807=ADVANCED_FACE('',(#407),#185,.T.);
#4808=ADVANCED_FACE('',(#408),#4610,.T.);
#4809=ADVANCED_FACE('',(#409),#96,.F.);
#4810=ADVANCED_FACE('',(#410),#186,.T.);
#4811=ADVANCED_FACE('',(#411),#97,.F.);
#4812=ADVANCED_FACE('',(#412),#4611,.T.);
#4813=ADVANCED_FACE('',(#413),#4612,.F.);
#4814=ADVANCED_FACE('',(#414),#4613,.F.);
#4815=ADVANCED_FACE('',(#415),#4614,.T.);
#4816=ADVANCED_FACE('',(#416),#98,.F.);
#4817=ADVANCED_FACE('',(#417),#4615,.F.);
#4818=ADVANCED_FACE('',(#418),#187,.T.);
#4819=ADVANCED_FACE('',(#419),#268,.T.);
#4820=ADVANCED_FACE('',(#420),#4616,.F.);
#4821=ADVANCED_FACE('',(#421),#4617,.F.);
#4822=ADVANCED_FACE('',(#422),#188,.T.);
#4823=ADVANCED_FACE('',(#423),#269,.T.);
#4824=ADVANCED_FACE('',(#424),#4618,.F.);
#4825=ADVANCED_FACE('',(#425,#102,#103),#189,.T.);
#4826=ADVANCED_FACE('',(#426),#4619,.F.);
#4827=ADVANCED_FACE('',(#427),#190,.T.);
#4828=ADVANCED_FACE('',(#428),#4620,.T.);
#4829=ADVANCED_FACE('',(#429),#99,.F.);
#4830=ADVANCED_FACE('',(#430),#4621,.F.);
#4831=ADVANCED_FACE('',(#431),#191,.T.);
#4832=ADVANCED_FACE('',(#432),#4622,.T.);
#4833=ADVANCED_FACE('',(#433),#100,.F.);
#4834=ADVANCED_FACE('',(#434),#4623,.F.);
#4835=ADVANCED_FACE('',(#435),#4624,.F.);
#4836=ADVANCED_FACE('',(#436),#4625,.F.);
#4837=ADVANCED_FACE('',(#437),#192,.T.);
#4838=ADVANCED_FACE('',(#438),#270,.F.);
#4839=ADVANCED_FACE('',(#439),#4626,.T.);
#4840=ADVANCED_FACE('',(#440),#4627,.T.);
#4841=ADVANCED_FACE('',(#441),#193,.T.);
#4842=ADVANCED_FACE('',(#442),#271,.F.);
#4843=ADVANCED_FACE('',(#443),#4628,.T.);
#4844=ADVANCED_FACE('',(#444),#4629,.T.);
#4845=ADVANCED_FACE('',(#445),#194,.T.);
#4846=ADVANCED_FACE('',(#446),#272,.F.);
#4847=ADVANCED_FACE('',(#447),#4630,.T.);
#4848=ADVANCED_FACE('',(#448),#4631,.T.);
#4849=ADVANCED_FACE('',(#449),#195,.T.);
#4850=ADVANCED_FACE('',(#450),#273,.F.);
#4851=ADVANCED_FACE('',(#451),#4632,.T.);
#4852=ADVANCED_FACE('',(#452),#196,.T.);
#4853=ADVANCED_FACE('',(#453),#4633,.T.);
#4854=ADVANCED_FACE('',(#454),#4634,.T.);
#4855=ADVANCED_FACE('',(#455),#197,.T.);
#4856=ADVANCED_FACE('',(#456),#198,.T.);
#4857=ADVANCED_FACE('',(#457),#199,.T.);
#4858=ADVANCED_FACE('',(#458),#200,.T.);
#4859=ADVANCED_FACE('',(#459),#201,.T.);
#4860=ADVANCED_FACE('',(#460),#202,.T.);
#4861=ADVANCED_FACE('',(#461),#203,.T.);
#4862=ADVANCED_FACE('',(#462),#204,.T.);
#4863=ADVANCED_FACE('',(#463),#205,.T.);
#4864=ADVANCED_FACE('',(#464),#206,.T.);
#4865=ADVANCED_FACE('',(#465),#4635,.F.);
#4866=ADVANCED_FACE('',(#466),#207,.F.);
#4867=ADVANCED_FACE('',(#467),#4636,.F.);
#4868=ADVANCED_FACE('',(#468),#208,.F.);
#4869=ADVANCED_FACE('',(#469),#4637,.F.);
#4870=ADVANCED_FACE('',(#470),#209,.F.);
#4871=ADVANCED_FACE('',(#471),#4638,.F.);
#4872=ADVANCED_FACE('',(#472),#210,.F.);
#4873=ADVANCED_FACE('',(#473),#211,.T.);
#4874=ADVANCED_FACE('',(#474,#104,#105),#212,.F.);
#4875=ADVANCED_FACE('',(#475),#213,.T.);
#4876=ADVANCED_FACE('',(#476),#214,.T.);
#4877=ADVANCED_FACE('',(#477),#215,.T.);
#4878=ADVANCED_FACE('',(#478),#216,.T.);
#4879=ADVANCED_FACE('',(#479),#217,.T.);
#4880=ADVANCED_FACE('',(#480),#4639,.T.);
#4881=ADVANCED_FACE('',(#481),#4640,.T.);
#4882=ADVANCED_FACE('',(#482),#4641,.T.);
#4883=ADVANCED_FACE('',(#483),#4642,.T.);
#4884=ADVANCED_FACE('',(#484),#218,.T.);
#4885=ADVANCED_FACE('',(#485),#219,.T.);
#4886=ADVANCED_FACE('',(#486,#106,#107),#220,.T.);
#4887=ADVANCED_FACE('',(#487),#221,.T.);
#4888=ADVANCED_FACE('',(#488),#222,.T.);
#4889=ADVANCED_FACE('',(#489),#274,.F.);
#4890=ADVANCED_FACE('',(#490),#4643,.T.);
#4891=ADVANCED_FACE('',(#491),#4644,.T.);
#4892=ADVANCED_FACE('',(#492),#223,.T.);
#4893=ADVANCED_FACE('',(#493),#224,.F.);
#4894=ADVANCED_FACE('',(#494),#275,.F.);
#4895=ADVANCED_FACE('',(#495),#4645,.T.);
#4896=ADVANCED_FACE('',(#496),#4646,.T.);
#4897=ADVANCED_FACE('',(#497),#225,.T.);
#4898=ADVANCED_FACE('',(#498),#4647,.T.);
#4899=ADVANCED_FACE('',(#499),#276,.F.);
#4900=ADVANCED_FACE('',(#500),#4648,.T.);
#4901=ADVANCED_FACE('',(#501),#226,.T.);
#4902=ADVANCED_FACE('',(#502),#277,.F.);
#4903=ADVANCED_FACE('',(#503),#4649,.T.);
#4904=ADVANCED_FACE('',(#504),#4650,.T.);
#4905=ADVANCED_FACE('',(#505),#227,.T.);
#4906=ADVANCED_FACE('',(#506),#228,.T.);
#4907=ADVANCED_FACE('',(#507),#4651,.T.);
#4908=ADVANCED_FACE('',(#508),#4652,.T.);
#4909=ADVANCED_FACE('',(#509),#4653,.T.);
#4910=ADVANCED_FACE('',(#510),#4654,.T.);
#4911=ADVANCED_FACE('',(#511),#229,.T.);
#4912=ADVANCED_FACE('',(#512),#230,.T.);
#4913=ADVANCED_FACE('',(#513),#231,.T.);
#4914=ADVANCED_FACE('',(#514),#232,.T.);
#4915=ADVANCED_FACE('',(#515),#233,.T.);
#4916=ADVANCED_FACE('',(#516),#234,.F.);
#4917=ADVANCED_FACE('',(#517),#235,.T.);
#4918=ADVANCED_FACE('',(#518),#236,.T.);
#4919=ADVANCED_FACE('',(#519),#237,.T.);
#4920=ADVANCED_FACE('',(#520),#238,.T.);
#4921=ADVANCED_FACE('',(#521),#239,.T.);
#4922=ADVANCED_FACE('',(#522),#240,.F.);
#4923=ADVANCED_FACE('',(#523),#116,.T.);
#4924=ADVANCED_FACE('',(#524),#4655,.T.);
#4925=ADVANCED_FACE('',(#525),#117,.T.);
#4926=ADVANCED_FACE('',(#526),#4656,.T.);
#4927=ADVANCED_FACE('',(#527),#118,.T.);
#4928=ADVANCED_FACE('',(#528),#119,.T.);
#4929=ADVANCED_FACE('',(#529),#4657,.T.);
#4930=ADVANCED_FACE('',(#530),#120,.T.);
#4931=ADVANCED_FACE('',(#531),#121,.T.);
#4932=ADVANCED_FACE('',(#532),#4658,.T.);
#4933=ADVANCED_FACE('',(#533),#4659,.F.);
#4934=ADVANCED_FACE('',(#534),#241,.F.);
#4935=ADVANCED_FACE('',(#535),#4660,.F.);
#4936=ADVANCED_FACE('',(#536),#242,.T.);
#4937=ADVANCED_FACE('',(#537),#122,.F.);
#4938=ADVANCED_FACE('',(#538),#4661,.F.);
#4939=ADVANCED_FACE('',(#539),#123,.F.);
#4940=ADVANCED_FACE('',(#540),#4662,.F.);
#4941=ADVANCED_FACE('',(#541),#124,.F.);
#4942=ADVANCED_FACE('',(#542),#125,.F.);
#4943=ADVANCED_FACE('',(#543),#126,.F.);
#4944=ADVANCED_FACE('',(#544),#127,.F.);
#4945=ADVANCED_FACE('',(#545),#4663,.F.);
#4946=ADVANCED_FACE('',(#546),#243,.T.);
#4947=ADVANCED_FACE('',(#547),#244,.T.);
#4948=ADVANCED_FACE('',(#548),#4664,.F.);
#4949=ADVANCED_FACE('',(#549),#128,.F.);
#4950=ADVANCED_FACE('',(#550),#4665,.F.);
#4951=ADVANCED_FACE('',(#551),#129,.F.);
#4952=ADVANCED_FACE('',(#552),#4666,.F.);
#4953=ADVANCED_FACE('',(#553),#130,.F.);
#4954=ADVANCED_FACE('',(#554),#4667,.F.);
#4955=ADVANCED_FACE('',(#555),#131,.F.);
#4956=ADVANCED_FACE('',(#556),#245,.F.);
#4957=ADVANCED_FACE('',(#557),#246,.F.);
#4958=ADVANCED_FACE('',(#558),#132,.T.);
#4959=ADVANCED_FACE('',(#559),#4668,.T.);
#4960=ADVANCED_FACE('',(#560),#133,.T.);
#4961=ADVANCED_FACE('',(#561),#4669,.T.);
#4962=ADVANCED_FACE('',(#562),#134,.T.);
#4963=ADVANCED_FACE('',(#563),#4670,.T.);
#4964=ADVANCED_FACE('',(#564),#135,.T.);
#4965=ADVANCED_FACE('',(#565),#4671,.T.);
#4966=ADVANCED_FACE('',(#566),#247,.T.);
#4967=ADVANCED_FACE('',(#567),#4672,.T.);
#4968=ADVANCED_FACE('',(#568),#248,.T.);
#4969=ADVANCED_FACE('',(#569),#4673,.T.);
#4970=ADVANCED_FACE('',(#570),#249,.T.);
#4971=ADVANCED_FACE('',(#571),#250,.F.);
#4972=ADVANCED_FACE('',(#572),#4674,.F.);
#4973=ADVANCED_FACE('',(#573),#251,.F.);
#4974=ADVANCED_FACE('',(#574),#4675,.F.);
#4975=ADVANCED_FACE('',(#575),#4676,.T.);
#4976=ADVANCED_FACE('',(#576),#252,.T.);
#4977=ADVANCED_FACE('',(#577),#4677,.T.);
#4978=ADVANCED_FACE('',(#578),#253,.T.);
#4979=ADVANCED_FACE('',(#579),#254,.T.);
#4980=ADVANCED_FACE('',(#580),#255,.T.);
#4981=ADVANCED_FACE('',(#581),#256,.T.);
#4982=CLOSED_SHELL('',(#4678,#4679,#4680,#4681,#4682,#4683,#4684,#4685,
#4686,#4687,#4688,#4689,#4690,#4691,#4692,#4693,#4694,#4695,#4696,#4697,
#4698,#4699,#4700,#4701,#4702,#4703,#4704,#4705,#4706,#4707,#4708,#4709,
#4710,#4711,#4712,#4713,#4714,#4715,#4716,#4717,#4718,#4719,#4720,#4721,
#4722,#4723,#4724,#4725,#4726,#4727,#4728));
#4983=CLOSED_SHELL('',(#4729,#4730,#4731,#4732,#4733,#4734,#4735,#4736,
#4737,#4738,#4739,#4740,#4741,#4742,#4743,#4744,#4745,#4746,#4747,#4748,
#4749,#4750,#4751,#4752,#4753,#4754,#4755,#4756,#4757,#4758,#4759,#4760,
#4761,#4762,#4763,#4764,#4765,#4766,#4767,#4768,#4769,#4770,#4771,#4772,
#4773,#4774,#4775,#4776,#4777,#4778,#4779,#4780,#4781,#4782,#4783,#4784,
#4785,#4786,#4787,#4788,#4789,#4790,#4791,#4792,#4793,#4794,#4795,#4796,
#4797,#4798,#4799,#4800,#4801,#4802,#4803,#4804,#4805,#4806,#4807,#4808,
#4809,#4810,#4811,#4812,#4813,#4814,#4815,#4816,#4817,#4818,#4819,#4820,
#4821,#4822,#4823,#4824,#4825,#4826,#4827,#4828,#4829,#4830,#4831,#4832,
#4833,#4834,#4835,#4836,#4837,#4838,#4839,#4840,#4841,#4842,#4843,#4844,
#4845,#4846,#4847,#4848,#4849,#4850,#4851,#4852,#4853,#4854,#4855,#4856,
#4857,#4858,#4859,#4860,#4861,#4862,#4863,#4864));
#4984=CLOSED_SHELL('',(#4865,#4866,#4867,#4868,#4869,#4870,#4871,#4872,
#4873,#4874,#4875,#4876,#4877,#4878,#4879,#4880,#4881,#4882,#4883,#4884,
#4885,#4886,#4887,#4888));
#4985=CLOSED_SHELL('',(#4889,#4890,#4891,#4892,#4893,#4894,#4895,#4896,
#4897,#4898,#4899,#4900,#4901,#4902,#4903,#4904,#4905,#4906));
#4986=CLOSED_SHELL('',(#4907,#4908,#4909,#4910,#4911,#4912,#4913,#4914,
#4915,#4916));
#4987=CLOSED_SHELL('',(#4917,#4918,#4919,#4920,#4921,#4922));
#4988=CLOSED_SHELL('',(#4923,#4924,#4925,#4926,#4927,#4928,#4929,#4930,
#4931,#4932,#4933,#4934,#4935,#4936,#4937,#4938,#4939,#4940,#4941,#4942,
#4943,#4944,#4945,#4946,#4947,#4948,#4949,#4950,#4951,#4952,#4953,#4954,
#4955,#4956,#4957,#4958,#4959,#4960,#4961,#4962,#4963,#4964,#4965,#4966,
#4967,#4968,#4969,#4970,#4971,#4972,#4973,#4974,#4975,#4976,#4977,#4978,
#4979,#4980,#4981));
#4989=DERIVED_UNIT_ELEMENT(#4991,1.);
#4990=DERIVED_UNIT_ELEMENT(#9124,-3.);
#4991=(
MASS_UNIT()
NAMED_UNIT(*)
SI_UNIT(.KILO.,.GRAM.)
);
#4992=DERIVED_UNIT((#4989,#4990));
#4993=MEASURE_REPRESENTATION_ITEM('density measure',
POSITIVE_RATIO_MEASURE(7850.),#4992);
#4994=PROPERTY_DEFINITION_REPRESENTATION(#4999,#4996);
#4995=PROPERTY_DEFINITION_REPRESENTATION(#5000,#4997);
#4996=REPRESENTATION('material name',(#4998),#9121);
#4997=REPRESENTATION('density',(#4993),#9121);
#4998=DESCRIPTIVE_REPRESENTATION_ITEM('Steel','Steel');
#4999=PROPERTY_DEFINITION('material property','material name',#9137);
#5000=PROPERTY_DEFINITION('material property','density of part',#9137);
#5001=AXIS2_PLACEMENT_3D('',#7081,#5552,#5553);
#5002=AXIS2_PLACEMENT_3D('',#7082,#5554,#5555);
#5003=AXIS2_PLACEMENT_3D('',#7083,#5556,#5557);
#5004=AXIS2_PLACEMENT_3D('',#7086,#5558,#5559);
#5005=AXIS2_PLACEMENT_3D('',#7090,#5561,#5562);
#5006=AXIS2_PLACEMENT_3D('',#7103,#5564,#5565);
#5007=AXIS2_PLACEMENT_3D('',#7104,#5566,#5567);
#5008=AXIS2_PLACEMENT_3D('',#7105,#5568,#5569);
#5009=AXIS2_PLACEMENT_3D('',#7106,#5570,#5571);
#5010=AXIS2_PLACEMENT_3D('',#7109,#5572,#5573);
#5011=AXIS2_PLACEMENT_3D('',#7123,#5576,#5577);
#5012=AXIS2_PLACEMENT_3D('',#7124,#5578,#5579);
#5013=AXIS2_PLACEMENT_3D('',#7125,#5580,#5581);
#5014=AXIS2_PLACEMENT_3D('',#7126,#5582,#5583);
#5015=AXIS2_PLACEMENT_3D('',#7129,#5584,#5585);
#5016=AXIS2_PLACEMENT_3D('',#7143,#5588,#5589);
#5017=AXIS2_PLACEMENT_3D('',#7144,#5590,#5591);
#5018=AXIS2_PLACEMENT_3D('',#7145,#5592,#5593);
#5019=AXIS2_PLACEMENT_3D('',#7146,#5594,#5595);
#5020=AXIS2_PLACEMENT_3D('',#7149,#5596,#5597);
#5021=AXIS2_PLACEMENT_3D('',#7161,#5600,#5601);
#5022=AXIS2_PLACEMENT_3D('',#7162,#5602,#5603);
#5023=AXIS2_PLACEMENT_3D('',#7163,#5604,#5605);
#5024=AXIS2_PLACEMENT_3D('',#7167,#5607,#5608);
#5025=AXIS2_PLACEMENT_3D('',#7169,#5610,#5611);
#5026=AXIS2_PLACEMENT_3D('',#7173,#5614,#5615);
#5027=AXIS2_PLACEMENT_3D('',#7176,#5617,#5618);
#5028=AXIS2_PLACEMENT_3D('',#7177,#5619,#5620);
#5029=AXIS2_PLACEMENT_3D('',#7181,#5623,#5624);
#5030=AXIS2_PLACEMENT_3D('',#7182,#5625,#5626);
#5031=AXIS2_PLACEMENT_3D('',#7188,#5630,#5631);
#5032=AXIS2_PLACEMENT_3D('',#7191,#5633,#5634);
#5033=AXIS2_PLACEMENT_3D('',#7192,#5635,#5636);
#5034=AXIS2_PLACEMENT_3D('',#7194,#5638,#5639);
#5035=AXIS2_PLACEMENT_3D('',#7195,#5640,#5641);
#5036=AXIS2_PLACEMENT_3D('',#7196,#5642,#5643);
#5037=AXIS2_PLACEMENT_3D('',#7198,#5644,#5645);
#5038=AXIS2_PLACEMENT_3D('',#7200,#5646,#5647);
#5039=AXIS2_PLACEMENT_3D('',#7202,#5649,#5650);
#5040=AXIS2_PLACEMENT_3D('',#7204,#5651,#5652);
#5041=AXIS2_PLACEMENT_3D('',#7205,#5653,#5654);
#5042=AXIS2_PLACEMENT_3D('',#7206,#5655,#5656);
#5043=AXIS2_PLACEMENT_3D('',#7208,#5657,#5658);
#5044=AXIS2_PLACEMENT_3D('',#7210,#5660,#5661);
#5045=AXIS2_PLACEMENT_3D('',#7212,#5662,#5663);
#5046=AXIS2_PLACEMENT_3D('',#7213,#5664,#5665);
#5047=AXIS2_PLACEMENT_3D('',#7214,#5666,#5667);
#5048=AXIS2_PLACEMENT_3D('',#7216,#5668,#5669);
#5049=AXIS2_PLACEMENT_3D('',#7218,#5671,#5672);
#5050=AXIS2_PLACEMENT_3D('',#7220,#5673,#5674);
#5051=AXIS2_PLACEMENT_3D('',#7221,#5675,#5676);
#5052=AXIS2_PLACEMENT_3D('',#7222,#5677,#5678);
#5053=AXIS2_PLACEMENT_3D('',#7224,#5679,#5680);
#5054=AXIS2_PLACEMENT_3D('',#7226,#5682,#5683);
#5055=AXIS2_PLACEMENT_3D('',#7227,#5684,#5685);
#5056=AXIS2_PLACEMENT_3D('',#7228,#5686,#5687);
#5057=AXIS2_PLACEMENT_3D('',#7233,#5689,#5690);
#5058=AXIS2_PLACEMENT_3D('',#7237,#5692,#5693);
#5059=AXIS2_PLACEMENT_3D('',#7241,#5695,#5696);
#5060=AXIS2_PLACEMENT_3D('',#7244,#5698,#5699);
#5061=AXIS2_PLACEMENT_3D('',#7245,#5700,#5701);
#5062=AXIS2_PLACEMENT_3D('',#7247,#5702,#5703);
#5063=AXIS2_PLACEMENT_3D('',#7250,#5705,#5706);
#5064=AXIS2_PLACEMENT_3D('',#7251,#5707,#5708);
#5065=AXIS2_PLACEMENT_3D('',#7253,#5709,#5710);
#5066=AXIS2_PLACEMENT_3D('',#7254,#5711,#5712);
#5067=AXIS2_PLACEMENT_3D('',#7255,#5713,#5714);
#5068=AXIS2_PLACEMENT_3D('',#7257,#5715,#5716);
#5069=AXIS2_PLACEMENT_3D('',#7259,#5718,#5719);
#5070=AXIS2_PLACEMENT_3D('',#7261,#5720,#5721);
#5071=AXIS2_PLACEMENT_3D('',#7262,#5722,#5723);
#5072=AXIS2_PLACEMENT_3D('',#7263,#5724,#5725);
#5073=AXIS2_PLACEMENT_3D('',#7265,#5726,#5727);
#5074=AXIS2_PLACEMENT_3D('',#7267,#5729,#5730);
#5075=AXIS2_PLACEMENT_3D('',#7269,#5731,#5732);
#5076=AXIS2_PLACEMENT_3D('',#7270,#5733,#5734);
#5077=AXIS2_PLACEMENT_3D('',#7271,#5735,#5736);
#5078=AXIS2_PLACEMENT_3D('',#7273,#5737,#5738);
#5079=AXIS2_PLACEMENT_3D('',#7275,#5740,#5741);
#5080=AXIS2_PLACEMENT_3D('',#7276,#5742,#5743);
#5081=AXIS2_PLACEMENT_3D('',#7277,#5744,#5745);
#5082=AXIS2_PLACEMENT_3D('',#7281,#5747,#5748);
#5083=AXIS2_PLACEMENT_3D('',#7283,#5750,#5751);
#5084=AXIS2_PLACEMENT_3D('',#7287,#5754,#5755);
#5085=AXIS2_PLACEMENT_3D('',#7290,#5757,#5758);
#5086=AXIS2_PLACEMENT_3D('',#7291,#5759,#5760);
#5087=AXIS2_PLACEMENT_3D('',#7322,#5763,#5764);
#5088=AXIS2_PLACEMENT_3D('',#7324,#5765,#5766);
#5089=AXIS2_PLACEMENT_3D('',#7325,#5767,#5768);
#5090=AXIS2_PLACEMENT_3D('',#7353,#5769,#5770);
#5091=AXIS2_PLACEMENT_3D('',#7354,#5771,#5772);
#5092=AXIS2_PLACEMENT_3D('',#7355,#5773,#5774);
#5093=AXIS2_PLACEMENT_3D('',#7382,#5775,#5776);
#5094=AXIS2_PLACEMENT_3D('',#7383,#5777,#5778);
#5095=AXIS2_PLACEMENT_3D('',#7410,#5779,#5780);
#5096=AXIS2_PLACEMENT_3D('',#7411,#5781,#5782);
#5097=AXIS2_PLACEMENT_3D('',#7412,#5783,#5784);
#5098=AXIS2_PLACEMENT_3D('',#7415,#5787,#5788);
#5099=AXIS2_PLACEMENT_3D('',#7417,#5790,#5791);
#5100=AXIS2_PLACEMENT_3D('',#7419,#5793,#5794);
#5101=AXIS2_PLACEMENT_3D('',#7422,#5797,#5798);
#5102=AXIS2_PLACEMENT_3D('',#7423,#5799,#5800);
#5103=AXIS2_PLACEMENT_3D('',#7426,#5803,#5804);
#5104=AXIS2_PLACEMENT_3D('',#7428,#5806,#5807);
#5105=AXIS2_PLACEMENT_3D('',#7429,#5808,#5809);
#5106=AXIS2_PLACEMENT_3D('',#7430,#5810,#5811);
#5107=AXIS2_PLACEMENT_3D('',#7439,#5816,#5817);
#5108=AXIS2_PLACEMENT_3D('',#7448,#5822,#5823);
#5109=AXIS2_PLACEMENT_3D('',#7451,#5826,#5827);
#5110=AXIS2_PLACEMENT_3D('',#7455,#5829,#5830);
#5111=AXIS2_PLACEMENT_3D('',#7459,#5832,#5833);
#5112=AXIS2_PLACEMENT_3D('',#7463,#5835,#5836);
#5113=AXIS2_PLACEMENT_3D('',#7467,#5838,#5839);
#5114=AXIS2_PLACEMENT_3D('',#7472,#5842,#5843);
#5115=AXIS2_PLACEMENT_3D('',#7476,#5845,#5846);
#5116=AXIS2_PLACEMENT_3D('',#7480,#5848,#5849);
#5117=AXIS2_PLACEMENT_3D('',#7484,#5851,#5852);
#5118=AXIS2_PLACEMENT_3D('',#7486,#5854,#5855);
#5119=AXIS2_PLACEMENT_3D('',#7500,#5863,#5864);
#5120=AXIS2_PLACEMENT_3D('',#7503,#5865,#5866);
#5121=AXIS2_PLACEMENT_3D('',#7507,#5868,#5869);
#5122=AXIS2_PLACEMENT_3D('',#7519,#5875,#5876);
#5123=AXIS2_PLACEMENT_3D('',#7523,#5878,#5879);
#5124=AXIS2_PLACEMENT_3D('',#7525,#5881,#5882);
#5125=AXIS2_PLACEMENT_3D('',#7534,#5887,#5888);
#5126=AXIS2_PLACEMENT_3D('',#7548,#5896,#5897);
#5127=AXIS2_PLACEMENT_3D('',#7557,#5902,#5903);
#5128=AXIS2_PLACEMENT_3D('',#7563,#5907,#5908);
#5129=AXIS2_PLACEMENT_3D('',#7569,#5912,#5913);
#5130=AXIS2_PLACEMENT_3D('',#7578,#5918,#5919);
#5131=AXIS2_PLACEMENT_3D('',#7584,#5923,#5924);
#5132=AXIS2_PLACEMENT_3D('',#7590,#5928,#5929);
#5133=AXIS2_PLACEMENT_3D('',#7593,#5932,#5933);
#5134=AXIS2_PLACEMENT_3D('',#7599,#5937,#5938);
#5135=AXIS2_PLACEMENT_3D('',#7625,#5954,#5955);
#5136=AXIS2_PLACEMENT_3D('',#7631,#5959,#5960);
#5137=AXIS2_PLACEMENT_3D('',#7635,#5963,#5964);
#5138=AXIS2_PLACEMENT_3D('',#7641,#5968,#5969);
#5139=AXIS2_PLACEMENT_3D('',#7645,#5972,#5973);
#5140=AXIS2_PLACEMENT_3D('',#7649,#5976,#5977);
#5141=AXIS2_PLACEMENT_3D('',#7654,#5979,#5980);
#5142=AXIS2_PLACEMENT_3D('',#7657,#5982,#5983);
#5143=AXIS2_PLACEMENT_3D('',#7680,#5984,#5985);
#5144=AXIS2_PLACEMENT_3D('',#7703,#5986,#5987);
#5145=AXIS2_PLACEMENT_3D('',#7704,#5988,#5989);
#5146=AXIS2_PLACEMENT_3D('',#7705,#5990,#5991);
#5147=AXIS2_PLACEMENT_3D('',#7706,#5992,#5993);
#5148=AXIS2_PLACEMENT_3D('',#7711,#5996,#5997);
#5149=AXIS2_PLACEMENT_3D('',#7712,#5998,#5999);
#5150=AXIS2_PLACEMENT_3D('',#7726,#6002,#6003);
#5151=AXIS2_PLACEMENT_3D('',#7727,#6004,#6005);
#5152=AXIS2_PLACEMENT_3D('',#7728,#6006,#6007);
#5153=AXIS2_PLACEMENT_3D('',#7729,#6008,#6009);
#5154=AXIS2_PLACEMENT_3D('',#7732,#6010,#6011);
#5155=AXIS2_PLACEMENT_3D('',#7735,#6014,#6015);
#5156=AXIS2_PLACEMENT_3D('',#7739,#6018,#6019);
#5157=AXIS2_PLACEMENT_3D('',#7743,#6022,#6023);
#5158=AXIS2_PLACEMENT_3D('',#7775,#6027,#6028);
#5159=AXIS2_PLACEMENT_3D('',#7776,#6029,#6030);
#5160=AXIS2_PLACEMENT_3D('',#7777,#6031,#6032);
#5161=AXIS2_PLACEMENT_3D('',#7779,#6033,#6034);
#5162=AXIS2_PLACEMENT_3D('',#7782,#6036,#6037);
#5163=AXIS2_PLACEMENT_3D('',#7784,#6038,#6039);
#5164=AXIS2_PLACEMENT_3D('',#7786,#6041,#6042);
#5165=AXIS2_PLACEMENT_3D('',#7788,#6043,#6044);
#5166=AXIS2_PLACEMENT_3D('',#7816,#6046,#6047);
#5167=AXIS2_PLACEMENT_3D('',#7817,#6048,#6049);
#5168=AXIS2_PLACEMENT_3D('',#7818,#6050,#6051);
#5169=AXIS2_PLACEMENT_3D('',#7820,#6053,#6054);
#5170=AXIS2_PLACEMENT_3D('',#7853,#6058,#6059);
#5171=AXIS2_PLACEMENT_3D('',#7855,#6060,#6061);
#5172=AXIS2_PLACEMENT_3D('',#7856,#6062,#6063);
#5173=AXIS2_PLACEMENT_3D('',#7857,#6064,#6065);
#5174=AXIS2_PLACEMENT_3D('',#7860,#6066,#6067);
#5175=AXIS2_PLACEMENT_3D('',#7863,#6070,#6071);
#5176=AXIS2_PLACEMENT_3D('',#7867,#6073,#6074);
#5177=AXIS2_PLACEMENT_3D('',#7871,#6076,#6077);
#5178=AXIS2_PLACEMENT_3D('',#7875,#6079,#6080);
#5179=AXIS2_PLACEMENT_3D('',#7878,#6082,#6083);
#5180=AXIS2_PLACEMENT_3D('',#7880,#6084,#6085);
#5181=AXIS2_PLACEMENT_3D('',#7882,#6087,#6088);
#5182=AXIS2_PLACEMENT_3D('',#7886,#6091,#6092);
#5183=AXIS2_PLACEMENT_3D('',#7889,#6094,#6095);
#5184=AXIS2_PLACEMENT_3D('',#7890,#6096,#6097);
#5185=AXIS2_PLACEMENT_3D('',#7892,#6099,#6100);
#5186=AXIS2_PLACEMENT_3D('',#7896,#6103,#6104);
#5187=AXIS2_PLACEMENT_3D('',#7898,#6105,#6106);
#5188=AXIS2_PLACEMENT_3D('',#7926,#6108,#6109);
#5189=AXIS2_PLACEMENT_3D('',#7927,#6110,#6111);
#5190=AXIS2_PLACEMENT_3D('',#7928,#6112,#6113);
#5191=AXIS2_PLACEMENT_3D('',#7930,#6115,#6116);
#5192=AXIS2_PLACEMENT_3D('',#7932,#6118,#6119);
#5193=AXIS2_PLACEMENT_3D('',#7936,#6122,#6123);
#5194=AXIS2_PLACEMENT_3D('',#7939,#6125,#6126);
#5195=AXIS2_PLACEMENT_3D('',#7966,#6127,#6128);
#5196=AXIS2_PLACEMENT_3D('',#7967,#6129,#6130);
#5197=AXIS2_PLACEMENT_3D('',#7968,#6131,#6132);
#5198=AXIS2_PLACEMENT_3D('',#7980,#6134,#6135);
#5199=AXIS2_PLACEMENT_3D('',#7982,#6136,#6137);
#5200=AXIS2_PLACEMENT_3D('',#7984,#6138,#6139);
#5201=AXIS2_PLACEMENT_3D('',#7985,#6140,#6141);
#5202=AXIS2_PLACEMENT_3D('',#7986,#6142,#6143);
#5203=AXIS2_PLACEMENT_3D('',#7988,#6145,#6146);
#5204=AXIS2_PLACEMENT_3D('',#7992,#6148,#6149);
#5205=AXIS2_PLACEMENT_3D('',#7994,#6151,#6152);
#5206=AXIS2_PLACEMENT_3D('',#8007,#6154,#6155);
#5207=AXIS2_PLACEMENT_3D('',#8008,#6156,#6157);
#5208=AXIS2_PLACEMENT_3D('',#8010,#6158,#6159);
#5209=AXIS2_PLACEMENT_3D('',#8011,#6160,#6161);
#5210=AXIS2_PLACEMENT_3D('',#8012,#6162,#6163);
#5211=AXIS2_PLACEMENT_3D('',#8014,#6165,#6166);
#5212=AXIS2_PLACEMENT_3D('',#8027,#6168,#6169);
#5213=AXIS2_PLACEMENT_3D('',#8029,#6170,#6171);
#5214=AXIS2_PLACEMENT_3D('',#8031,#6172,#6173);
#5215=AXIS2_PLACEMENT_3D('',#8032,#6174,#6175);
#5216=AXIS2_PLACEMENT_3D('',#8033,#6176,#6177);
#5217=AXIS2_PLACEMENT_3D('',#8036,#6180,#6181);
#5218=AXIS2_PLACEMENT_3D('',#8039,#6184,#6185);
#5219=AXIS2_PLACEMENT_3D('',#8050,#6186,#6187);
#5220=AXIS2_PLACEMENT_3D('',#8052,#6188,#6189);
#5221=AXIS2_PLACEMENT_3D('',#8053,#6190,#6191);
#5222=AXIS2_PLACEMENT_3D('',#8054,#6192,#6193);
#5223=AXIS2_PLACEMENT_3D('',#8056,#6195,#6196);
#5224=AXIS2_PLACEMENT_3D('',#8058,#6198,#6199);
#5225=AXIS2_PLACEMENT_3D('',#8060,#6201,#6202);
#5226=AXIS2_PLACEMENT_3D('',#8072,#6203,#6204);
#5227=AXIS2_PLACEMENT_3D('',#8073,#6205,#6206);
#5228=AXIS2_PLACEMENT_3D('',#8075,#6207,#6208);
#5229=AXIS2_PLACEMENT_3D('',#8076,#6209,#6210);
#5230=AXIS2_PLACEMENT_3D('',#8077,#6211,#6212);
#5231=AXIS2_PLACEMENT_3D('',#8079,#6214,#6215);
#5232=AXIS2_PLACEMENT_3D('',#8081,#6216,#6217);
#5233=AXIS2_PLACEMENT_3D('',#8083,#6219,#6220);
#5234=AXIS2_PLACEMENT_3D('',#8085,#6222,#6223);
#5235=AXIS2_PLACEMENT_3D('',#8087,#6225,#6226);
#5236=AXIS2_PLACEMENT_3D('',#8090,#6227,#6228);
#5237=AXIS2_PLACEMENT_3D('',#8094,#6230,#6231);
#5238=AXIS2_PLACEMENT_3D('',#8122,#6233,#6234);
#5239=AXIS2_PLACEMENT_3D('',#8123,#6235,#6236);
#5240=AXIS2_PLACEMENT_3D('',#8124,#6237,#6238);
#5241=AXIS2_PLACEMENT_3D('',#8128,#6240,#6241);
#5242=AXIS2_PLACEMENT_3D('',#8130,#6243,#6244);
#5243=AXIS2_PLACEMENT_3D('',#8134,#6247,#6248);
#5244=AXIS2_PLACEMENT_3D('',#8138,#6250,#6251);
#5245=AXIS2_PLACEMENT_3D('',#8142,#6253,#6254);
#5246=AXIS2_PLACEMENT_3D('',#8145,#6256,#6257);
#5247=AXIS2_PLACEMENT_3D('',#8146,#6258,#6259);
#5248=AXIS2_PLACEMENT_3D('',#8149,#6261,#6262);
#5249=AXIS2_PLACEMENT_3D('',#8175,#6263,#6264);
#5250=AXIS2_PLACEMENT_3D('',#8176,#6265,#6266);
#5251=AXIS2_PLACEMENT_3D('',#8206,#6269,#6270);
#5252=AXIS2_PLACEMENT_3D('',#8208,#6271,#6272);
#5253=AXIS2_PLACEMENT_3D('',#8209,#6273,#6274);
#5254=AXIS2_PLACEMENT_3D('',#8210,#6275,#6276);
#5255=AXIS2_PLACEMENT_3D('',#8212,#6278,#6279);
#5256=AXIS2_PLACEMENT_3D('',#8214,#6281,#6282);
#5257=AXIS2_PLACEMENT_3D('',#8218,#6284,#6285);
#5258=AXIS2_PLACEMENT_3D('',#8220,#6287,#6288);
#5259=AXIS2_PLACEMENT_3D('',#8223,#6290,#6291);
#5260=AXIS2_PLACEMENT_3D('',#8250,#6293,#6294);
#5261=AXIS2_PLACEMENT_3D('',#8251,#6295,#6296);
#5262=AXIS2_PLACEMENT_3D('',#8254,#6299,#6300);
#5263=AXIS2_PLACEMENT_3D('',#8266,#6301,#6302);
#5264=AXIS2_PLACEMENT_3D('',#8268,#6303,#6304);
#5265=AXIS2_PLACEMENT_3D('',#8270,#6305,#6306);
#5266=AXIS2_PLACEMENT_3D('',#8271,#6307,#6308);
#5267=AXIS2_PLACEMENT_3D('',#8272,#6309,#6310);
#5268=AXIS2_PLACEMENT_3D('',#8275,#6313,#6314);
#5269=AXIS2_PLACEMENT_3D('',#8279,#6316,#6317);
#5270=AXIS2_PLACEMENT_3D('',#8281,#6319,#6320);
#5271=AXIS2_PLACEMENT_3D('',#8294,#6322,#6323);
#5272=AXIS2_PLACEMENT_3D('',#8295,#6324,#6325);
#5273=AXIS2_PLACEMENT_3D('',#8296,#6326,#6327);
#5274=AXIS2_PLACEMENT_3D('',#8297,#6328,#6329);
#5275=AXIS2_PLACEMENT_3D('',#8299,#6331,#6332);
#5276=AXIS2_PLACEMENT_3D('',#8302,#6333,#6334);
#5277=AXIS2_PLACEMENT_3D('',#8306,#6336,#6337);
#5278=AXIS2_PLACEMENT_3D('',#8310,#6339,#6340);
#5279=AXIS2_PLACEMENT_3D('',#8319,#6345,#6346);
#5280=AXIS2_PLACEMENT_3D('',#8326,#6353,#6354);
#5281=AXIS2_PLACEMENT_3D('',#8328,#6356,#6357);
#5282=AXIS2_PLACEMENT_3D('',#8329,#6358,#6359);
#5283=AXIS2_PLACEMENT_3D('',#8332,#6361,#6362);
#5284=AXIS2_PLACEMENT_3D('',#8358,#6363,#6364);
#5285=AXIS2_PLACEMENT_3D('',#8359,#6365,#6366);
#5286=AXIS2_PLACEMENT_3D('',#8362,#6368,#6369);
#5287=AXIS2_PLACEMENT_3D('',#8363,#6370,#6371);
#5288=AXIS2_PLACEMENT_3D('',#8365,#6373,#6374);
#5289=AXIS2_PLACEMENT_3D('',#8366,#6375,#6376);
#5290=AXIS2_PLACEMENT_3D('',#8392,#6377,#6378);
#5291=AXIS2_PLACEMENT_3D('',#8393,#6379,#6380);
#5292=AXIS2_PLACEMENT_3D('',#8394,#6381,#6382);
#5293=AXIS2_PLACEMENT_3D('',#8395,#6383,#6384);
#5294=AXIS2_PLACEMENT_3D('',#8406,#6385,#6386);
#5295=AXIS2_PLACEMENT_3D('',#8408,#6387,#6388);
#5296=AXIS2_PLACEMENT_3D('',#8409,#6389,#6390);
#5297=AXIS2_PLACEMENT_3D('',#8410,#6391,#6392);
#5298=AXIS2_PLACEMENT_3D('',#8413,#6395,#6396);
#5299=AXIS2_PLACEMENT_3D('',#8416,#6398,#6399);
#5300=AXIS2_PLACEMENT_3D('',#8417,#6400,#6401);
#5301=AXIS2_PLACEMENT_3D('',#8429,#6403,#6404);
#5302=AXIS2_PLACEMENT_3D('',#8430,#6405,#6406);
#5303=AXIS2_PLACEMENT_3D('',#8431,#6407,#6408);
#5304=AXIS2_PLACEMENT_3D('',#8433,#6410,#6411);
#5305=AXIS2_PLACEMENT_3D('',#8436,#6413,#6414);
#5306=AXIS2_PLACEMENT_3D('',#8437,#6415,#6416);
#5307=AXIS2_PLACEMENT_3D('',#8449,#6418,#6419);
#5308=AXIS2_PLACEMENT_3D('',#8450,#6420,#6421);
#5309=AXIS2_PLACEMENT_3D('',#8451,#6422,#6423);
#5310=AXIS2_PLACEMENT_3D('',#8453,#6425,#6426);
#5311=AXIS2_PLACEMENT_3D('',#8456,#6428,#6429);
#5312=AXIS2_PLACEMENT_3D('',#8457,#6430,#6431);
#5313=AXIS2_PLACEMENT_3D('',#8469,#6433,#6434);
#5314=AXIS2_PLACEMENT_3D('',#8471,#6435,#6436);
#5315=AXIS2_PLACEMENT_3D('',#8472,#6437,#6438);
#5316=AXIS2_PLACEMENT_3D('',#8473,#6439,#6440);
#5317=AXIS2_PLACEMENT_3D('',#8476,#6443,#6444);
#5318=AXIS2_PLACEMENT_3D('',#8480,#6447,#6448);
#5319=AXIS2_PLACEMENT_3D('',#8481,#6449,#6450);
#5320=AXIS2_PLACEMENT_3D('',#8482,#6451,#6452);
#5321=AXIS2_PLACEMENT_3D('',#8484,#6454,#6455);
#5322=AXIS2_PLACEMENT_3D('',#8485,#6456,#6457);
#5323=AXIS2_PLACEMENT_3D('',#8488,#6460,#6461);
#5324=AXIS2_PLACEMENT_3D('',#8490,#6463,#6464);
#5325=AXIS2_PLACEMENT_3D('',#8491,#6465,#6466);
#5326=AXIS2_PLACEMENT_3D('',#8492,#6467,#6468);
#5327=AXIS2_PLACEMENT_3D('',#8496,#6471,#6472);
#5328=AXIS2_PLACEMENT_3D('',#8498,#6474,#6475);
#5329=AXIS2_PLACEMENT_3D('',#8499,#6476,#6477);
#5330=AXIS2_PLACEMENT_3D('',#8500,#6478,#6479);
#5331=AXIS2_PLACEMENT_3D('',#8501,#6480,#6481);
#5332=AXIS2_PLACEMENT_3D('',#8504,#6482,#6483);
#5333=AXIS2_PLACEMENT_3D('',#8508,#6485,#6486);
#5334=AXIS2_PLACEMENT_3D('',#8510,#6488,#6489);
#5335=AXIS2_PLACEMENT_3D('',#8516,#6493,#6494);
#5336=AXIS2_PLACEMENT_3D('',#8519,#6495,#6496);
#5337=AXIS2_PLACEMENT_3D('',#8523,#6498,#6499);
#5338=AXIS2_PLACEMENT_3D('',#8525,#6501,#6502);
#5339=AXIS2_PLACEMENT_3D('',#8528,#6505,#6506);
#5340=AXIS2_PLACEMENT_3D('',#8531,#6507,#6508);
#5341=AXIS2_PLACEMENT_3D('',#8535,#6510,#6511);
#5342=AXIS2_PLACEMENT_3D('',#8537,#6513,#6514);
#5343=AXIS2_PLACEMENT_3D('',#8540,#6517,#6518);
#5344=AXIS2_PLACEMENT_3D('',#8542,#6519,#6520);
#5345=AXIS2_PLACEMENT_3D('',#8545,#6522,#6523);
#5346=AXIS2_PLACEMENT_3D('',#8546,#6524,#6525);
#5347=AXIS2_PLACEMENT_3D('',#8549,#6528,#6529);
#5348=AXIS2_PLACEMENT_3D('',#8558,#6534,#6535);
#5349=AXIS2_PLACEMENT_3D('',#8576,#6545,#6546);
#5350=AXIS2_PLACEMENT_3D('',#8580,#6549,#6550);
#5351=AXIS2_PLACEMENT_3D('',#8584,#6553,#6554);
#5352=AXIS2_PLACEMENT_3D('',#8588,#6557,#6558);
#5353=AXIS2_PLACEMENT_3D('',#8592,#6561,#6562);
#5354=AXIS2_PLACEMENT_3D('',#8594,#6564,#6565);
#5355=AXIS2_PLACEMENT_3D('',#8599,#6567,#6568);
#5356=AXIS2_PLACEMENT_3D('',#8602,#6570,#6571);
#5357=AXIS2_PLACEMENT_3D('',#8603,#6572,#6573);
#5358=AXIS2_PLACEMENT_3D('',#8607,#6575,#6576);
#5359=AXIS2_PLACEMENT_3D('',#8609,#6578,#6579);
#5360=AXIS2_PLACEMENT_3D('',#8613,#6581,#6582);
#5361=AXIS2_PLACEMENT_3D('',#8615,#6584,#6585);
#5362=AXIS2_PLACEMENT_3D('',#8618,#6588,#6589);
#5363=AXIS2_PLACEMENT_3D('',#8621,#6592,#6593);
#5364=AXIS2_PLACEMENT_3D('',#8623,#6595,#6596);
#5365=AXIS2_PLACEMENT_3D('',#8624,#6597,#6598);
#5366=AXIS2_PLACEMENT_3D('',#8626,#6600,#6601);
#5367=AXIS2_PLACEMENT_3D('',#8638,#6602,#6603);
#5368=AXIS2_PLACEMENT_3D('',#8640,#6604,#6605);
#5369=AXIS2_PLACEMENT_3D('',#8642,#6606,#6607);
#5370=AXIS2_PLACEMENT_3D('',#8643,#6608,#6609);
#5371=AXIS2_PLACEMENT_3D('',#8644,#6610,#6611);
#5372=AXIS2_PLACEMENT_3D('',#8647,#6612,#6613);
#5373=AXIS2_PLACEMENT_3D('',#8650,#6616,#6617);
#5374=AXIS2_PLACEMENT_3D('',#8654,#6619,#6620);
#5375=AXIS2_PLACEMENT_3D('',#8656,#6622,#6623);
#5376=AXIS2_PLACEMENT_3D('',#8660,#6626,#6627);
#5377=AXIS2_PLACEMENT_3D('',#8664,#6629,#6630);
#5378=AXIS2_PLACEMENT_3D('',#8668,#6632,#6633);
#5379=AXIS2_PLACEMENT_3D('',#8671,#6635,#6636);
#5380=AXIS2_PLACEMENT_3D('',#8683,#6637,#6638);
#5381=AXIS2_PLACEMENT_3D('',#8685,#6639,#6640);
#5382=AXIS2_PLACEMENT_3D('',#8687,#6641,#6642);
#5383=AXIS2_PLACEMENT_3D('',#8688,#6643,#6644);
#5384=AXIS2_PLACEMENT_3D('',#8689,#6645,#6646);
#5385=AXIS2_PLACEMENT_3D('',#8692,#6649,#6650);
#5386=AXIS2_PLACEMENT_3D('',#8696,#6652,#6653);
#5387=AXIS2_PLACEMENT_3D('',#8698,#6655,#6656);
#5388=AXIS2_PLACEMENT_3D('',#8700,#6657,#6658);
#5389=AXIS2_PLACEMENT_3D('',#8703,#6660,#6661);
#5390=AXIS2_PLACEMENT_3D('',#8705,#6663,#6664);
#5391=AXIS2_PLACEMENT_3D('',#8717,#6666,#6667);
#5392=AXIS2_PLACEMENT_3D('',#8718,#6668,#6669);
#5393=AXIS2_PLACEMENT_3D('',#8719,#6670,#6671);
#5394=AXIS2_PLACEMENT_3D('',#8722,#6674,#6675);
#5395=AXIS2_PLACEMENT_3D('',#8733,#6676,#6677);
#5396=AXIS2_PLACEMENT_3D('',#8734,#6678,#6679);
#5397=AXIS2_PLACEMENT_3D('',#8735,#6680,#6681);
#5398=AXIS2_PLACEMENT_3D('',#8737,#6683,#6684);
#5399=AXIS2_PLACEMENT_3D('',#8739,#6686,#6687);
#5400=AXIS2_PLACEMENT_3D('',#8740,#6688,#6689);
#5401=AXIS2_PLACEMENT_3D('',#8741,#6690,#6691);
#5402=AXIS2_PLACEMENT_3D('',#8746,#6693,#6694);
#5403=AXIS2_PLACEMENT_3D('',#8749,#6696,#6697);
#5404=AXIS2_PLACEMENT_3D('',#8750,#6698,#6699);
#5405=AXIS2_PLACEMENT_3D('',#8754,#6701,#6702);
#5406=AXIS2_PLACEMENT_3D('',#8756,#6704,#6705);
#5407=AXIS2_PLACEMENT_3D('',#8760,#6707,#6708);
#5408=AXIS2_PLACEMENT_3D('',#8762,#6710,#6711);
#5409=AXIS2_PLACEMENT_3D('',#8765,#6714,#6715);
#5410=AXIS2_PLACEMENT_3D('',#8771,#6719,#6720);
#5411=AXIS2_PLACEMENT_3D('',#8775,#6723,#6724);
#5412=AXIS2_PLACEMENT_3D('',#8776,#6725,#6726);
#5413=AXIS2_PLACEMENT_3D('',#8780,#6729,#6730);
#5414=AXIS2_PLACEMENT_3D('',#8782,#6732,#6733);
#5415=AXIS2_PLACEMENT_3D('',#8783,#6734,#6735);
#5416=AXIS2_PLACEMENT_3D('',#8792,#6740,#6741);
#5417=AXIS2_PLACEMENT_3D('',#8798,#6745,#6746);
#5418=AXIS2_PLACEMENT_3D('',#8804,#6750,#6751);
#5419=AXIS2_PLACEMENT_3D('',#8807,#6754,#6755);
#5420=AXIS2_PLACEMENT_3D('',#8808,#6756,#6757);
#5421=AXIS2_PLACEMENT_3D('',#8809,#6758,#6759);
#5422=AXIS2_PLACEMENT_3D('',#8812,#6760,#6761);
#5423=AXIS2_PLACEMENT_3D('',#8814,#6762,#6763);
#5424=AXIS2_PLACEMENT_3D('',#8816,#6764,#6765);
#5425=AXIS2_PLACEMENT_3D('',#8817,#6766,#6767);
#5426=AXIS2_PLACEMENT_3D('',#8818,#6768,#6769);
#5427=AXIS2_PLACEMENT_3D('',#8821,#6770,#6771);
#5428=AXIS2_PLACEMENT_3D('',#8824,#6774,#6775);
#5429=AXIS2_PLACEMENT_3D('',#8827,#6776,#6777);
#5430=AXIS2_PLACEMENT_3D('',#8828,#6778,#6779);
#5431=AXIS2_PLACEMENT_3D('',#8829,#6780,#6781);
#5432=AXIS2_PLACEMENT_3D('',#8830,#6782,#6783);
#5433=AXIS2_PLACEMENT_3D('',#8833,#6784,#6785);
#5434=AXIS2_PLACEMENT_3D('',#8836,#6788,#6789);
#5435=AXIS2_PLACEMENT_3D('',#8839,#6790,#6791);
#5436=AXIS2_PLACEMENT_3D('',#8840,#6792,#6793);
#5437=AXIS2_PLACEMENT_3D('',#8841,#6794,#6795);
#5438=AXIS2_PLACEMENT_3D('',#8842,#6796,#6797);
#5439=AXIS2_PLACEMENT_3D('',#8845,#6798,#6799);
#5440=AXIS2_PLACEMENT_3D('',#8847,#6800,#6801);
#5441=AXIS2_PLACEMENT_3D('',#8849,#6802,#6803);
#5442=AXIS2_PLACEMENT_3D('',#8850,#6804,#6805);
#5443=AXIS2_PLACEMENT_3D('',#8851,#6806,#6807);
#5444=AXIS2_PLACEMENT_3D('',#8854,#6810,#6811);
#5445=AXIS2_PLACEMENT_3D('',#8863,#6812,#6813);
#5446=AXIS2_PLACEMENT_3D('',#8864,#6814,#6815);
#5447=AXIS2_PLACEMENT_3D('',#8865,#6816,#6817);
#5448=AXIS2_PLACEMENT_3D('',#8874,#6818,#6819);
#5449=AXIS2_PLACEMENT_3D('',#8875,#6820,#6821);
#5450=AXIS2_PLACEMENT_3D('',#8876,#6822,#6823);
#5451=AXIS2_PLACEMENT_3D('',#8879,#6826,#6827);
#5452=AXIS2_PLACEMENT_3D('',#8883,#6829,#6830);
#5453=AXIS2_PLACEMENT_3D('',#8885,#6832,#6833);
#5454=AXIS2_PLACEMENT_3D('',#8889,#6836,#6837);
#5455=AXIS2_PLACEMENT_3D('',#8892,#6839,#6840);
#5456=AXIS2_PLACEMENT_3D('',#8893,#6841,#6842);
#5457=AXIS2_PLACEMENT_3D('',#8903,#6848,#6849);
#5458=AXIS2_PLACEMENT_3D('',#8906,#6850,#6851);
#5459=AXIS2_PLACEMENT_3D('',#8908,#6852,#6853);
#5460=AXIS2_PLACEMENT_3D('',#8910,#6854,#6855);
#5461=AXIS2_PLACEMENT_3D('',#8911,#6856,#6857);
#5462=AXIS2_PLACEMENT_3D('',#8912,#6858,#6859);
#5463=AXIS2_PLACEMENT_3D('',#8915,#6860,#6861);
#5464=AXIS2_PLACEMENT_3D('',#8918,#6864,#6865);
#5465=AXIS2_PLACEMENT_3D('',#8921,#6866,#6867);
#5466=AXIS2_PLACEMENT_3D('',#8922,#6868,#6869);
#5467=AXIS2_PLACEMENT_3D('',#8923,#6870,#6871);
#5468=AXIS2_PLACEMENT_3D('',#8924,#6872,#6873);
#5469=AXIS2_PLACEMENT_3D('',#8927,#6874,#6875);
#5470=AXIS2_PLACEMENT_3D('',#8930,#6878,#6879);
#5471=AXIS2_PLACEMENT_3D('',#8939,#6880,#6881);
#5472=AXIS2_PLACEMENT_3D('',#8940,#6882,#6883);
#5473=AXIS2_PLACEMENT_3D('',#8941,#6884,#6885);
#5474=AXIS2_PLACEMENT_3D('',#8950,#6886,#6887);
#5475=AXIS2_PLACEMENT_3D('',#8951,#6888,#6889);
#5476=AXIS2_PLACEMENT_3D('',#8952,#6890,#6891);
#5477=AXIS2_PLACEMENT_3D('',#8955,#6892,#6893);
#5478=AXIS2_PLACEMENT_3D('',#8957,#6894,#6895);
#5479=AXIS2_PLACEMENT_3D('',#8965,#6896,#6897);
#5480=AXIS2_PLACEMENT_3D('',#8966,#6898,#6899);
#5481=AXIS2_PLACEMENT_3D('',#8975,#6900,#6901);
#5482=AXIS2_PLACEMENT_3D('',#8976,#6902,#6903);
#5483=AXIS2_PLACEMENT_3D('',#8977,#6904,#6905);
#5484=AXIS2_PLACEMENT_3D('',#8980,#6908,#6909);
#5485=AXIS2_PLACEMENT_3D('',#8984,#6912,#6913);
#5486=AXIS2_PLACEMENT_3D('',#8992,#6918,#6919);
#5487=AXIS2_PLACEMENT_3D('',#8995,#6920,#6921);
#5488=AXIS2_PLACEMENT_3D('',#8998,#6923,#6924);
#5489=AXIS2_PLACEMENT_3D('',#9000,#6926,#6927);
#5490=AXIS2_PLACEMENT_3D('',#9002,#6928,#6929);
#5491=AXIS2_PLACEMENT_3D('',#9003,#6930,#6931);
#5492=AXIS2_PLACEMENT_3D('',#9004,#6932,#6933);
#5493=AXIS2_PLACEMENT_3D('',#9006,#6934,#6935);
#5494=AXIS2_PLACEMENT_3D('',#9008,#6937,#6938);
#5495=AXIS2_PLACEMENT_3D('',#9010,#6939,#6940);
#5496=AXIS2_PLACEMENT_3D('',#9011,#6941,#6942);
#5497=AXIS2_PLACEMENT_3D('',#9012,#6943,#6944);
#5498=AXIS2_PLACEMENT_3D('',#9015,#6945,#6946);
#5499=AXIS2_PLACEMENT_3D('',#9018,#6949,#6950);
#5500=AXIS2_PLACEMENT_3D('',#9021,#6951,#6952);
#5501=AXIS2_PLACEMENT_3D('',#9022,#6953,#6954);
#5502=AXIS2_PLACEMENT_3D('',#9023,#6955,#6956);
#5503=AXIS2_PLACEMENT_3D('',#9024,#6957,#6958);
#5504=AXIS2_PLACEMENT_3D('',#9027,#6959,#6960);
#5505=AXIS2_PLACEMENT_3D('',#9030,#6963,#6964);
#5506=AXIS2_PLACEMENT_3D('',#9031,#6965,#6966);
#5507=AXIS2_PLACEMENT_3D('',#9032,#6967,#6968);
#5508=AXIS2_PLACEMENT_3D('',#9033,#6969,#6970);
#5509=AXIS2_PLACEMENT_3D('',#9035,#6972,#6973);
#5510=AXIS2_PLACEMENT_3D('',#9036,#6974,#6975);
#5511=AXIS2_PLACEMENT_3D('',#9039,#6976,#6977);
#5512=AXIS2_PLACEMENT_3D('',#9041,#6978,#6979);
#5513=AXIS2_PLACEMENT_3D('',#9043,#6980,#6981);
#5514=AXIS2_PLACEMENT_3D('',#9044,#6982,#6983);
#5515=AXIS2_PLACEMENT_3D('',#9045,#6984,#6985);
#5516=AXIS2_PLACEMENT_3D('',#9048,#6986,#6987);
#5517=AXIS2_PLACEMENT_3D('',#9051,#6990,#6991);
#5518=AXIS2_PLACEMENT_3D('',#9054,#6992,#6993);
#5519=AXIS2_PLACEMENT_3D('',#9055,#6994,#6995);
#5520=AXIS2_PLACEMENT_3D('',#9056,#6996,#6997);
#5521=AXIS2_PLACEMENT_3D('',#9057,#6998,#6999);
#5522=AXIS2_PLACEMENT_3D('',#9060,#7000,#7001);
#5523=AXIS2_PLACEMENT_3D('',#9063,#7004,#7005);
#5524=AXIS2_PLACEMENT_3D('',#9066,#7006,#7007);
#5525=AXIS2_PLACEMENT_3D('',#9067,#7008,#7009);
#5526=AXIS2_PLACEMENT_3D('',#9068,#7010,#7011);
#5527=AXIS2_PLACEMENT_3D('',#9069,#7012,#7013);
#5528=AXIS2_PLACEMENT_3D('',#9072,#7014,#7015);
#5529=AXIS2_PLACEMENT_3D('',#9075,#7018,#7019);
#5530=AXIS2_PLACEMENT_3D('',#9078,#7020,#7021);
#5531=AXIS2_PLACEMENT_3D('',#9079,#7022,#7023);
#5532=AXIS2_PLACEMENT_3D('',#9080,#7024,#7025);
#5533=AXIS2_PLACEMENT_3D('',#9081,#7026,#7027);
#5534=AXIS2_PLACEMENT_3D('',#9084,#7030,#7031);
#5535=AXIS2_PLACEMENT_3D('',#9087,#7034,#7035);
#5536=AXIS2_PLACEMENT_3D('',#9089,#7037,#7038);
#5537=AXIS2_PLACEMENT_3D('',#9093,#7042,#7043);
#5538=AXIS2_PLACEMENT_3D('',#9095,#7045,#7046);
#5539=AXIS2_PLACEMENT_3D('',#9096,#7047,#7048);
#5540=AXIS2_PLACEMENT_3D('',#9098,#7050,#7051);
#5541=AXIS2_PLACEMENT_3D('',#9100,#7053,#7054);
#5542=AXIS2_PLACEMENT_3D('',#9102,#7056,#7057);
#5543=AXIS2_PLACEMENT_3D('',#9103,#7058,#7059);
#5544=AXIS2_PLACEMENT_3D('',#9105,#7061,#7062);
#5545=AXIS2_PLACEMENT_3D('',#9107,#7064,#7065);
#5546=AXIS2_PLACEMENT_3D('',#9109,#7067,#7068);
#5547=AXIS2_PLACEMENT_3D('',#9111,#7070,#7071);
#5548=AXIS2_PLACEMENT_3D('',#9112,#7072,#7073);
#5549=AXIS2_PLACEMENT_3D('',#9114,#7075,#7076);
#5550=AXIS2_PLACEMENT_3D('',#9115,#7077,#7078);
#5551=AXIS2_PLACEMENT_3D('',#9116,#7079,#7080);
#5552=DIRECTION('axis',(0.,0.,1.));
#5553=DIRECTION('refdir',(1.,0.,0.));
#5554=DIRECTION('axis',(0.,0.,1.));
#5555=DIRECTION('refdir',(1.,0.,0.));
#5556=DIRECTION('center_axis',(-1.,0.,0.));
#5557=DIRECTION('ref_axis',(0.,0.707106781186548,0.707106781186547));
#5558=DIRECTION('center_axis',(-1.,0.,0.));
#5559=DIRECTION('ref_axis',(0.,0.,1.));
#5560=DIRECTION('',(-1.,0.,0.));
#5561=DIRECTION('center_axis',(1.,0.,0.));
#5562=DIRECTION('ref_axis',(0.,1.,0.));
#5563=DIRECTION('',(1.,0.,0.));
#5564=DIRECTION('center_axis',(0.,1.,0.));
#5565=DIRECTION('ref_axis',(-1.,0.,0.));
#5566=DIRECTION('center_axis',(0.,0.,-1.));
#5567=DIRECTION('ref_axis',(-0.707106781186549,0.707106781186546,0.));
#5568=DIRECTION('center_axis',(0.,0.,1.));
#5569=DIRECTION('ref_axis',(-0.707106781186549,0.707106781186546,0.));
#5570=DIRECTION('center_axis',(0.,-1.,0.));
#5571=DIRECTION('ref_axis',(-0.707106781186548,0.,0.707106781186547));
#5572=DIRECTION('center_axis',(0.,1.,0.));
#5573=DIRECTION('ref_axis',(-1.,0.,0.));
#5574=DIRECTION('',(0.,1.,0.));
#5575=DIRECTION('',(0.,-1.,0.));
#5576=DIRECTION('center_axis',(-1.,0.,0.));
#5577=DIRECTION('ref_axis',(0.,-1.,0.));
#5578=DIRECTION('center_axis',(0.,0.,-1.));
#5579=DIRECTION('ref_axis',(-0.707106781186543,-0.707106781186552,0.));
#5580=DIRECTION('center_axis',(0.,0.,1.));
#5581=DIRECTION('ref_axis',(-0.707106781186543,-0.707106781186552,0.));
#5582=DIRECTION('center_axis',(1.,-2.61430952588155E-15,0.));
#5583=DIRECTION('ref_axis',(-1.57956987795148E-15,-0.707106781186548,0.707106781186547));
#5584=DIRECTION('center_axis',(-1.,2.79231143014374E-15,0.));
#5585=DIRECTION('ref_axis',(-2.79231143014374E-15,-1.,0.));
#5586=DIRECTION('',(-1.,2.61430952588155E-15,0.));
#5587=DIRECTION('',(1.,-2.61430952588155E-15,0.));
#5588=DIRECTION('center_axis',(1.787079315292E-14,-1.,0.));
#5589=DIRECTION('ref_axis',(1.,1.787079315292E-14,0.));
#5590=DIRECTION('center_axis',(0.,0.,-1.));
#5591=DIRECTION('ref_axis',(0.707106781186555,-0.70710678118654,0.));
#5592=DIRECTION('center_axis',(0.,0.,1.));
#5593=DIRECTION('ref_axis',(0.707106781186555,-0.70710678118654,0.));
#5594=DIRECTION('center_axis',(5.5444590870733E-15,1.,0.));
#5595=DIRECTION('ref_axis',(0.707106781186548,-6.31827951180593E-15,0.707106781186547));
#5596=DIRECTION('center_axis',(-4.46769828823001E-15,-1.,0.));
#5597=DIRECTION('ref_axis',(1.,-4.46769828823001E-15,0.));
#5598=DIRECTION('',(-5.5444590870733E-15,-1.,0.));
#5599=DIRECTION('',(5.5444590870733E-15,1.,0.));
#5600=DIRECTION('center_axis',(0.,0.,-1.));
#5601=DIRECTION('ref_axis',(0.70710678118655,0.707106781186545,0.));
#5602=DIRECTION('center_axis',(0.,0.,1.));
#5603=DIRECTION('ref_axis',(0.70710678118655,0.707106781186545,0.));
#5604=DIRECTION('center_axis',(0.,0.,1.));
#5605=DIRECTION('ref_axis',(-1.,-4.44089209850064E-15,0.));
#5606=DIRECTION('',(0.,0.,-1.));
#5607=DIRECTION('center_axis',(0.,0.,-1.));
#5608=DIRECTION('ref_axis',(-0.707106781186546,-0.707106781186549,0.));
#5609=DIRECTION('',(0.,0.,1.));
#5610=DIRECTION('center_axis',(-1.,0.,0.));
#5611=DIRECTION('ref_axis',(0.,-1.,0.));
#5612=DIRECTION('',(0.,0.,1.));
#5613=DIRECTION('',(0.,1.,0.));
#5614=DIRECTION('center_axis',(0.,0.,1.));
#5615=DIRECTION('ref_axis',(0.,1.,0.));
#5616=DIRECTION('',(0.,0.,1.));
#5617=DIRECTION('center_axis',(0.,0.,-1.));
#5618=DIRECTION('ref_axis',(-0.707106781186548,0.707106781186548,0.));
#5619=DIRECTION('center_axis',(0.,1.,0.));
#5620=DIRECTION('ref_axis',(-1.,0.,0.));
#5621=DIRECTION('',(0.,0.,1.));
#5622=DIRECTION('',(1.,0.,0.));
#5623=DIRECTION('center_axis',(0.,0.,-1.));
#5624=DIRECTION('ref_axis',(-1.,0.,0.));
#5625=DIRECTION('center_axis',(1.,-5.5444590870733E-15,0.));
#5626=DIRECTION('ref_axis',(5.5444590870733E-15,1.,0.));
#5627=DIRECTION('',(0.,0.,1.));
#5628=DIRECTION('',(-5.5444590870733E-15,-1.,0.));
#5629=DIRECTION('',(0.,0.,1.));
#5630=DIRECTION('center_axis',(0.,0.,1.));
#5631=DIRECTION('ref_axis',(0.,-1.,0.));
#5632=DIRECTION('',(0.,0.,1.));
#5633=DIRECTION('center_axis',(0.,0.,-1.));
#5634=DIRECTION('ref_axis',(0.707106781186552,-0.707106781186543,0.));
#5635=DIRECTION('center_axis',(-2.61430952588155E-15,-1.,0.));
#5636=DIRECTION('ref_axis',(1.,-2.61430952588155E-15,0.));
#5637=DIRECTION('',(-1.,2.61430952588155E-15,0.));
#5638=DIRECTION('center_axis',(0.,0.,1.));
#5639=DIRECTION('ref_axis',(1.,-4.44089209850056E-15,0.));
#5640=DIRECTION('center_axis',(0.,0.,-1.));
#5641=DIRECTION('ref_axis',(0.707106781186549,0.707106781186546,0.));
#5642=DIRECTION('center_axis',(0.,1.,0.));
#5643=DIRECTION('ref_axis',(-0.707106781186548,0.,-0.707106781186548));
#5644=DIRECTION('center_axis',(0.,1.,0.));
#5645=DIRECTION('ref_axis',(0.,0.,-1.));
#5646=DIRECTION('center_axis',(0.,-1.,0.));
#5647=DIRECTION('ref_axis',(-1.,0.,0.));
#5648=DIRECTION('',(0.,-1.,0.));
#5649=DIRECTION('center_axis',(0.,0.,-1.));
#5650=DIRECTION('ref_axis',(-1.,0.,0.));
#5651=DIRECTION('center_axis',(-1.,0.,0.));
#5652=DIRECTION('ref_axis',(0.,1.,0.));
#5653=DIRECTION('center_axis',(0.,0.,1.));
#5654=DIRECTION('ref_axis',(-0.707106781186547,0.707106781186547,0.));
#5655=DIRECTION('center_axis',(1.,0.,0.));
#5656=DIRECTION('ref_axis',(0.,0.707106781186547,-0.707106781186548));
#5657=DIRECTION('center_axis',(-1.,0.,0.));
#5658=DIRECTION('ref_axis',(0.,1.,0.));
#5659=DIRECTION('',(-1.,0.,0.));
#5660=DIRECTION('center_axis',(0.,0.,-1.));
#5661=DIRECTION('ref_axis',(-1.,0.,0.));
#5662=DIRECTION('center_axis',(4.16333634234434E-15,1.,0.));
#5663=DIRECTION('ref_axis',(1.,-4.16333634234434E-15,0.));
#5664=DIRECTION('center_axis',(0.,0.,1.));
#5665=DIRECTION('ref_axis',(0.707106781186549,0.707106781186546,0.));
#5666=DIRECTION('center_axis',(-5.5444590870733E-15,-1.,0.));
#5667=DIRECTION('ref_axis',(0.707106781186548,-3.14018491736755E-15,-0.707106781186547));
#5668=DIRECTION('center_axis',(4.44089209850062E-15,1.,0.));
#5669=DIRECTION('ref_axis',(1.,-4.44089209850062E-15,0.));
#5670=DIRECTION('',(5.5444590870733E-15,1.,0.));
#5671=DIRECTION('center_axis',(0.,0.,-1.));
#5672=DIRECTION('ref_axis',(-1.,0.,0.));
#5673=DIRECTION('center_axis',(1.,0.,0.));
#5674=DIRECTION('ref_axis',(0.,-1.,0.));
#5675=DIRECTION('center_axis',(0.,0.,1.));
#5676=DIRECTION('ref_axis',(0.707106781186552,-0.707106781186543,0.));
#5677=DIRECTION('center_axis',(-1.,2.61430952588155E-15,0.));
#5678=DIRECTION('ref_axis',(-1.96261557335472E-15,-0.707106781186548,-0.707106781186547));
#5679=DIRECTION('center_axis',(1.,-2.49800180540664E-15,0.));
#5680=DIRECTION('ref_axis',(-2.49800180540664E-15,-1.,0.));
#5681=DIRECTION('',(1.,-2.61430952588155E-15,0.));
#5682=DIRECTION('center_axis',(0.,0.,-1.));
#5683=DIRECTION('ref_axis',(-1.,0.,0.));
#5684=DIRECTION('center_axis',(0.,0.,1.));
#5685=DIRECTION('ref_axis',(-0.707106781186546,-0.707106781186549,0.));
#5686=DIRECTION('center_axis',(0.,0.,1.));
#5687=DIRECTION('ref_axis',(-1.,0.,0.));
#5688=DIRECTION('',(-1.,-3.2611127205505E-15,0.));
#5689=DIRECTION('center_axis',(0.,0.,-1.));
#5690=DIRECTION('ref_axis',(0.707106781186539,-0.707106781186556,0.));
#5691=DIRECTION('',(6.50659510180813E-15,-1.,0.));
#5692=DIRECTION('center_axis',(0.,0.,-1.));
#5693=DIRECTION('ref_axis',(0.707106781186548,0.707106781186547,0.));
#5694=DIRECTION('',(1.,0.,0.));
#5695=DIRECTION('center_axis',(0.,0.,-1.));
#5696=DIRECTION('ref_axis',(-0.707106781186548,0.707106781186547,0.));
#5697=DIRECTION('',(-1.30131902036162E-14,1.,0.));
#5698=DIRECTION('center_axis',(0.,0.,-1.));
#5699=DIRECTION('ref_axis',(-0.707106781186563,-0.707106781186532,0.));
#5700=DIRECTION('center_axis',(1.,3.2611127205505E-15,0.));
#5701=DIRECTION('ref_axis',(-2.35513868802566E-15,0.707106781186548,-0.707106781186547));
#5702=DIRECTION('center_axis',(1.,3.33066907387517E-15,0.));
#5703=DIRECTION('ref_axis',(0.,0.,-1.));
#5704=DIRECTION('',(1.,3.2611127205505E-15,0.));
#5705=DIRECTION('center_axis',(-1.,-4.44089209850062E-15,0.));
#5706=DIRECTION('ref_axis',(-4.44089209850062E-15,1.,0.));
#5707=DIRECTION('center_axis',(0.,0.,1.));
#5708=DIRECTION('ref_axis',(1.,0.,0.));
#5709=DIRECTION('center_axis',(6.66133814775095E-14,-1.,0.));
#5710=DIRECTION('ref_axis',(-1.,-6.66133814775095E-14,0.));
#5711=DIRECTION('center_axis',(0.,0.,1.));
#5712=DIRECTION('ref_axis',(0.707106781186539,-0.707106781186556,0.));
#5713=DIRECTION('center_axis',(-6.50659510180813E-15,1.,0.));
#5714=DIRECTION('ref_axis',(-0.707106781186548,-4.71027737605132E-15,-0.707106781186547));
#5715=DIRECTION('center_axis',(6.66133814775093E-15,-1.,0.));
#5716=DIRECTION('ref_axis',(-1.,-6.66133814775093E-15,0.));
#5717=DIRECTION('',(-6.50659510180813E-15,1.,0.));
#5718=DIRECTION('center_axis',(0.,0.,1.));
#5719=DIRECTION('ref_axis',(1.,0.,0.));
#5720=DIRECTION('center_axis',(1.,0.,0.));
#5721=DIRECTION('ref_axis',(0.,-1.,0.));
#5722=DIRECTION('center_axis',(0.,0.,1.));
#5723=DIRECTION('ref_axis',(0.707106781186548,0.707106781186547,0.));
#5724=DIRECTION('center_axis',(-1.,0.,0.));
#5725=DIRECTION('ref_axis',(0.,-0.707106781186548,-0.707106781186548));
#5726=DIRECTION('center_axis',(1.,0.,0.));
#5727=DIRECTION('ref_axis',(0.,-1.,0.));
#5728=DIRECTION('',(-1.,0.,0.));
#5729=DIRECTION('center_axis',(0.,0.,1.));
#5730=DIRECTION('ref_axis',(1.,0.,0.));
#5731=DIRECTION('center_axis',(0.,1.,0.));
#5732=DIRECTION('ref_axis',(1.,0.,0.));
#5733=DIRECTION('center_axis',(0.,0.,1.));
#5734=DIRECTION('ref_axis',(-0.707106781186548,0.707106781186547,0.));
#5735=DIRECTION('center_axis',(1.30131902036162E-14,-1.,0.));
#5736=DIRECTION('ref_axis',(0.707106781186548,9.42055475210265E-15,-0.707106781186547));
#5737=DIRECTION('center_axis',(-1.33226762955019E-14,1.,0.));
#5738=DIRECTION('ref_axis',(1.,1.33226762955019E-14,0.));
#5739=DIRECTION('',(1.30131902036162E-14,-1.,0.));
#5740=DIRECTION('center_axis',(0.,0.,1.));
#5741=DIRECTION('ref_axis',(1.,0.,0.));
#5742=DIRECTION('center_axis',(0.,0.,1.));
#5743=DIRECTION('ref_axis',(-0.707106781186563,-0.707106781186532,0.));
#5744=DIRECTION('center_axis',(0.,0.,-1.));
#5745=DIRECTION('ref_axis',(1.,0.,0.));
#5746=DIRECTION('',(0.,0.,-1.));
#5747=DIRECTION('center_axis',(0.,0.,-1.));
#5748=DIRECTION('ref_axis',(0.,1.,0.));
#5749=DIRECTION('',(0.,0.,-1.));
#5750=DIRECTION('center_axis',(-1.,-6.50659510180813E-15,0.));
#5751=DIRECTION('ref_axis',(-6.50659510180813E-15,1.,0.));
#5752=DIRECTION('',(0.,0.,-1.));
#5753=DIRECTION('',(6.50659510180813E-15,-1.,0.));
#5754=DIRECTION('center_axis',(0.,0.,-1.));
#5755=DIRECTION('ref_axis',(-8.88178419700223E-14,-1.,0.));
#5756=DIRECTION('',(0.,0.,-1.));
#5757=DIRECTION('center_axis',(0.,0.,-1.));
#5758=DIRECTION('ref_axis',(1.,6.93889390390797E-15,0.));
#5759=DIRECTION('center_axis',(-3.2611127205505E-15,1.,0.));
#5760=DIRECTION('ref_axis',(1.,3.2611127205505E-15,0.));
#5761=DIRECTION('',(0.,0.,-1.));
#5762=DIRECTION('',(-1.,-3.2611127205505E-15,0.));
#5763=DIRECTION('center_axis',(0.98058067569092,0.196116135138186,-8.16497432740917E-16));
#5764=DIRECTION('ref_axis',(-0.196116135138186,0.98058067569092,0.));
#5765=DIRECTION('center_axis',(-0.196116135138173,-0.980580675690922,-1.36082905456819E-16));
#5766=DIRECTION('ref_axis',(-0.980580675690922,0.196116135138173,0.));
#5767=DIRECTION('center_axis',(0.,0.,-1.));
#5768=DIRECTION('ref_axis',(-1.,-1.3010426069826E-14,0.));
#5769=DIRECTION('center_axis',(-0.196116135138279,0.980580675690901,1.36082905456885E-16));
#5770=DIRECTION('ref_axis',(-0.980580675690901,-0.196116135138279,0.));
#5771=DIRECTION('center_axis',(0.980580675690905,-0.196116135138261,-2.17732648730996E-16));
#5772=DIRECTION('ref_axis',(-0.196116135138261,-0.980580675690905,0.));
#5773=DIRECTION('center_axis',(0.,0.,-1.));
#5774=DIRECTION('ref_axis',(3.1225022567586E-15,-1.,0.));
#5775=DIRECTION('center_axis',(-0.980580675690903,-0.196116135138268,-3.26598973096409E-15));
#5776=DIRECTION('ref_axis',(0.196116135138268,-0.980580675690903,0.));
#5777=DIRECTION('center_axis',(0.19611613513826,0.980580675690905,4.35465297461991E-16));
#5778=DIRECTION('ref_axis',(0.980580675690905,-0.19611613513826,0.));
#5779=DIRECTION('center_axis',(0.196116135138272,-0.980580675690903,-9.79796919289284E-16));
#5780=DIRECTION('ref_axis',(0.980580675690902,0.196116135138272,0.));
#5781=DIRECTION('center_axis',(-0.980580675690903,0.196116135138268,0.));
#5782=DIRECTION('ref_axis',(0.196116135138268,0.980580675690903,0.));
#5783=DIRECTION('center_axis',(1.,0.,0.));
#5784=DIRECTION('ref_axis',(0.,0.707106781186547,0.707106781186548));
#5785=DIRECTION('',(1.,0.,0.));
#5786=DIRECTION('',(-1.,0.,0.));
#5787=DIRECTION('center_axis',(6.50659510180813E-15,-1.,0.));
#5788=DIRECTION('ref_axis',(0.707106781186548,4.71027737605132E-15,0.707106781186548));
#5789=DIRECTION('',(-6.50659510180813E-15,1.,0.));
#5790=DIRECTION('center_axis',(-1.,-3.2611127205505E-15,0.));
#5791=DIRECTION('ref_axis',(2.35513868802566E-15,-0.707106781186548,0.707106781186548));
#5792=DIRECTION('',(1.,3.2611127205505E-15,0.));
#5793=DIRECTION('center_axis',(-1.30131902036162E-14,1.,0.));
#5794=DIRECTION('ref_axis',(-0.707106781186547,-9.0280316374317E-15,0.707106781186548));
#5795=DIRECTION('',(1.30131902036162E-14,-1.,0.));
#5796=DIRECTION('',(-1.30131902036162E-14,1.,0.));
#5797=DIRECTION('center_axis',(0.,0.,1.));
#5798=DIRECTION('ref_axis',(-1.,0.,0.));
#5799=DIRECTION('center_axis',(1.,1.30131902036162E-14,0.));
#5800=DIRECTION('ref_axis',(1.30131902036162E-14,-1.,0.));
#5801=DIRECTION('',(0.,0.,-1.));
#5802=DIRECTION('',(0.,0.,-1.));
#5803=DIRECTION('center_axis',(0.,0.,-1.));
#5804=DIRECTION('ref_axis',(0.,1.,0.));
#5805=DIRECTION('',(0.,0.,-1.));
#5806=DIRECTION('center_axis',(0.,-1.,0.));
#5807=DIRECTION('ref_axis',(-1.,0.,0.));
#5808=DIRECTION('center_axis',(0.,0.,-1.));
#5809=DIRECTION('ref_axis',(-1.,-4.44089209850112E-14,0.));
#5810=DIRECTION('center_axis',(0.,-1.,0.));
#5811=DIRECTION('ref_axis',(0.,0.,1.));
#5812=DIRECTION('',(0.,0.,-1.));
#5813=DIRECTION('',(-1.,0.,0.));
#5814=DIRECTION('',(0.,0.,1.));
#5815=DIRECTION('',(1.,0.,0.));
#5816=DIRECTION('center_axis',(0.,1.,0.));
#5817=DIRECTION('ref_axis',(0.,0.,-1.));
#5818=DIRECTION('',(0.,0.,1.));
#5819=DIRECTION('',(-1.,0.,0.));
#5820=DIRECTION('',(0.,0.,-1.));
#5821=DIRECTION('',(-1.,0.,0.));
#5822=DIRECTION('center_axis',(0.,0.,1.));
#5823=DIRECTION('ref_axis',(0.,1.,0.));
#5824=DIRECTION('',(0.,-1.,0.));
#5825=DIRECTION('',(0.,1.,0.));
#5826=DIRECTION('center_axis',(0.,0.,-1.));
#5827=DIRECTION('ref_axis',(-1.,0.,0.));
#5828=DIRECTION('',(0.,-1.,0.));
#5829=DIRECTION('center_axis',(0.,0.,1.));
#5830=DIRECTION('ref_axis',(0.707106781186485,-0.70710678118661,0.));
#5831=DIRECTION('',(-1.,0.,0.));
#5832=DIRECTION('center_axis',(0.,0.,1.));
#5833=DIRECTION('ref_axis',(-0.707106781186548,-0.707106781186548,0.));
#5834=DIRECTION('',(0.,1.,0.));
#5835=DIRECTION('center_axis',(0.,0.,1.));
#5836=DIRECTION('ref_axis',(-0.707106781186548,0.707106781186548,0.));
#5837=DIRECTION('',(1.,0.,0.));
#5838=DIRECTION('center_axis',(0.,0.,1.));
#5839=DIRECTION('ref_axis',(0.70710678118661,0.707106781186485,0.));
#5840=DIRECTION('',(0.,-1.,0.));
#5841=DIRECTION('',(0.,1.,0.));
#5842=DIRECTION('center_axis',(0.,0.,-1.));
#5843=DIRECTION('ref_axis',(0.707106781186485,0.70710678118661,0.));
#5844=DIRECTION('',(-1.,0.,0.));
#5845=DIRECTION('center_axis',(0.,0.,-1.));
#5846=DIRECTION('ref_axis',(-0.707106781186548,0.707106781186548,0.));
#5847=DIRECTION('',(0.,-1.,0.));
#5848=DIRECTION('center_axis',(0.,0.,-1.));
#5849=DIRECTION('ref_axis',(-0.707106781186548,-0.707106781186548,0.));
#5850=DIRECTION('',(1.,0.,0.));
#5851=DIRECTION('center_axis',(0.,0.,-1.));
#5852=DIRECTION('ref_axis',(0.70710678118661,-0.707106781186485,0.));
#5853=DIRECTION('',(0.,1.,0.));
#5854=DIRECTION('center_axis',(1.,0.,0.));
#5855=DIRECTION('ref_axis',(0.,-1.,0.));
#5856=DIRECTION('',(0.,0.,-1.));
#5857=DIRECTION('',(0.,-1.,0.));
#5858=DIRECTION('',(0.,0.,-1.));
#5859=DIRECTION('',(0.,1.,0.));
#5860=DIRECTION('',(0.,0.,1.));
#5861=DIRECTION('',(0.,-1.,0.));
#5862=DIRECTION('',(0.,0.,1.));
#5863=DIRECTION('center_axis',(0.,0.,1.));
#5864=DIRECTION('ref_axis',(1.,0.,0.));
#5865=DIRECTION('center_axis',(0.,0.,1.));
#5866=DIRECTION('ref_axis',(-0.707106781186548,0.707106781186548,0.));
#5867=DIRECTION('',(0.,-1.,0.));
#5868=DIRECTION('center_axis',(0.,0.,1.));
#5869=DIRECTION('ref_axis',(-0.707106781186548,-0.707106781186548,0.));
#5870=DIRECTION('',(1.,0.,0.));
#5871=DIRECTION('',(0.,1.,0.));
#5872=DIRECTION('',(1.,0.,0.));
#5873=DIRECTION('',(0.,-1.,0.));
#5874=DIRECTION('',(1.,0.,0.));
#5875=DIRECTION('center_axis',(0.,0.,1.));
#5876=DIRECTION('ref_axis',(0.707106781186522,-0.707106781186573,0.));
#5877=DIRECTION('',(0.,1.,0.));
#5878=DIRECTION('center_axis',(0.,0.,1.));
#5879=DIRECTION('ref_axis',(0.707106781186522,0.707106781186573,0.));
#5880=DIRECTION('',(-1.,0.,0.));
#5881=DIRECTION('center_axis',(1.,0.,0.));
#5882=DIRECTION('ref_axis',(0.,0.,-1.));
#5883=DIRECTION('',(0.,0.,-1.));
#5884=DIRECTION('',(0.,-1.,0.));
#5885=DIRECTION('',(0.,0.,-1.));
#5886=DIRECTION('',(0.,1.,0.));
#5887=DIRECTION('center_axis',(0.,-1.,0.));
#5888=DIRECTION('ref_axis',(1.,0.,0.));
#5889=DIRECTION('',(1.,0.,0.));
#5890=DIRECTION('',(0.,0.,1.));
#5891=DIRECTION('',(-1.,0.,0.));
#5892=DIRECTION('',(0.,0.,-1.));
#5893=DIRECTION('',(1.,0.,0.));
#5894=DIRECTION('',(0.,0.,1.));
#5895=DIRECTION('',(-1.,0.,0.));
#5896=DIRECTION('center_axis',(0.,0.,-1.));
#5897=DIRECTION('ref_axis',(1.,0.,0.));
#5898=DIRECTION('',(-1.,0.,0.));
#5899=DIRECTION('',(0.,-1.,0.));
#5900=DIRECTION('',(1.,0.,0.));
#5901=DIRECTION('',(0.,-1.,0.));
#5902=DIRECTION('center_axis',(-1.,0.,0.));
#5903=DIRECTION('ref_axis',(0.,0.,-1.));
#5904=DIRECTION('',(0.,0.,1.));
#5905=DIRECTION('',(0.,0.,-1.));
#5906=DIRECTION('',(0.,-1.,0.));
#5907=DIRECTION('center_axis',(0.,0.,1.));
#5908=DIRECTION('ref_axis',(-1.,0.,0.));
#5909=DIRECTION('',(1.,0.,0.));
#5910=DIRECTION('',(-1.,0.,0.));
#5911=DIRECTION('',(0.,-1.,0.));
#5912=DIRECTION('center_axis',(1.,0.,0.));
#5913=DIRECTION('ref_axis',(0.,0.,1.));
#5914=DIRECTION('',(0.,0.,-1.));
#5915=DIRECTION('',(0.,-1.,0.));
#5916=DIRECTION('',(0.,0.,-1.));
#5917=DIRECTION('',(0.,-1.,0.));
#5918=DIRECTION('center_axis',(0.,0.,1.));
#5919=DIRECTION('ref_axis',(-1.,0.,0.));
#5920=DIRECTION('',(1.,0.,0.));
#5921=DIRECTION('',(1.,0.,0.));
#5922=DIRECTION('',(0.,-1.,0.));
#5923=DIRECTION('center_axis',(0.,0.,1.));
#5924=DIRECTION('ref_axis',(-1.,0.,0.));
#5925=DIRECTION('',(-1.,0.,0.));
#5926=DIRECTION('',(0.,-1.,0.));
#5927=DIRECTION('',(1.,0.,0.));
#5928=DIRECTION('center_axis',(0.,-1.,0.));
#5929=DIRECTION('ref_axis',(1.,0.,0.));
#5930=DIRECTION('',(0.,0.,-1.));
#5931=DIRECTION('',(0.,0.,-1.));
#5932=DIRECTION('center_axis',(0.,0.,1.));
#5933=DIRECTION('ref_axis',(1.,0.,0.));
#5934=DIRECTION('',(-1.,0.,0.));
#5935=DIRECTION('',(0.,-1.,0.));
#5936=DIRECTION('',(0.,-1.,0.));
#5937=DIRECTION('center_axis',(0.,-1.,0.));
#5938=DIRECTION('ref_axis',(-1.,0.,0.));
#5939=DIRECTION('',(0.,0.,-1.));
#5940=DIRECTION('',(0.,0.,1.));
#5941=DIRECTION('',(-1.,0.,0.));
#5942=DIRECTION('',(0.,0.,-1.));
#5943=DIRECTION('',(-1.,0.,0.));
#5944=DIRECTION('',(0.,0.,-1.));
#5945=DIRECTION('',(1.,0.,0.));
#5946=DIRECTION('',(0.,0.,-1.));
#5947=DIRECTION('',(-1.,0.,0.));
#5948=DIRECTION('',(0.,0.,-1.));
#5949=DIRECTION('',(-1.,0.,0.));
#5950=DIRECTION('',(1.,0.,0.));
#5951=DIRECTION('',(0.,0.,-1.));
#5952=DIRECTION('',(-5.72714469139354E-15,0.,1.));
#5953=DIRECTION('',(0.,0.,1.));
#5954=DIRECTION('center_axis',(0.,0.,1.));
#5955=DIRECTION('ref_axis',(-1.,0.,0.));
#5956=DIRECTION('',(1.,0.,0.));
#5957=DIRECTION('',(0.,-1.,0.));
#5958=DIRECTION('',(0.,-1.,0.));
#5959=DIRECTION('center_axis',(-1.,0.,0.));
#5960=DIRECTION('ref_axis',(0.,0.,-1.));
#5961=DIRECTION('',(0.,0.,1.));
#5962=DIRECTION('',(0.,1.,0.));
#5963=DIRECTION('center_axis',(-1.,0.,0.));
#5964=DIRECTION('ref_axis',(0.,0.,-1.));
#5965=DIRECTION('',(0.,0.,1.));
#5966=DIRECTION('',(0.,-1.,0.));
#5967=DIRECTION('',(0.,-1.,0.));
#5968=DIRECTION('center_axis',(0.,0.,-1.));
#5969=DIRECTION('ref_axis',(1.,0.,0.));
#5970=DIRECTION('',(-1.,0.,0.));
#5971=DIRECTION('',(0.,-1.,0.));
#5972=DIRECTION('center_axis',(0.,0.,-1.));
#5973=DIRECTION('ref_axis',(1.,0.,0.));
#5974=DIRECTION('',(1.,0.,0.));
#5975=DIRECTION('',(0.,-1.,0.));
#5976=DIRECTION('center_axis',(0.,-1.,0.));
#5977=DIRECTION('ref_axis',(0.707106781186233,0.,0.707106781186861));
#5978=DIRECTION('',(0.,-1.,0.));
#5979=DIRECTION('center_axis',(0.,-1.,0.));
#5980=DIRECTION('ref_axis',(1.,0.,0.));
#5981=DIRECTION('',(0.,1.,0.));
#5982=DIRECTION('center_axis',(0.70710678118661,0.707106781186485,0.));
#5983=DIRECTION('ref_axis',(-0.707106781186485,0.70710678118661,0.));
#5984=DIRECTION('center_axis',(0.,0.986013297183236,0.166666666666866));
#5985=DIRECTION('ref_axis',(-1.,0.,0.));
#5986=DIRECTION('center_axis',(0.,1.,0.));
#5987=DIRECTION('ref_axis',(-1.,0.,0.));
#5988=DIRECTION('center_axis',(1.,0.,0.));
#5989=DIRECTION('ref_axis',(0.,-0.169101978725815,0.98559855965348));
#5990=DIRECTION('center_axis',(-1.,0.,0.));
#5991=DIRECTION('ref_axis',(0.,-0.169101978725815,0.98559855965348));
#5992=DIRECTION('center_axis',(0.,1.,0.));
#5993=DIRECTION('ref_axis',(-0.707106781186233,0.,0.707106781186861));
#5994=DIRECTION('',(0.,-1.,0.));
#5995=DIRECTION('',(0.,1.,0.));
#5996=DIRECTION('center_axis',(-0.707106781186673,0.707106781186422,0.));
#5997=DIRECTION('ref_axis',(-0.707106781186422,-0.707106781186673,0.));
#5998=DIRECTION('center_axis',(-1.,-1.06581410364021E-13,0.));
#5999=DIRECTION('ref_axis',(0.,-0.70710678118661,0.707106781186485));
#6000=DIRECTION('',(1.,1.06581410364021E-13,0.));
#6001=DIRECTION('',(-1.,-1.06581410364021E-13,0.));
#6002=DIRECTION('center_axis',(0.,0.,-1.));
#6003=DIRECTION('ref_axis',(1.,0.,0.));
#6004=DIRECTION('center_axis',(-1.,0.,0.));
#6005=DIRECTION('ref_axis',(0.,-0.707106781186542,0.707106781186553));
#6006=DIRECTION('center_axis',(1.,0.,0.));
#6007=DIRECTION('ref_axis',(0.,-0.707106781186542,0.707106781186553));
#6008=DIRECTION('center_axis',(0.,0.,-1.));
#6009=DIRECTION('ref_axis',(0.707106781186296,-0.707106781186799,0.));
#6010=DIRECTION('center_axis',(0.,0.,-1.));
#6011=DIRECTION('ref_axis',(0.707106781186296,-0.707106781186799,0.));
#6012=DIRECTION('',(0.,0.,1.));
#6013=DIRECTION('',(0.,0.,-1.));
#6014=DIRECTION('center_axis',(-1.,0.,0.));
#6015=DIRECTION('ref_axis',(0.,1.,0.));
#6016=DIRECTION('',(0.,0.,-1.));
#6017=DIRECTION('',(0.,1.,0.));
#6018=DIRECTION('center_axis',(-1.06581410364021E-13,1.,0.));
#6019=DIRECTION('ref_axis',(1.,1.06581410364021E-13,0.));
#6020=DIRECTION('',(0.,0.,-1.));
#6021=DIRECTION('',(1.,1.06581410364021E-13,0.));
#6022=DIRECTION('center_axis',(1.,0.,0.));
#6023=DIRECTION('ref_axis',(0.,-1.,0.));
#6024=DIRECTION('',(0.,1.,0.));
#6025=DIRECTION('',(0.,0.,1.));
#6026=DIRECTION('',(0.,-1.,0.));
#6027=DIRECTION('center_axis',(-0.316227766016821,0.94868329805052,0.));
#6028=DIRECTION('ref_axis',(-0.948683298050519,-0.316227766016821,0.));
#6029=DIRECTION('center_axis',(0.948683298050497,-0.316227766016889,0.));
#6030=DIRECTION('ref_axis',(-0.316227766016888,-0.948683298050497,0.));
#6031=DIRECTION('center_axis',(0.,0.,-1.));
#6032=DIRECTION('ref_axis',(-1.,0.,0.));
#6033=DIRECTION('center_axis',(0.,0.,1.));
#6034=DIRECTION('ref_axis',(0.707106781186485,-0.70710678118661,0.));
#6035=DIRECTION('',(-1.,0.,0.));
#6036=DIRECTION('center_axis',(0.,0.,1.));
#6037=DIRECTION('ref_axis',(0.707106781186485,-0.70710678118661,0.));
#6038=DIRECTION('center_axis',(0.,0.,-1.));
#6039=DIRECTION('ref_axis',(-0.707106781186485,-0.70710678118661,0.));
#6040=DIRECTION('',(1.,0.,0.));
#6041=DIRECTION('center_axis',(0.,0.,-1.));
#6042=DIRECTION('ref_axis',(0.707106781186485,-0.70710678118661,0.));
#6043=DIRECTION('center_axis',(0.,0.,-1.));
#6044=DIRECTION('ref_axis',(1.,0.,0.));
#6045=DIRECTION('',(0.,0.,-1.));
#6046=DIRECTION('center_axis',(0.9486832980505,0.31622776601688,0.));
#6047=DIRECTION('ref_axis',(-0.31622776601688,0.9486832980505,0.));
#6048=DIRECTION('center_axis',(-0.316227766016821,-0.94868329805052,0.));
#6049=DIRECTION('ref_axis',(-0.948683298050519,0.316227766016821,0.));
#6050=DIRECTION('center_axis',(-1.,0.,0.));
#6051=DIRECTION('ref_axis',(0.,-0.70710678118654,0.707106781186555));
#6052=DIRECTION('',(1.,0.,0.));
#6053=DIRECTION('center_axis',(-1.,0.,0.));
#6054=DIRECTION('ref_axis',(0.,1.,0.));
#6055=DIRECTION('',(0.,0.,-1.));
#6056=DIRECTION('',(0.,-1.,0.));
#6057=DIRECTION('',(0.,0.,1.));
#6058=DIRECTION('center_axis',(0.,0.,1.));
#6059=DIRECTION('ref_axis',(1.,0.,0.));
#6060=DIRECTION('center_axis',(-0.316227766016821,0.94868329805052,0.));
#6061=DIRECTION('ref_axis',(-0.948683298050519,-0.316227766016821,0.));
#6062=DIRECTION('center_axis',(0.9486832980505,-0.31622776601688,0.));
#6063=DIRECTION('ref_axis',(-0.31622776601688,-0.9486832980505,0.));
#6064=DIRECTION('center_axis',(0.,0.,-1.));
#6065=DIRECTION('ref_axis',(0.707106781186485,0.70710678118661,0.));
#6066=DIRECTION('center_axis',(0.,0.,1.));
#6067=DIRECTION('ref_axis',(0.707106781186485,0.70710678118661,0.));
#6068=DIRECTION('',(0.,0.,1.));
#6069=DIRECTION('',(0.,0.,-1.));
#6070=DIRECTION('center_axis',(0.,0.,-1.));
#6071=DIRECTION('ref_axis',(-1.,0.,0.));
#6072=DIRECTION('',(0.,-1.,0.));
#6073=DIRECTION('center_axis',(0.,0.,1.));
#6074=DIRECTION('ref_axis',(0.707106781186485,-0.70710678118661,0.));
#6075=DIRECTION('',(-1.,0.,0.));
#6076=DIRECTION('center_axis',(0.,0.,1.));
#6077=DIRECTION('ref_axis',(-0.707106781186485,-0.70710678118661,0.));
#6078=DIRECTION('',(0.,1.,0.));
#6079=DIRECTION('center_axis',(0.,0.,-1.));
#6080=DIRECTION('ref_axis',(0.707106781186485,0.70710678118661,0.));
#6081=DIRECTION('',(-1.,0.,0.));
#6082=DIRECTION('center_axis',(0.,0.,-1.));
#6083=DIRECTION('ref_axis',(-0.70710678118661,0.707106781186485,0.));
#6084=DIRECTION('center_axis',(0.,0.,1.));
#6085=DIRECTION('ref_axis',(0.70710678118661,0.707106781186485,0.));
#6086=DIRECTION('',(1.,0.,0.));
#6087=DIRECTION('center_axis',(1.,0.,0.));
#6088=DIRECTION('ref_axis',(0.,-1.,0.));
#6089=DIRECTION('',(0.,1.,0.));
#6090=DIRECTION('',(0.,0.,1.));
#6091=DIRECTION('center_axis',(0.,1.,0.));
#6092=DIRECTION('ref_axis',(-0.707106781186728,0.,0.707106781186367));
#6093=DIRECTION('',(0.,-1.,0.));
#6094=DIRECTION('center_axis',(0.9486832980505,0.31622776601688,0.));
#6095=DIRECTION('ref_axis',(-0.31622776601688,0.9486832980505,0.));
#6096=DIRECTION('center_axis',(0.,0.,-1.));
#6097=DIRECTION('ref_axis',(0.707106781186485,-0.70710678118661,0.));
#6098=DIRECTION('',(0.,0.,-1.));
#6099=DIRECTION('center_axis',(0.,-1.,0.));
#6100=DIRECTION('ref_axis',(-1.,0.,0.));
#6101=DIRECTION('',(1.,0.,0.));
#6102=DIRECTION('',(0.,0.,1.));
#6103=DIRECTION('center_axis',(0.,0.,-1.));
#6104=DIRECTION('ref_axis',(-0.707106781186548,-0.707106781186548,0.));
#6105=DIRECTION('center_axis',(0.,0.,-1.));
#6106=DIRECTION('ref_axis',(0.,-1.,0.));
#6107=DIRECTION('',(0.,0.,-1.));
#6108=DIRECTION('center_axis',(0.316227766016838,-0.948683298050514,0.));
#6109=DIRECTION('ref_axis',(0.948683298050514,0.316227766016838,0.));
#6110=DIRECTION('center_axis',(-0.94868329805052,0.316227766016821,0.));
#6111=DIRECTION('ref_axis',(0.316227766016821,0.948683298050519,0.));
#6112=DIRECTION('center_axis',(1.,0.,0.));
#6113=DIRECTION('ref_axis',(0.,0.70710678118654,0.707106781186555));
#6114=DIRECTION('',(-1.,0.,0.));
#6115=DIRECTION('center_axis',(0.,0.,-1.));
#6116=DIRECTION('ref_axis',(0.70710678118661,0.707106781186485,0.));
#6117=DIRECTION('',(0.,0.,1.));
#6118=DIRECTION('center_axis',(0.,1.,0.));
#6119=DIRECTION('ref_axis',(1.,0.,0.));
#6120=DIRECTION('',(0.,0.,-1.));
#6121=DIRECTION('',(-1.,0.,0.));
#6122=DIRECTION('center_axis',(0.,0.,-1.));
#6123=DIRECTION('ref_axis',(-0.707106781186548,0.707106781186548,0.));
#6124=DIRECTION('',(0.,0.,1.));
#6125=DIRECTION('center_axis',(0.,0.,-1.));
#6126=DIRECTION('ref_axis',(-1.,0.,0.));
#6127=DIRECTION('center_axis',(-0.948683298050517,-0.31622776601683,0.));
#6128=DIRECTION('ref_axis',(0.31622776601683,-0.948683298050517,0.));
#6129=DIRECTION('center_axis',(0.316227766016838,0.948683298050514,0.));
#6130=DIRECTION('ref_axis',(0.948683298050514,-0.316227766016838,0.));
#6131=DIRECTION('center_axis',(-1.,0.,0.));
#6132=DIRECTION('ref_axis',(0.,1.,0.));
#6133=DIRECTION('',(0.,-1.,0.));
#6134=DIRECTION('center_axis',(0.,1.,0.));
#6135=DIRECTION('ref_axis',(0.,0.,1.));
#6136=DIRECTION('center_axis',(0.,0.,-1.));
#6137=DIRECTION('ref_axis',(0.707106781186548,-0.707106781186548,0.));
#6138=DIRECTION('center_axis',(-1.,0.,0.));
#6139=DIRECTION('ref_axis',(0.,-1.,0.));
#6140=DIRECTION('center_axis',(0.,0.,1.));
#6141=DIRECTION('ref_axis',(0.707106781186548,-0.707106781186548,0.));
#6142=DIRECTION('center_axis',(0.,0.,-1.));
#6143=DIRECTION('ref_axis',(0.70710678118661,-0.707106781186485,0.));
#6144=DIRECTION('',(0.,0.,1.));
#6145=DIRECTION('center_axis',(-1.,0.,0.));
#6146=DIRECTION('ref_axis',(0.,-0.70710678118654,0.707106781186555));
#6147=DIRECTION('',(-1.,0.,0.));
#6148=DIRECTION('center_axis',(1.,0.,0.));
#6149=DIRECTION('ref_axis',(0.,0.,1.));
#6150=DIRECTION('',(1.,0.,0.));
#6151=DIRECTION('center_axis',(0.,1.,0.));
#6152=DIRECTION('ref_axis',(1.,0.,0.));
#6153=DIRECTION('',(0.,0.,-1.));
#6154=DIRECTION('center_axis',(-1.,0.,0.));
#6155=DIRECTION('ref_axis',(0.,0.,1.));
#6156=DIRECTION('center_axis',(0.,0.,-1.));
#6157=DIRECTION('ref_axis',(0.707106781186233,0.707106781186862,0.));
#6158=DIRECTION('center_axis',(0.,-1.,0.));
#6159=DIRECTION('ref_axis',(1.,0.,0.));
#6160=DIRECTION('center_axis',(0.,0.,1.));
#6161=DIRECTION('ref_axis',(0.707106781186233,0.707106781186861,0.));
#6162=DIRECTION('center_axis',(0.,0.,-1.));
#6163=DIRECTION('ref_axis',(0.707106781186485,0.70710678118661,0.));
#6164=DIRECTION('',(0.,0.,-1.));
#6165=DIRECTION('center_axis',(0.,-1.,0.));
#6166=DIRECTION('ref_axis',(0.707106781186477,0.,0.707106781186618));
#6167=DIRECTION('',(0.,1.,0.));
#6168=DIRECTION('center_axis',(0.,-1.,0.));
#6169=DIRECTION('ref_axis',(0.,0.,1.));
#6170=DIRECTION('center_axis',(0.,0.,-1.));
#6171=DIRECTION('ref_axis',(-0.70710678118661,0.707106781186485,0.));
#6172=DIRECTION('center_axis',(1.,0.,0.));
#6173=DIRECTION('ref_axis',(0.,1.,0.));
#6174=DIRECTION('center_axis',(0.,0.,1.));
#6175=DIRECTION('ref_axis',(-0.70710678118661,0.707106781186485,0.));
#6176=DIRECTION('center_axis',(0.,0.,-1.));
#6177=DIRECTION('ref_axis',(-0.707106781186548,0.707106781186548,0.));
#6178=DIRECTION('',(0.,0.,-1.));
#6179=DIRECTION('',(0.,0.,1.));
#6180=DIRECTION('center_axis',(1.,0.,0.));
#6181=DIRECTION('ref_axis',(0.,0.70710678118654,0.707106781186555));
#6182=DIRECTION('',(-1.,0.,0.));
#6183=DIRECTION('',(1.,0.,0.));
#6184=DIRECTION('center_axis',(0.,-1.,0.));
#6185=DIRECTION('ref_axis',(-1.,0.,0.));
#6186=DIRECTION('center_axis',(0.,0.,-1.));
#6187=DIRECTION('ref_axis',(-0.70710678118661,-0.707106781186485,0.));
#6188=DIRECTION('center_axis',(0.,1.,0.));
#6189=DIRECTION('ref_axis',(-1.,0.,0.));
#6190=DIRECTION('center_axis',(0.,0.,1.));
#6191=DIRECTION('ref_axis',(-0.70710678118661,-0.707106781186485,0.));
#6192=DIRECTION('center_axis',(0.,0.,-1.));
#6193=DIRECTION('ref_axis',(-0.707106781186548,-0.707106781186548,0.));
#6194=DIRECTION('',(0.,0.,1.));
#6195=DIRECTION('center_axis',(0.,0.,-1.));
#6196=DIRECTION('ref_axis',(-1.,0.,0.));
#6197=DIRECTION('',(0.,-1.,0.));
#6198=DIRECTION('center_axis',(0.,1.,0.));
#6199=DIRECTION('ref_axis',(-0.707106781186477,0.,0.707106781186618));
#6200=DIRECTION('',(0.,1.,0.));
#6201=DIRECTION('center_axis',(1.,0.,0.));
#6202=DIRECTION('ref_axis',(0.,-1.,0.));
#6203=DIRECTION('center_axis',(1.,0.,0.));
#6204=DIRECTION('ref_axis',(0.,0.,1.));
#6205=DIRECTION('center_axis',(0.,0.,-1.));
#6206=DIRECTION('ref_axis',(-0.707106781186233,-0.707106781186862,0.));
#6207=DIRECTION('center_axis',(0.,1.,0.));
#6208=DIRECTION('ref_axis',(-1.,0.,0.));
#6209=DIRECTION('center_axis',(0.,0.,1.));
#6210=DIRECTION('ref_axis',(-0.707106781186233,-0.707106781186861,0.));
#6211=DIRECTION('center_axis',(0.,0.,-1.));
#6212=DIRECTION('ref_axis',(-0.707106781186485,-0.70710678118661,0.));
#6213=DIRECTION('',(0.,0.,-1.));
#6214=DIRECTION('center_axis',(0.,1.,0.));
#6215=DIRECTION('ref_axis',(-0.707106781186477,0.,0.707106781186618));
#6216=DIRECTION('center_axis',(0.,-1.,0.));
#6217=DIRECTION('ref_axis',(3.5527136788005E-13,0.,1.));
#6218=DIRECTION('',(0.,-1.,0.));
#6219=DIRECTION('center_axis',(0.,1.,0.));
#6220=DIRECTION('ref_axis',(-0.707106781186728,0.,0.707106781186367));
#6221=DIRECTION('',(0.,-1.,0.));
#6222=DIRECTION('center_axis',(0.,1.,0.));
#6223=DIRECTION('ref_axis',(1.,0.,0.));
#6224=DIRECTION('',(-1.,0.,0.));
#6225=DIRECTION('center_axis',(0.,0.,-1.));
#6226=DIRECTION('ref_axis',(0.707106781186485,-0.70710678118661,0.));
#6227=DIRECTION('center_axis',(0.,0.,1.));
#6228=DIRECTION('ref_axis',(0.707106781186485,-0.70710678118661,0.));
#6229=DIRECTION('',(0.,0.,1.));
#6230=DIRECTION('center_axis',(0.,0.,-1.));
#6231=DIRECTION('ref_axis',(1.,0.,0.));
#6232=DIRECTION('',(0.,0.,-1.));
#6233=DIRECTION('center_axis',(0.9486832980505,0.31622776601688,0.));
#6234=DIRECTION('ref_axis',(-0.31622776601688,0.9486832980505,0.));
#6235=DIRECTION('center_axis',(-0.316227766016821,-0.94868329805052,0.));
#6236=DIRECTION('ref_axis',(-0.948683298050519,0.316227766016821,0.));
#6237=DIRECTION('center_axis',(0.,1.,0.));
#6238=DIRECTION('ref_axis',(-0.707106781186728,0.,0.707106781186367));
#6239=DIRECTION('',(0.,1.,0.));
#6240=DIRECTION('center_axis',(0.948683298050508,-0.316227766016855,0.));
#6241=DIRECTION('ref_axis',(-0.316227766016855,-0.948683298050508,0.));
#6242=DIRECTION('',(0.,-1.,0.));
#6243=DIRECTION('center_axis',(1.,0.,0.));
#6244=DIRECTION('ref_axis',(0.,-1.,0.));
#6245=DIRECTION('',(0.,-1.,0.));
#6246=DIRECTION('',(0.,0.,-1.));
#6247=DIRECTION('center_axis',(0.,0.,-1.));
#6248=DIRECTION('ref_axis',(-1.,0.,0.));
#6249=DIRECTION('',(-1.,0.,0.));
#6250=DIRECTION('center_axis',(0.,0.,1.));
#6251=DIRECTION('ref_axis',(-0.707106781186485,-0.70710678118661,0.));
#6252=DIRECTION('',(0.,1.,0.));
#6253=DIRECTION('center_axis',(0.,0.,1.));
#6254=DIRECTION('ref_axis',(-0.70710678118661,0.707106781186485,0.));
#6255=DIRECTION('',(1.,1.06581410364021E-13,0.));
#6256=DIRECTION('center_axis',(0.,0.,1.));
#6257=DIRECTION('ref_axis',(0.707106781186485,0.70710678118661,0.));
#6258=DIRECTION('center_axis',(0.,0.,-1.));
#6259=DIRECTION('ref_axis',(0.707106781186485,0.70710678118661,0.));
#6260=DIRECTION('',(0.,0.,1.));
#6261=DIRECTION('center_axis',(0.,0.,-1.));
#6262=DIRECTION('ref_axis',(-1.77635683940029E-13,1.,0.));
#6263=DIRECTION('center_axis',(-0.316227766016889,0.948683298050497,0.));
#6264=DIRECTION('ref_axis',(-0.948683298050497,-0.316227766016888,0.));
#6265=DIRECTION('center_axis',(-1.06581410364021E-13,1.,0.));
#6266=DIRECTION('ref_axis',(1.,1.06581410364021E-13,0.));
#6267=DIRECTION('',(0.,0.,-1.));
#6268=DIRECTION('',(-1.,-1.06581410364021E-13,0.));
#6269=DIRECTION('center_axis',(0.,0.,1.));
#6270=DIRECTION('ref_axis',(-1.77635683940021E-13,1.,0.));
#6271=DIRECTION('center_axis',(-0.948683298050489,-0.316227766016914,0.));
#6272=DIRECTION('ref_axis',(0.316227766016914,-0.948683298050489,0.));
#6273=DIRECTION('center_axis',(0.316227766016779,0.948683298050534,-8.42600032458425E-14));
#6274=DIRECTION('ref_axis',(0.948683298050533,-0.316227766016779,0.));
#6275=DIRECTION('center_axis',(0.,0.,-1.));
#6276=DIRECTION('ref_axis',(-0.70710678118661,0.707106781186485,0.));
#6277=DIRECTION('',(0.,0.,1.));
#6278=DIRECTION('center_axis',(-1.,-1.06581410364021E-13,0.));
#6279=DIRECTION('ref_axis',(0.,-0.70710678118654,0.707106781186555));
#6280=DIRECTION('',(1.,1.06581410364021E-13,0.));
#6281=DIRECTION('center_axis',(0.,-1.,0.));
#6282=DIRECTION('ref_axis',(0.707106781186728,0.,0.707106781186367));
#6283=DIRECTION('',(0.,-1.,0.));
#6284=DIRECTION('center_axis',(-0.948683298050497,0.316227766016889,0.));
#6285=DIRECTION('ref_axis',(0.316227766016888,0.948683298050497,0.));
#6286=DIRECTION('',(0.,1.,0.));
#6287=DIRECTION('center_axis',(0.,0.,-1.));
#6288=DIRECTION('ref_axis',(-0.707106781186485,-0.70710678118661,0.));
#6289=DIRECTION('',(0.,0.,1.));
#6290=DIRECTION('center_axis',(0.,0.,-1.));
#6291=DIRECTION('ref_axis',(0.,-1.,0.));
#6292=DIRECTION('',(0.,0.,-1.));
#6293=DIRECTION('center_axis',(0.316227766016821,-0.94868329805052,0.));
#6294=DIRECTION('ref_axis',(0.948683298050519,0.316227766016821,0.));
#6295=DIRECTION('center_axis',(1.,0.,0.));
#6296=DIRECTION('ref_axis',(0.,0.70710678118654,0.707106781186555));
#6297=DIRECTION('',(-1.,0.,0.));
#6298=DIRECTION('',(1.,0.,0.));
#6299=DIRECTION('center_axis',(0.,-1.,0.));
#6300=DIRECTION('ref_axis',(-1.,0.,0.));
#6301=DIRECTION('center_axis',(-1.,0.,0.));
#6302=DIRECTION('ref_axis',(0.,0.,1.));
#6303=DIRECTION('center_axis',(0.,0.,-1.));
#6304=DIRECTION('ref_axis',(0.707106781186485,0.70710678118661,0.));
#6305=DIRECTION('center_axis',(0.,-1.,0.));
#6306=DIRECTION('ref_axis',(1.,0.,0.));
#6307=DIRECTION('center_axis',(0.,0.,1.));
#6308=DIRECTION('ref_axis',(0.707106781186485,0.70710678118661,0.));
#6309=DIRECTION('center_axis',(0.,0.,-1.));
#6310=DIRECTION('ref_axis',(0.707106781186485,0.70710678118661,0.));
#6311=DIRECTION('',(0.,0.,-1.));
#6312=DIRECTION('',(0.,0.,1.));
#6313=DIRECTION('center_axis',(0.,-1.,0.));
#6314=DIRECTION('ref_axis',(0.707106781186728,0.,0.707106781186367));
#6315=DIRECTION('',(0.,-1.,0.));
#6316=DIRECTION('center_axis',(-0.948683298050497,0.316227766016889,0.));
#6317=DIRECTION('ref_axis',(0.316227766016888,0.948683298050497,0.));
#6318=DIRECTION('',(0.,1.,0.));
#6319=DIRECTION('center_axis',(-1.,0.,0.));
#6320=DIRECTION('ref_axis',(0.,1.,0.));
#6321=DIRECTION('',(0.,0.,-1.));
#6322=DIRECTION('center_axis',(1.,0.,0.));
#6323=DIRECTION('ref_axis',(0.,1.,0.));
#6324=DIRECTION('center_axis',(0.,0.,1.));
#6325=DIRECTION('ref_axis',(-0.707106781186485,0.70710678118661,0.));
#6326=DIRECTION('center_axis',(0.,0.,-1.));
#6327=DIRECTION('ref_axis',(-0.707106781186485,0.70710678118661,0.));
#6328=DIRECTION('center_axis',(0.,0.,1.));
#6329=DIRECTION('ref_axis',(-0.70710678118661,0.707106781186485,0.));
#6330=DIRECTION('',(0.,0.,1.));
#6331=DIRECTION('center_axis',(0.,0.,-1.));
#6332=DIRECTION('ref_axis',(-1.,0.,0.));
#6333=DIRECTION('center_axis',(0.,0.,1.));
#6334=DIRECTION('ref_axis',(-0.707106781186548,0.707106781186548,0.));
#6335=DIRECTION('',(-1.,0.,0.));
#6336=DIRECTION('center_axis',(0.,0.,1.));
#6337=DIRECTION('ref_axis',(0.707106781186648,0.707106781186447,0.));
#6338=DIRECTION('',(0.,1.,0.));
#6339=DIRECTION('center_axis',(0.,0.,1.));
#6340=DIRECTION('ref_axis',(0.707106781186598,-0.707106781186497,0.));
#6341=DIRECTION('',(1.,0.,0.));
#6342=DIRECTION('',(0.,1.,0.));
#6343=DIRECTION('',(0.,-1.,0.));
#6344=DIRECTION('',(1.,0.,0.));
#6345=DIRECTION('center_axis',(0.,0.,1.));
#6346=DIRECTION('ref_axis',(-0.707106781186497,-0.707106781186598,0.));
#6347=DIRECTION('',(0.,-1.,0.));
#6348=DIRECTION('',(1.,0.,0.));
#6349=DIRECTION('',(-1.,0.,0.));
#6350=DIRECTION('',(-1.,0.,0.));
#6351=DIRECTION('',(1.,0.,0.));
#6352=DIRECTION('',(0.,1.,0.));
#6353=DIRECTION('center_axis',(1.,0.,0.));
#6354=DIRECTION('ref_axis',(0.,0.70710678118654,0.707106781186555));
#6355=DIRECTION('',(1.,0.,0.));
#6356=DIRECTION('center_axis',(0.,-1.,0.));
#6357=DIRECTION('ref_axis',(-1.,0.,0.));
#6358=DIRECTION('center_axis',(0.,0.,-1.));
#6359=DIRECTION('ref_axis',(-0.707106781186485,-0.70710678118661,0.));
#6360=DIRECTION('',(0.,0.,1.));
#6361=DIRECTION('center_axis',(0.,0.,-1.));
#6362=DIRECTION('ref_axis',(0.,-1.,0.));
#6363=DIRECTION('center_axis',(0.316227766016821,-0.94868329805052,0.));
#6364=DIRECTION('ref_axis',(0.948683298050519,0.316227766016821,0.));
#6365=DIRECTION('center_axis',(1.,0.,0.));
#6366=DIRECTION('ref_axis',(0.,0.70710678118654,0.707106781186555));
#6367=DIRECTION('',(1.,0.,0.));
#6368=DIRECTION('center_axis',(-0.316227766016821,-0.94868329805052,0.));
#6369=DIRECTION('ref_axis',(-0.948683298050519,0.316227766016821,0.));
#6370=DIRECTION('center_axis',(0.,-1.,0.));
#6371=DIRECTION('ref_axis',(-1.,0.,0.));
#6372=DIRECTION('',(0.,0.,-1.));
#6373=DIRECTION('center_axis',(0.,0.,-1.));
#6374=DIRECTION('ref_axis',(0.707106781186485,-0.70710678118661,0.));
#6375=DIRECTION('center_axis',(0.,0.,-1.));
#6376=DIRECTION('ref_axis',(1.,0.,0.));
#6377=DIRECTION('center_axis',(-1.,0.,0.));
#6378=DIRECTION('ref_axis',(0.,-0.70710678118654,0.707106781186555));
#6379=DIRECTION('center_axis',(0.,-1.,0.));
#6380=DIRECTION('ref_axis',(0.707106781186602,0.,0.707106781186493));
#6381=DIRECTION('center_axis',(-1.,0.,0.));
#6382=DIRECTION('ref_axis',(0.,-0.70710678118654,0.707106781186555));
#6383=DIRECTION('center_axis',(-1.,0.,0.));
#6384=DIRECTION('ref_axis',(0.,1.,0.));
#6385=DIRECTION('center_axis',(-1.,0.,0.));
#6386=DIRECTION('ref_axis',(0.,1.,0.));
#6387=DIRECTION('center_axis',(0.,1.,0.));
#6388=DIRECTION('ref_axis',(-7.105427357601E-14,0.,-1.));
#6389=DIRECTION('center_axis',(0.,0.,-1.));
#6390=DIRECTION('ref_axis',(-0.707106781186548,0.707106781186548,0.));
#6391=DIRECTION('center_axis',(0.,0.,-1.));
#6392=DIRECTION('ref_axis',(-0.707106781186548,0.707106781186548,0.));
#6393=DIRECTION('',(0.,0.,-1.));
#6394=DIRECTION('',(0.,0.,1.));
#6395=DIRECTION('center_axis',(1.,0.,0.));
#6396=DIRECTION('ref_axis',(0.,0.707106781186554,-0.707106781186541));
#6397=DIRECTION('',(1.,0.,0.));
#6398=DIRECTION('center_axis',(1.,0.,0.));
#6399=DIRECTION('ref_axis',(0.,-3.5527136788005E-14,-1.));
#6400=DIRECTION('center_axis',(0.,1.,0.));
#6401=DIRECTION('ref_axis',(1.,0.,0.));
#6402=DIRECTION('',(0.,0.,1.));
#6403=DIRECTION('center_axis',(0.,1.,0.));
#6404=DIRECTION('ref_axis',(1.,0.,0.));
#6405=DIRECTION('center_axis',(0.,0.,-1.));
#6406=DIRECTION('ref_axis',(0.707106781186648,0.707106781186447,0.));
#6407=DIRECTION('center_axis',(0.,0.,-1.));
#6408=DIRECTION('ref_axis',(0.707106781186522,0.707106781186573,0.));
#6409=DIRECTION('',(0.,0.,-1.));
#6410=DIRECTION('center_axis',(0.,-1.,0.));
#6411=DIRECTION('ref_axis',(0.707106781186529,0.,-0.707106781186566));
#6412=DIRECTION('',(0.,-1.,0.));
#6413=DIRECTION('center_axis',(0.,-1.,0.));
#6414=DIRECTION('ref_axis',(0.,0.,-1.));
#6415=DIRECTION('center_axis',(1.,0.,0.));
#6416=DIRECTION('ref_axis',(0.,-1.,0.));
#6417=DIRECTION('',(0.,0.,1.));
#6418=DIRECTION('center_axis',(1.,0.,0.));
#6419=DIRECTION('ref_axis',(0.,-1.,0.));
#6420=DIRECTION('center_axis',(0.,0.,-1.));
#6421=DIRECTION('ref_axis',(0.707106781186598,-0.707106781186497,0.));
#6422=DIRECTION('center_axis',(0.,0.,-1.));
#6423=DIRECTION('ref_axis',(0.707106781186522,-0.707106781186573,0.));
#6424=DIRECTION('',(0.,0.,-1.));
#6425=DIRECTION('center_axis',(-1.,0.,0.));
#6426=DIRECTION('ref_axis',(0.,-0.707106781186529,-0.707106781186566));
#6427=DIRECTION('',(-1.,0.,0.));
#6428=DIRECTION('center_axis',(1.,0.,0.));
#6429=DIRECTION('ref_axis',(0.,-0.707106781186529,-0.707106781186566));
#6430=DIRECTION('center_axis',(0.,-1.,0.));
#6431=DIRECTION('ref_axis',(-1.,0.,0.));
#6432=DIRECTION('',(0.,0.,-1.));
#6433=DIRECTION('center_axis',(0.,-1.,0.));
#6434=DIRECTION('ref_axis',(-1.,0.,0.));
#6435=DIRECTION('center_axis',(-1.,0.,0.));
#6436=DIRECTION('ref_axis',(0.,-7.105427357601E-14,-1.));
#6437=DIRECTION('center_axis',(0.,0.,-1.));
#6438=DIRECTION('ref_axis',(-0.707106781186497,-0.707106781186598,0.));
#6439=DIRECTION('center_axis',(0.,0.,-1.));
#6440=DIRECTION('ref_axis',(-0.707106781186548,-0.707106781186548,0.));
#6441=DIRECTION('',(0.,0.,-1.));
#6442=DIRECTION('',(0.,0.,1.));
#6443=DIRECTION('center_axis',(0.,-1.,0.));
#6444=DIRECTION('ref_axis',(-1.,0.,0.));
#6445=DIRECTION('',(-1.,0.,0.));
#6446=DIRECTION('',(0.,0.,-1.));
#6447=DIRECTION('center_axis',(-1.,0.,0.));
#6448=DIRECTION('ref_axis',(0.,-0.707106781186529,-0.707106781186566));
#6449=DIRECTION('center_axis',(-1.,0.,0.));
#6450=DIRECTION('ref_axis',(0.,-0.707106781186529,-0.707106781186566));
#6451=DIRECTION('center_axis',(0.,1.,0.));
#6452=DIRECTION('ref_axis',(-0.707106781186579,0.,-0.707106781186516));
#6453=DIRECTION('',(0.,1.,0.));
#6454=DIRECTION('center_axis',(-1.,0.,0.));
#6455=DIRECTION('ref_axis',(0.,1.,0.));
#6456=DIRECTION('center_axis',(1.,0.,0.));
#6457=DIRECTION('ref_axis',(0.,-1.,0.));
#6458=DIRECTION('',(0.,0.,1.));
#6459=DIRECTION('',(0.,-1.,0.));
#6460=DIRECTION('center_axis',(0.,0.,1.));
#6461=DIRECTION('ref_axis',(-1.,0.,0.));
#6462=DIRECTION('',(0.,-1.,0.));
#6463=DIRECTION('center_axis',(1.,0.,0.));
#6464=DIRECTION('ref_axis',(0.,0.,1.));
#6465=DIRECTION('center_axis',(0.,0.,1.));
#6466=DIRECTION('ref_axis',(1.,0.,0.));
#6467=DIRECTION('center_axis',(1.,0.,0.));
#6468=DIRECTION('ref_axis',(0.,0.,1.));
#6469=DIRECTION('',(0.,0.,1.));
#6470=DIRECTION('',(0.,-1.,0.));
#6471=DIRECTION('center_axis',(0.,0.,1.));
#6472=DIRECTION('ref_axis',(-1.,0.,0.));
#6473=DIRECTION('',(-1.,0.,0.));
#6474=DIRECTION('center_axis',(-1.,0.,0.));
#6475=DIRECTION('ref_axis',(0.,0.,-1.));
#6476=DIRECTION('center_axis',(-1.,0.,0.));
#6477=DIRECTION('ref_axis',(0.,1.,0.));
#6478=DIRECTION('center_axis',(0.,-1.,0.));
#6479=DIRECTION('ref_axis',(1.,0.,0.));
#6480=DIRECTION('center_axis',(0.,0.,-1.));
#6481=DIRECTION('ref_axis',(-0.707106781186554,0.707106781186541,0.));
#6482=DIRECTION('center_axis',(0.,0.,1.));
#6483=DIRECTION('ref_axis',(-0.707106781186554,0.707106781186541,0.));
#6484=DIRECTION('',(0.,0.,-1.));
#6485=DIRECTION('center_axis',(0.,0.,-1.));
#6486=DIRECTION('ref_axis',(-0.707106781186554,0.707106781186541,0.));
#6487=DIRECTION('',(0.,0.,1.));
#6488=DIRECTION('center_axis',(-1.,0.,0.));
#6489=DIRECTION('ref_axis',(0.,1.,0.));
#6490=DIRECTION('',(0.,1.,0.));
#6491=DIRECTION('',(0.,0.,1.));
#6492=DIRECTION('',(0.,-1.,0.));
#6493=DIRECTION('center_axis',(0.,0.,-1.));
#6494=DIRECTION('ref_axis',(0.707106781186554,0.707106781186541,0.));
#6495=DIRECTION('center_axis',(0.,0.,1.));
#6496=DIRECTION('ref_axis',(0.707106781186554,0.707106781186541,0.));
#6497=DIRECTION('',(0.,0.,-1.));
#6498=DIRECTION('center_axis',(0.,0.,-1.));
#6499=DIRECTION('ref_axis',(0.707106781186554,0.707106781186541,0.));
#6500=DIRECTION('',(0.,0.,1.));
#6501=DIRECTION('center_axis',(0.,1.,0.));
#6502=DIRECTION('ref_axis',(1.,0.,0.));
#6503=DIRECTION('',(-1.,0.,0.));
#6504=DIRECTION('',(1.,0.,0.));
#6505=DIRECTION('center_axis',(0.,0.,-1.));
#6506=DIRECTION('ref_axis',(0.707106781186552,-0.707106781186543,0.));
#6507=DIRECTION('center_axis',(0.,0.,1.));
#6508=DIRECTION('ref_axis',(0.707106781186552,-0.707106781186543,0.));
#6509=DIRECTION('',(0.,0.,-1.));
#6510=DIRECTION('center_axis',(0.,0.,-1.));
#6511=DIRECTION('ref_axis',(0.707106781186552,-0.707106781186543,0.));
#6512=DIRECTION('',(0.,0.,1.));
#6513=DIRECTION('center_axis',(1.,0.,0.));
#6514=DIRECTION('ref_axis',(0.,-1.,0.));
#6515=DIRECTION('',(0.,1.,0.));
#6516=DIRECTION('',(0.,-1.,0.));
#6517=DIRECTION('center_axis',(0.,0.,-1.));
#6518=DIRECTION('ref_axis',(-0.707106781186554,-0.707106781186541,0.));
#6519=DIRECTION('center_axis',(0.,0.,1.));
#6520=DIRECTION('ref_axis',(-0.707106781186554,-0.707106781186541,0.));
#6521=DIRECTION('',(0.,0.,-1.));
#6522=DIRECTION('center_axis',(0.,0.,-1.));
#6523=DIRECTION('ref_axis',(-0.707106781186554,-0.707106781186541,0.));
#6524=DIRECTION('center_axis',(0.,-1.,0.));
#6525=DIRECTION('ref_axis',(-1.,0.,0.));
#6526=DIRECTION('',(1.,0.,0.));
#6527=DIRECTION('',(-1.,0.,0.));
#6528=DIRECTION('center_axis',(-1.,0.,0.));
#6529=DIRECTION('ref_axis',(0.,-1.,0.));
#6530=DIRECTION('',(0.,-1.,0.));
#6531=DIRECTION('',(0.,0.,1.));
#6532=DIRECTION('',(0.,-1.,0.));
#6533=DIRECTION('',(0.,0.,-1.));
#6534=DIRECTION('center_axis',(0.,0.,1.));
#6535=DIRECTION('ref_axis',(-1.,0.,0.));
#6536=DIRECTION('',(-1.,0.,0.));
#6537=DIRECTION('',(0.,1.,0.));
#6538=DIRECTION('',(1.,0.,0.));
#6539=DIRECTION('',(0.,-1.,0.));
#6540=DIRECTION('',(-1.,0.,0.));
#6541=DIRECTION('',(0.,-1.,0.));
#6542=DIRECTION('',(1.,0.,0.));
#6543=DIRECTION('',(0.,-1.,0.));
#6544=DIRECTION('',(1.,0.,0.));
#6545=DIRECTION('center_axis',(0.,-1.,0.));
#6546=DIRECTION('ref_axis',(-1.,0.,0.));
#6547=DIRECTION('',(1.,0.,0.));
#6548=DIRECTION('',(0.,0.,-1.));
#6549=DIRECTION('center_axis',(0.,1.,0.));
#6550=DIRECTION('ref_axis',(1.,0.,0.));
#6551=DIRECTION('',(1.,0.,0.));
#6552=DIRECTION('',(0.,0.,-1.));
#6553=DIRECTION('center_axis',(1.,0.,0.));
#6554=DIRECTION('ref_axis',(0.,-1.,0.));
#6555=DIRECTION('',(0.,-1.,0.));
#6556=DIRECTION('',(0.,0.,-1.));
#6557=DIRECTION('center_axis',(0.,1.,0.));
#6558=DIRECTION('ref_axis',(1.,0.,0.));
#6559=DIRECTION('',(1.,0.,0.));
#6560=DIRECTION('',(0.,0.,-1.));
#6561=DIRECTION('center_axis',(1.,0.,0.));
#6562=DIRECTION('ref_axis',(0.,-1.,0.));
#6563=DIRECTION('',(0.,-1.,0.));
#6564=DIRECTION('center_axis',(0.,-1.,0.));
#6565=DIRECTION('ref_axis',(-0.707106781186579,0.,0.707106781186516));
#6566=DIRECTION('',(0.,1.,0.));
#6567=DIRECTION('center_axis',(-0.707106781186548,-0.707106781186548,0.));
#6568=DIRECTION('ref_axis',(-0.707106781186548,0.707106781186548,0.));
#6569=DIRECTION('',(0.,-1.,0.));
#6570=DIRECTION('center_axis',(0.707106781186548,-0.707106781186548,0.));
#6571=DIRECTION('ref_axis',(-0.707106781186548,-0.707106781186548,0.));
#6572=DIRECTION('center_axis',(-1.,0.,0.));
#6573=DIRECTION('ref_axis',(0.,0.707106781186554,0.707106781186541));
#6574=DIRECTION('',(1.,0.,0.));
#6575=DIRECTION('center_axis',(-0.707106781186573,0.707106781186522,0.));
#6576=DIRECTION('ref_axis',(0.707106781186522,0.707106781186573,0.));
#6577=DIRECTION('',(-1.,0.,0.));
#6578=DIRECTION('center_axis',(0.,1.,0.));
#6579=DIRECTION('ref_axis',(0.707106781186529,0.,0.707106781186566));
#6580=DIRECTION('',(0.,-1.,0.));
#6581=DIRECTION('center_axis',(0.707106781186573,0.707106781186522,0.));
#6582=DIRECTION('ref_axis',(0.707106781186522,-0.707106781186573,0.));
#6583=DIRECTION('',(0.,1.,0.));
#6584=DIRECTION('center_axis',(1.,0.,0.));
#6585=DIRECTION('ref_axis',(0.,-0.707106781186529,0.707106781186566));
#6586=DIRECTION('',(1.,0.,0.));
#6587=DIRECTION('',(-1.,0.,0.));
#6588=DIRECTION('center_axis',(0.,-1.,0.));
#6589=DIRECTION('ref_axis',(1.,0.,0.));
#6590=DIRECTION('',(0.,0.,1.));
#6591=DIRECTION('',(0.,0.,1.));
#6592=DIRECTION('center_axis',(-1.,0.,0.));
#6593=DIRECTION('ref_axis',(0.,-1.,0.));
#6594=DIRECTION('',(0.,0.,1.));
#6595=DIRECTION('center_axis',(0.,0.,1.));
#6596=DIRECTION('ref_axis',(1.,0.,0.));
#6597=DIRECTION('center_axis',(0.,1.,0.));
#6598=DIRECTION('ref_axis',(-1.,0.,0.));
#6599=DIRECTION('',(0.,0.,1.));
#6600=DIRECTION('center_axis',(1.,0.,0.));
#6601=DIRECTION('ref_axis',(0.,1.,0.));
#6602=DIRECTION('center_axis',(0.,1.,0.));
#6603=DIRECTION('ref_axis',(0.,0.,-1.));
#6604=DIRECTION('center_axis',(0.,0.,-1.));
#6605=DIRECTION('ref_axis',(-0.707106781186523,0.707106781186573,0.));
#6606=DIRECTION('center_axis',(-1.,0.,0.));
#6607=DIRECTION('ref_axis',(0.,1.,0.));
#6608=DIRECTION('center_axis',(0.,0.,1.));
#6609=DIRECTION('ref_axis',(-0.707106781186522,0.707106781186573,0.));
#6610=DIRECTION('center_axis',(0.,0.,-1.));
#6611=DIRECTION('ref_axis',(-0.70710678118656,0.707106781186535,0.));
#6612=DIRECTION('center_axis',(0.,0.,-1.));
#6613=DIRECTION('ref_axis',(-0.70710678118656,0.707106781186535,0.));
#6614=DIRECTION('',(0.,0.,-1.));
#6615=DIRECTION('',(0.,0.,1.));
#6616=DIRECTION('center_axis',(1.,0.,0.));
#6617=DIRECTION('ref_axis',(0.,0.707106781186554,-0.707106781186541));
#6618=DIRECTION('',(1.,0.,0.));
#6619=DIRECTION('center_axis',(1.,0.,0.));
#6620=DIRECTION('ref_axis',(0.,0.,-1.));
#6621=DIRECTION('',(-1.,0.,0.));
#6622=DIRECTION('center_axis',(0.,1.,0.));
#6623=DIRECTION('ref_axis',(1.,0.,0.));
#6624=DIRECTION('',(-1.,0.,0.));
#6625=DIRECTION('',(0.,0.,1.));
#6626=DIRECTION('center_axis',(0.,0.,-1.));
#6627=DIRECTION('ref_axis',(1.,0.,0.));
#6628=DIRECTION('',(0.,-1.,0.));
#6629=DIRECTION('center_axis',(0.,0.,-1.));
#6630=DIRECTION('ref_axis',(-0.707106781186548,-0.707106781186548,0.));
#6631=DIRECTION('',(1.,0.,0.));
#6632=DIRECTION('center_axis',(0.,0.,-1.));
#6633=DIRECTION('ref_axis',(0.707106781186535,-0.70710678118656,0.));
#6634=DIRECTION('',(0.,1.,0.));
#6635=DIRECTION('center_axis',(0.,0.,-1.));
#6636=DIRECTION('ref_axis',(0.707106781186573,0.707106781186523,0.));
#6637=DIRECTION('center_axis',(0.,-1.,0.));
#6638=DIRECTION('ref_axis',(-1.,0.,0.));
#6639=DIRECTION('center_axis',(0.,0.,1.));
#6640=DIRECTION('ref_axis',(-0.707106781186522,-0.707106781186573,0.));
#6641=DIRECTION('center_axis',(-1.,0.,0.));
#6642=DIRECTION('ref_axis',(0.,0.,-1.));
#6643=DIRECTION('center_axis',(0.,0.,-1.));
#6644=DIRECTION('ref_axis',(-0.707106781186523,-0.707106781186573,0.));
#6645=DIRECTION('center_axis',(0.,0.,-1.));
#6646=DIRECTION('ref_axis',(-0.707106781186548,-0.707106781186548,0.));
#6647=DIRECTION('',(0.,0.,-1.));
#6648=DIRECTION('',(0.,0.,1.));
#6649=DIRECTION('center_axis',(-1.,0.,0.));
#6650=DIRECTION('ref_axis',(0.,-0.707106781186554,-0.707106781186541));
#6651=DIRECTION('',(1.,0.,0.));
#6652=DIRECTION('center_axis',(1.,0.,0.));
#6653=DIRECTION('ref_axis',(0.,-1.,0.));
#6654=DIRECTION('',(-1.,0.,0.));
#6655=DIRECTION('center_axis',(0.,0.,-1.));
#6656=DIRECTION('ref_axis',(-1.,0.,0.));
#6657=DIRECTION('center_axis',(0.,0.,1.));
#6658=DIRECTION('ref_axis',(0.707106781186522,0.707106781186573,0.));
#6659=DIRECTION('',(0.,1.,0.));
#6660=DIRECTION('center_axis',(0.,0.,1.));
#6661=DIRECTION('ref_axis',(0.707106781186522,-0.707106781186573,0.));
#6662=DIRECTION('',(0.,-1.,0.));
#6663=DIRECTION('center_axis',(0.,1.,0.));
#6664=DIRECTION('ref_axis',(-0.707106781186579,0.,-0.707106781186516));
#6665=DIRECTION('',(0.,1.,0.));
#6666=DIRECTION('center_axis',(0.,-1.,0.));
#6667=DIRECTION('ref_axis',(0.,0.,-1.));
#6668=DIRECTION('center_axis',(0.,0.,-1.));
#6669=DIRECTION('ref_axis',(0.707106781186523,-0.707106781186573,0.));
#6670=DIRECTION('center_axis',(0.,0.,-1.));
#6671=DIRECTION('ref_axis',(0.707106781186535,-0.70710678118656,0.));
#6672=DIRECTION('',(0.,0.,-1.));
#6673=DIRECTION('',(0.,0.,1.));
#6674=DIRECTION('center_axis',(0.,-1.,0.));
#6675=DIRECTION('ref_axis',(-1.,0.,0.));
#6676=DIRECTION('center_axis',(0.,0.,-1.));
#6677=DIRECTION('ref_axis',(0.707106781186522,0.707106781186573,0.));
#6678=DIRECTION('center_axis',(0.,1.,0.));
#6679=DIRECTION('ref_axis',(1.,0.,0.));
#6680=DIRECTION('center_axis',(0.,0.,-1.));
#6681=DIRECTION('ref_axis',(0.707106781186573,0.707106781186523,0.));
#6682=DIRECTION('',(0.,0.,-1.));
#6683=DIRECTION('center_axis',(0.,-1.,0.));
#6684=DIRECTION('ref_axis',(0.707106781186529,0.,-0.707106781186566));
#6685=DIRECTION('',(0.,-1.,0.));
#6686=DIRECTION('center_axis',(-1.,0.,0.));
#6687=DIRECTION('ref_axis',(0.,1.,0.));
#6688=DIRECTION('center_axis',(1.,0.,0.));
#6689=DIRECTION('ref_axis',(0.,-1.,0.));
#6690=DIRECTION('center_axis',(-1.,0.,0.));
#6691=DIRECTION('ref_axis',(0.,-0.70710678118656,-0.707106781186535));
#6692=DIRECTION('',(1.,0.,0.));
#6693=DIRECTION('center_axis',(-0.707106781186573,-0.707106781186522,0.));
#6694=DIRECTION('ref_axis',(0.707106781186522,-0.707106781186573,0.));
#6695=DIRECTION('',(-1.,0.,0.));
#6696=DIRECTION('center_axis',(-0.707106781186573,0.707106781186522,0.));
#6697=DIRECTION('ref_axis',(-0.707106781186522,-0.707106781186573,0.));
#6698=DIRECTION('center_axis',(0.,-1.,0.));
#6699=DIRECTION('ref_axis',(0.707106781186535,0.,-0.70710678118656));
#6700=DIRECTION('',(0.,1.,0.));
#6701=DIRECTION('center_axis',(0.707106781186573,-0.707106781186522,0.));
#6702=DIRECTION('ref_axis',(0.707106781186522,0.707106781186573,0.));
#6703=DIRECTION('',(0.,-1.,0.));
#6704=DIRECTION('center_axis',(1.,0.,0.));
#6705=DIRECTION('ref_axis',(0.,0.70710678118656,-0.707106781186535));
#6706=DIRECTION('',(-1.,0.,0.));
#6707=DIRECTION('center_axis',(0.707106781186573,0.707106781186522,0.));
#6708=DIRECTION('ref_axis',(-0.707106781186522,0.707106781186573,0.));
#6709=DIRECTION('',(1.,0.,0.));
#6710=DIRECTION('center_axis',(0.,1.,0.));
#6711=DIRECTION('ref_axis',(-0.707106781186535,0.,-0.70710678118656));
#6712=DIRECTION('',(0.,1.,0.));
#6713=DIRECTION('',(0.,-1.,0.));
#6714=DIRECTION('center_axis',(-1.,0.,0.));
#6715=DIRECTION('ref_axis',(0.,1.,0.));
#6716=DIRECTION('',(0.,0.,-1.));
#6717=DIRECTION('',(0.,1.,0.));
#6718=DIRECTION('',(0.,0.,-1.));
#6719=DIRECTION('center_axis',(0.,-1.,0.));
#6720=DIRECTION('ref_axis',(-1.,0.,0.));
#6721=DIRECTION('',(0.,0.,-1.));
#6722=DIRECTION('',(-1.,0.,0.));
#6723=DIRECTION('center_axis',(0.,0.,-1.));
#6724=DIRECTION('ref_axis',(-1.,0.,0.));
#6725=DIRECTION('center_axis',(1.,0.,0.));
#6726=DIRECTION('ref_axis',(0.,-1.,0.));
#6727=DIRECTION('',(0.,0.,-1.));
#6728=DIRECTION('',(0.,-1.,0.));
#6729=DIRECTION('center_axis',(0.,1.,0.));
#6730=DIRECTION('ref_axis',(1.,0.,0.));
#6731=DIRECTION('',(1.,0.,0.));
#6732=DIRECTION('center_axis',(0.,0.,-1.));
#6733=DIRECTION('ref_axis',(1.,0.,0.));
#6734=DIRECTION('center_axis',(-1.,0.,0.));
#6735=DIRECTION('ref_axis',(0.,1.,0.));
#6736=DIRECTION('',(0.,-1.,0.));
#6737=DIRECTION('',(0.,0.,-1.));
#6738=DIRECTION('',(0.,1.,0.));
#6739=DIRECTION('',(0.,0.,-1.));
#6740=DIRECTION('center_axis',(0.,-1.,0.));
#6741=DIRECTION('ref_axis',(-1.,0.,0.));
#6742=DIRECTION('',(1.,0.,0.));
#6743=DIRECTION('',(-1.,0.,0.));
#6744=DIRECTION('',(0.,0.,-1.));
#6745=DIRECTION('center_axis',(1.,0.,0.));
#6746=DIRECTION('ref_axis',(0.,-1.,0.));
#6747=DIRECTION('',(0.,1.,0.));
#6748=DIRECTION('',(0.,-1.,0.));
#6749=DIRECTION('',(0.,0.,-1.));
#6750=DIRECTION('center_axis',(0.,1.,0.));
#6751=DIRECTION('ref_axis',(1.,0.,0.));
#6752=DIRECTION('',(-1.,0.,0.));
#6753=DIRECTION('',(1.,0.,0.));
#6754=DIRECTION('center_axis',(0.,0.,-1.));
#6755=DIRECTION('ref_axis',(-1.,0.,0.));
#6756=DIRECTION('center_axis',(0.,0.,-1.));
#6757=DIRECTION('ref_axis',(1.,0.,0.));
#6758=DIRECTION('center_axis',(0.,1.,0.));
#6759=DIRECTION('ref_axis',(0.,0.,1.));
#6760=DIRECTION('center_axis',(1.,0.,0.));
#6761=DIRECTION('ref_axis',(0.,0.,-1.));
#6762=DIRECTION('center_axis',(0.,1.,0.));
#6763=DIRECTION('ref_axis',(0.707106781186548,0.,0.707106781186547));
#6764=DIRECTION('center_axis',(0.,0.,1.));
#6765=DIRECTION('ref_axis',(0.,1.,0.));
#6766=DIRECTION('center_axis',(0.,-1.,0.));
#6767=DIRECTION('ref_axis',(0.707106781186548,0.,0.707106781186547));
#6768=DIRECTION('center_axis',(0.,0.,1.));
#6769=DIRECTION('ref_axis',(-0.707106781186548,0.707106781186548,0.));
#6770=DIRECTION('center_axis',(0.,0.,1.));
#6771=DIRECTION('ref_axis',(0.,1.,0.));
#6772=DIRECTION('',(0.,0.,1.));
#6773=DIRECTION('',(0.,0.,-1.));
#6774=DIRECTION('center_axis',(0.,1.,0.));
#6775=DIRECTION('ref_axis',(0.,0.,1.));
#6776=DIRECTION('center_axis',(1.,0.,0.));
#6777=DIRECTION('ref_axis',(0.,1.,0.));
#6778=DIRECTION('center_axis',(0.,-1.,0.));
#6779=DIRECTION('ref_axis',(0.707106781186548,0.,-0.707106781186547));
#6780=DIRECTION('center_axis',(0.,1.,0.));
#6781=DIRECTION('ref_axis',(0.707106781186548,0.,-0.707106781186547));
#6782=DIRECTION('center_axis',(1.,0.,0.));
#6783=DIRECTION('ref_axis',(0.,0.70710678118654,0.707106781186555));
#6784=DIRECTION('center_axis',(1.,0.,0.));
#6785=DIRECTION('ref_axis',(0.,1.,0.));
#6786=DIRECTION('',(1.,0.,0.));
#6787=DIRECTION('',(-1.,0.,0.));
#6788=DIRECTION('center_axis',(0.,1.,0.));
#6789=DIRECTION('ref_axis',(0.,0.,1.));
#6790=DIRECTION('center_axis',(0.254946601664451,1.34191981630913E-15,-0.966955133550543));
#6791=DIRECTION('ref_axis',(0.,1.,1.38777878078144E-15));
#6792=DIRECTION('center_axis',(0.,-1.,0.));
#6793=DIRECTION('ref_axis',(-0.707106781186544,0.,-0.707106781186551));
#6794=DIRECTION('center_axis',(0.,1.,0.));
#6795=DIRECTION('ref_axis',(-0.707106781186544,0.,-0.707106781186551));
#6796=DIRECTION('center_axis',(0.,1.,0.));
#6797=DIRECTION('ref_axis',(0.,0.,1.));
#6798=DIRECTION('center_axis',(0.254946601664408,0.,0.966955133550554));
#6799=DIRECTION('ref_axis',(0.966955133550554,0.,-0.254946601664408));
#6800=DIRECTION('center_axis',(0.,1.,0.));
#6801=DIRECTION('ref_axis',(-0.707106781186548,0.,0.707106781186547));
#6802=DIRECTION('center_axis',(-1.,0.,0.));
#6803=DIRECTION('ref_axis',(0.,1.,0.));
#6804=DIRECTION('center_axis',(0.,-1.,0.));
#6805=DIRECTION('ref_axis',(-0.707106781186548,0.,0.707106781186547));
#6806=DIRECTION('center_axis',(-1.,0.,0.));
#6807=DIRECTION('ref_axis',(0.,0.70710678118654,-0.707106781186555));
#6808=DIRECTION('',(1.,0.,0.));
#6809=DIRECTION('',(-1.,0.,0.));
#6810=DIRECTION('center_axis',(0.,1.,0.));
#6811=DIRECTION('ref_axis',(0.,0.,1.));
#6812=DIRECTION('center_axis',(0.,0.,-1.));
#6813=DIRECTION('ref_axis',(0.,1.,0.));
#6814=DIRECTION('center_axis',(0.,-1.,0.));
#6815=DIRECTION('ref_axis',(-1.,0.,0.));
#6816=DIRECTION('center_axis',(0.,1.,0.));
#6817=DIRECTION('ref_axis',(0.,0.,1.));
#6818=DIRECTION('center_axis',(0.,-1.,0.));
#6819=DIRECTION('ref_axis',(-1.,0.,0.));
#6820=DIRECTION('center_axis',(0.,0.,1.));
#6821=DIRECTION('ref_axis',(1.,0.,0.));
#6822=DIRECTION('center_axis',(0.,0.,-1.));
#6823=DIRECTION('ref_axis',(0.707106781186563,0.707106781186532,0.));
#6824=DIRECTION('',(0.,0.,1.));
#6825=DIRECTION('',(0.,0.,-1.));
#6826=DIRECTION('center_axis',(0.,1.,0.));
#6827=DIRECTION('ref_axis',(-0.707106781186545,0.,-0.70710678118655));
#6828=DIRECTION('',(0.,-1.,0.));
#6829=DIRECTION('center_axis',(0.,1.,0.));
#6830=DIRECTION('ref_axis',(-0.707106781186544,0.,-0.707106781186551));
#6831=DIRECTION('',(0.,1.,0.));
#6832=DIRECTION('center_axis',(-1.,0.,0.));
#6833=DIRECTION('ref_axis',(0.,0.,1.));
#6834=DIRECTION('',(0.,1.,0.));
#6835=DIRECTION('',(0.,0.,1.));
#6836=DIRECTION('center_axis',(0.,-1.,0.));
#6837=DIRECTION('ref_axis',(-0.70710678118655,0.,0.707106781186545));
#6838=DIRECTION('',(0.,-1.,0.));
#6839=DIRECTION('center_axis',(0.,1.,0.));
#6840=DIRECTION('ref_axis',(-0.707106781186548,0.,0.707106781186547));
#6841=DIRECTION('center_axis',(0.,1.,0.));
#6842=DIRECTION('ref_axis',(1.,0.,0.));
#6843=DIRECTION('',(0.,0.,-1.));
#6844=DIRECTION('',(-1.,0.,0.));
#6845=DIRECTION('',(0.,0.,1.));
#6846=DIRECTION('',(1.,0.,0.));
#6847=DIRECTION('',(0.,0.,-1.));
#6848=DIRECTION('center_axis',(0.,-1.,0.));
#6849=DIRECTION('ref_axis',(0.,0.,-1.));
#6850=DIRECTION('center_axis',(-0.81866139136168,-3.63558690424561E-14,
-0.574276524240508));
#6851=DIRECTION('ref_axis',(-0.574276524240508,0.,0.81866139136168));
#6852=DIRECTION('center_axis',(0.,-1.,0.));
#6853=DIRECTION('ref_axis',(0.707106781186548,0.,-0.707106781186547));
#6854=DIRECTION('center_axis',(0.,0.,1.));
#6855=DIRECTION('ref_axis',(0.,1.,0.));
#6856=DIRECTION('center_axis',(0.,1.,0.));
#6857=DIRECTION('ref_axis',(0.707106781186548,0.,-0.707106781186547));
#6858=DIRECTION('center_axis',(0.,0.,-1.));
#6859=DIRECTION('ref_axis',(-0.707106781186548,0.707106781186548,0.));
#6860=DIRECTION('center_axis',(0.,0.,1.));
#6861=DIRECTION('ref_axis',(0.,1.,0.));
#6862=DIRECTION('',(0.,0.,-1.));
#6863=DIRECTION('',(0.,0.,1.));
#6864=DIRECTION('center_axis',(0.,-1.,0.));
#6865=DIRECTION('ref_axis',(0.,0.,-1.));
#6866=DIRECTION('center_axis',(-1.,0.,0.));
#6867=DIRECTION('ref_axis',(0.,1.,0.));
#6868=DIRECTION('center_axis',(0.,1.,0.));
#6869=DIRECTION('ref_axis',(0.707106781186549,0.,0.707106781186547));
#6870=DIRECTION('center_axis',(0.,-1.,0.));
#6871=DIRECTION('ref_axis',(0.707106781186549,0.,0.707106781186546));
#6872=DIRECTION('center_axis',(1.,0.,4.37960439974589E-17));
#6873=DIRECTION('ref_axis',(0.,0.70710678118654,-0.707106781186555));
#6874=DIRECTION('center_axis',(-1.,0.,0.));
#6875=DIRECTION('ref_axis',(0.,1.,0.));
#6876=DIRECTION('',(1.,0.,4.37960439974589E-17));
#6877=DIRECTION('',(-1.,0.,-4.37960439974589E-17));
#6878=DIRECTION('center_axis',(0.,-1.,0.));
#6879=DIRECTION('ref_axis',(0.,0.,-1.));
#6880=DIRECTION('center_axis',(0.,1.,0.));
#6881=DIRECTION('ref_axis',(-0.707106781186548,0.,0.707106781186547));
#6882=DIRECTION('center_axis',(0.,-1.,0.));
#6883=DIRECTION('ref_axis',(-0.707106781186548,0.,0.707106781186547));
#6884=DIRECTION('center_axis',(0.,-1.,0.));
#6885=DIRECTION('ref_axis',(0.,0.,-1.));
#6886=DIRECTION('center_axis',(0.,1.,0.));
#6887=DIRECTION('ref_axis',(0.,0.,-1.));
#6888=DIRECTION('center_axis',(-1.,0.,0.));
#6889=DIRECTION('ref_axis',(0.,0.,1.));
#6890=DIRECTION('center_axis',(0.,-1.,0.));
#6891=DIRECTION('ref_axis',(0.,0.,-1.));
#6892=DIRECTION('center_axis',(0.81866139136169,0.,-0.574276524240493));
#6893=DIRECTION('ref_axis',(0.,1.,0.));
#6894=DIRECTION('center_axis',(0.,1.,0.));
#6895=DIRECTION('ref_axis',(-0.707106781186548,0.,-0.707106781186547));
#6896=DIRECTION('center_axis',(0.,-1.,0.));
#6897=DIRECTION('ref_axis',(-0.707106781186548,0.,-0.707106781186547));
#6898=DIRECTION('center_axis',(0.,-1.,0.));
#6899=DIRECTION('ref_axis',(0.,0.,-1.));
#6900=DIRECTION('center_axis',(1.,0.,0.));
#6901=DIRECTION('ref_axis',(0.,1.,0.));
#6902=DIRECTION('center_axis',(0.,1.,0.));
#6903=DIRECTION('ref_axis',(0.,0.,-1.));
#6904=DIRECTION('center_axis',(-1.,0.,0.));
#6905=DIRECTION('ref_axis',(0.,0.70710678118654,0.707106781186555));
#6906=DIRECTION('',(1.,0.,0.));
#6907=DIRECTION('',(-1.,0.,0.));
#6908=DIRECTION('center_axis',(0.,-1.,0.));
#6909=DIRECTION('ref_axis',(-1.,0.,0.));
#6910=DIRECTION('',(0.,0.,1.));
#6911=DIRECTION('',(-1.,0.,0.));
#6912=DIRECTION('center_axis',(0.,-1.,0.));
#6913=DIRECTION('ref_axis',(-1.,0.,0.));
#6914=DIRECTION('',(-1.,0.,0.));
#6915=DIRECTION('',(0.,0.,-1.));
#6916=DIRECTION('',(1.,0.,0.));
#6917=DIRECTION('',(0.,0.,-1.));
#6918=DIRECTION('center_axis',(-1.,0.,0.));
#6919=DIRECTION('ref_axis',(0.,-0.707106781186553,-0.707106781186542));
#6920=DIRECTION('center_axis',(1.,0.,0.));
#6921=DIRECTION('ref_axis',(0.,-1.,0.));
#6922=DIRECTION('',(-1.,0.,0.));
#6923=DIRECTION('center_axis',(-1.,0.,0.));
#6924=DIRECTION('ref_axis',(0.,0.,-1.));
#6925=DIRECTION('',(1.,0.,0.));
#6926=DIRECTION('center_axis',(0.,1.,0.));
#6927=DIRECTION('ref_axis',(0.,0.,1.));
#6928=DIRECTION('center_axis',(0.,0.,1.));
#6929=DIRECTION('ref_axis',(-1.,0.,0.));
#6930=DIRECTION('center_axis',(0.,-1.,0.));
#6931=DIRECTION('ref_axis',(-0.707106781186544,0.,-0.707106781186551));
#6932=DIRECTION('center_axis',(0.,0.,1.));
#6933=DIRECTION('ref_axis',(-0.707106781186535,-0.70710678118656,0.));
#6934=DIRECTION('center_axis',(0.,0.,1.));
#6935=DIRECTION('ref_axis',(-1.,0.,0.));
#6936=DIRECTION('',(0.,0.,-1.));
#6937=DIRECTION('center_axis',(0.,1.,0.));
#6938=DIRECTION('ref_axis',(0.,0.,1.));
#6939=DIRECTION('center_axis',(1.,0.,0.));
#6940=DIRECTION('ref_axis',(0.,0.,1.));
#6941=DIRECTION('center_axis',(0.,-1.,0.));
#6942=DIRECTION('ref_axis',(-0.707106781186548,0.,0.707106781186547));
#6943=DIRECTION('center_axis',(1.,0.,0.));
#6944=DIRECTION('ref_axis',(0.,-0.707106781186552,0.707106781186543));
#6945=DIRECTION('center_axis',(1.,0.,0.));
#6946=DIRECTION('ref_axis',(0.,0.,1.));
#6947=DIRECTION('',(-1.,0.,0.));
#6948=DIRECTION('',(1.,0.,0.));
#6949=DIRECTION('center_axis',(0.,1.,0.));
#6950=DIRECTION('ref_axis',(0.,0.,1.));
#6951=DIRECTION('center_axis',(0.,0.,-1.));
#6952=DIRECTION('ref_axis',(1.,0.,0.));
#6953=DIRECTION('center_axis',(0.,-1.,0.));
#6954=DIRECTION('ref_axis',(0.707106781186548,0.,0.707106781186547));
#6955=DIRECTION('center_axis',(0.,1.,0.));
#6956=DIRECTION('ref_axis',(0.707106781186548,0.,0.707106781186547));
#6957=DIRECTION('center_axis',(0.,0.,-1.));
#6958=DIRECTION('ref_axis',(0.707106781186548,-0.707106781186548,0.));
#6959=DIRECTION('center_axis',(-1.11022302462514E-15,0.,-1.));
#6960=DIRECTION('ref_axis',(1.,0.,-1.11022302462514E-15));
#6961=DIRECTION('',(0.,0.,1.));
#6962=DIRECTION('',(0.,0.,-1.));
#6963=DIRECTION('center_axis',(0.,1.,0.));
#6964=DIRECTION('ref_axis',(0.,0.,1.));
#6965=DIRECTION('center_axis',(0.,-1.,0.));
#6966=DIRECTION('ref_axis',(0.707106781186548,0.,-0.707106781186547));
#6967=DIRECTION('center_axis',(0.,1.,0.));
#6968=DIRECTION('ref_axis',(0.707106781186548,0.,-0.707106781186547));
#6969=DIRECTION('center_axis',(0.,0.,-1.));
#6970=DIRECTION('ref_axis',(-1.,0.,0.));
#6971=DIRECTION('',(0.,-1.,0.));
#6972=DIRECTION('center_axis',(0.,-1.,0.));
#6973=DIRECTION('ref_axis',(1.,0.,0.));
#6974=DIRECTION('center_axis',(0.,1.,0.));
#6975=DIRECTION('ref_axis',(0.,0.,1.));
#6976=DIRECTION('center_axis',(0.,0.,1.));
#6977=DIRECTION('ref_axis',(-1.,0.,0.));
#6978=DIRECTION('center_axis',(0.,1.,0.));
#6979=DIRECTION('ref_axis',(-0.707106781186548,0.,0.707106781186547));
#6980=DIRECTION('center_axis',(-1.,0.,0.));
#6981=DIRECTION('ref_axis',(0.,-1.,0.));
#6982=DIRECTION('center_axis',(0.,-1.,0.));
#6983=DIRECTION('ref_axis',(-0.707106781186548,0.,0.707106781186547));
#6984=DIRECTION('center_axis',(-1.,0.,-4.37960439974589E-17));
#6985=DIRECTION('ref_axis',(0.,-0.707106781186552,0.707106781186543));
#6986=DIRECTION('center_axis',(-1.,0.,0.));
#6987=DIRECTION('ref_axis',(0.,-1.,0.));
#6988=DIRECTION('',(-1.,0.,-4.37960439974589E-17));
#6989=DIRECTION('',(1.,0.,4.37960439974589E-17));
#6990=DIRECTION('center_axis',(0.,1.,0.));
#6991=DIRECTION('ref_axis',(0.,0.,1.));
#6992=DIRECTION('center_axis',(0.,0.,1.));
#6993=DIRECTION('ref_axis',(0.,-1.,0.));
#6994=DIRECTION('center_axis',(0.,-1.,0.));
#6995=DIRECTION('ref_axis',(0.707106781186548,0.,0.707106781186546));
#6996=DIRECTION('center_axis',(0.,1.,0.));
#6997=DIRECTION('ref_axis',(0.707106781186549,0.,0.707106781186547));
#6998=DIRECTION('center_axis',(0.,0.,1.));
#6999=DIRECTION('ref_axis',(0.707106781186548,-0.707106781186548,0.));
#7000=DIRECTION('center_axis',(0.,0.,1.));
#7001=DIRECTION('ref_axis',(0.,-1.,0.));
#7002=DIRECTION('',(0.,0.,1.));
#7003=DIRECTION('',(0.,0.,-1.));
#7004=DIRECTION('center_axis',(0.,1.,0.));
#7005=DIRECTION('ref_axis',(0.,0.,1.));
#7006=DIRECTION('center_axis',(1.,0.,0.));
#7007=DIRECTION('ref_axis',(0.,-1.,0.));
#7008=DIRECTION('center_axis',(0.,-1.,0.));
#7009=DIRECTION('ref_axis',(0.707106781186548,0.,-0.707106781186547));
#7010=DIRECTION('center_axis',(0.,1.,0.));
#7011=DIRECTION('ref_axis',(0.707106781186548,0.,-0.707106781186547));
#7012=DIRECTION('center_axis',(1.,0.,0.));
#7013=DIRECTION('ref_axis',(0.,-0.707106781186552,-0.707106781186543));
#7014=DIRECTION('center_axis',(1.,0.,0.));
#7015=DIRECTION('ref_axis',(0.,-1.,0.));
#7016=DIRECTION('',(1.,0.,0.));
#7017=DIRECTION('',(-1.,0.,0.));
#7018=DIRECTION('center_axis',(0.,1.,0.));
#7019=DIRECTION('ref_axis',(0.,0.,1.));
#7020=DIRECTION('center_axis',(0.,0.,-1.));
#7021=DIRECTION('ref_axis',(0.,-1.,0.));
#7022=DIRECTION('center_axis',(0.,-1.,0.));
#7023=DIRECTION('ref_axis',(-0.707106781186548,0.,-0.707106781186547));
#7024=DIRECTION('center_axis',(0.,1.,0.));
#7025=DIRECTION('ref_axis',(-0.707106781186548,0.,-0.707106781186547));
#7026=DIRECTION('center_axis',(0.,0.,-1.));
#7027=DIRECTION('ref_axis',(-0.707106781186548,-0.707106781186548,0.));
#7028=DIRECTION('',(0.,0.,1.));
#7029=DIRECTION('',(0.,0.,-1.));
#7030=DIRECTION('center_axis',(0.,0.,-1.));
#7031=DIRECTION('ref_axis',(1.,0.,0.));
#7032=DIRECTION('',(0.,1.,0.));
#7033=DIRECTION('',(0.,-1.,0.));
#7034=DIRECTION('center_axis',(0.,-1.,0.));
#7035=DIRECTION('ref_axis',(-0.70710678118655,0.,-0.707106781186545));
#7036=DIRECTION('',(0.,1.,0.));
#7037=DIRECTION('center_axis',(-1.,0.,0.));
#7038=DIRECTION('ref_axis',(0.,1.,0.));
#7039=DIRECTION('',(0.,1.,0.));
#7040=DIRECTION('',(0.,-1.,0.));
#7041=DIRECTION('',(0.,-1.,0.));
#7042=DIRECTION('center_axis',(0.,-1.,0.));
#7043=DIRECTION('ref_axis',(-0.70710678118655,0.,0.707106781186545));
#7044=DIRECTION('',(0.,1.,0.));
#7045=DIRECTION('center_axis',(0.,-1.,0.));
#7046=DIRECTION('ref_axis',(0.,0.,-1.));
#7047=DIRECTION('center_axis',(0.,0.,1.));
#7048=DIRECTION('ref_axis',(1.,0.,0.));
#7049=DIRECTION('',(0.,1.,0.));
#7050=DIRECTION('center_axis',(0.,1.,0.));
#7051=DIRECTION('ref_axis',(0.70710678118655,0.,-0.707106781186545));
#7052=DIRECTION('',(0.,1.,0.));
#7053=DIRECTION('center_axis',(1.,0.,0.));
#7054=DIRECTION('ref_axis',(0.,0.,-1.));
#7055=DIRECTION('',(0.,-1.,0.));
#7056=DIRECTION('center_axis',(0.,1.,0.));
#7057=DIRECTION('ref_axis',(0.70710678118655,0.,0.707106781186545));
#7058=DIRECTION('center_axis',(0.,-1.,0.));
#7059=DIRECTION('ref_axis',(0.70710678118655,0.,-0.707106781186545));
#7060=DIRECTION('',(0.,-1.,0.));
#7061=DIRECTION('center_axis',(1.,0.,0.));
#7062=DIRECTION('ref_axis',(0.,0.,1.));
#7063=DIRECTION('',(0.,1.,0.));
#7064=DIRECTION('center_axis',(0.,-1.,0.));
#7065=DIRECTION('ref_axis',(0.707106781186539,0.,0.707106781186556));
#7066=DIRECTION('',(0.,-1.,0.));
#7067=DIRECTION('center_axis',(0.,0.,-1.));
#7068=DIRECTION('ref_axis',(-1.,0.,0.));
#7069=DIRECTION('',(0.,-1.,0.));
#7070=DIRECTION('center_axis',(-4.37960439974589E-17,0.,1.));
#7071=DIRECTION('ref_axis',(-1.,0.,-4.37960439974589E-17));
#7072=DIRECTION('center_axis',(0.,0.,1.));
#7073=DIRECTION('ref_axis',(1.,0.,0.));
#7074=DIRECTION('',(0.,1.,0.));
#7075=DIRECTION('center_axis',(1.,0.,0.));
#7076=DIRECTION('ref_axis',(0.,-1.,0.));
#7077=DIRECTION('',(0.,0.,1.));
#7078=DIRECTION('',(1.,0.,0.));
#7079=DIRECTION('',(0.,0.,1.));
#7080=DIRECTION('',(1.,0.,0.));
#7081=CARTESIAN_POINT('',(0.,0.,0.));
#7082=CARTESIAN_POINT('',(0.,0.,0.));
#7083=CARTESIAN_POINT('Origin',(8.19052778707745,78.4601432245199,13.3647075261242));
#7084=CARTESIAN_POINT('',(9.87749647486687,78.4601432245199,15.3527075261242));
#7085=CARTESIAN_POINT('',(9.87749647486687,80.44814322452,13.3647075261242));
#7086=CARTESIAN_POINT('Origin',(9.87749647486687,78.4601432245199,13.3647075261242));
#7087=CARTESIAN_POINT('',(3.08275078077674,80.44814322452,13.3647075261242));
#7088=CARTESIAN_POINT('',(8.19052778707745,80.44814322452,13.3647075261242));
#7089=CARTESIAN_POINT('',(3.08275078077674,78.4601432245199,15.3527075261242));
#7090=CARTESIAN_POINT('Origin',(3.08275078077674,78.4601432245199,13.3647075261242));
#7091=CARTESIAN_POINT('',(8.19052778707745,78.4601432245199,15.3527075261242));
#7092=CARTESIAN_POINT('Ctrl Pts',(3.08275078077674,80.44814322452,13.3647075261242));
#7093=CARTESIAN_POINT('Ctrl Pts',(1.08275078077671,80.44814322452,13.3647075261242));
#7094=CARTESIAN_POINT('Ctrl Pts',(1.08275078077674,78.4481432245199,13.3647075261242));
#7095=CARTESIAN_POINT('Ctrl Pts',(3.08275078077674,80.44814322452,15.3527075261242));
#7096=CARTESIAN_POINT('Ctrl Pts',(1.08275078077671,80.44814322452,15.3527075261242));
#7097=CARTESIAN_POINT('Ctrl Pts',(1.08275078077674,78.4481432245199,15.3527075261242));
#7098=CARTESIAN_POINT('Ctrl Pts',(3.08275078077674,78.4601432245199,15.3527075261242));
#7099=CARTESIAN_POINT('Ctrl Pts',(3.07075078077674,78.4601432245199,15.3527075261242));
#7100=CARTESIAN_POINT('Ctrl Pts',(3.07075078077674,78.4481432245199,15.3527075261242));
#7101=CARTESIAN_POINT('',(1.08275078077675,78.4481432245199,13.3647075261242));
#7102=CARTESIAN_POINT('',(3.07075078077674,78.4481432245199,15.3527075261242));
#7103=CARTESIAN_POINT('Origin',(3.07075078077674,78.4481432245199,13.3647075261242));
#7104=CARTESIAN_POINT('Origin',(3.08275078077674,78.4481432245199,15.3527075261242));
#7105=CARTESIAN_POINT('Origin',(3.08275078077674,78.4481432245199,13.3647075261242));
#7106=CARTESIAN_POINT('Origin',(3.07075078077675,73.9254026129121,13.3647075261242));
#7107=CARTESIAN_POINT('',(1.08275078077675,72.0404601250386,13.3647075261242));
#7108=CARTESIAN_POINT('',(3.07075078077675,72.0404601250386,15.3527075261242));
#7109=CARTESIAN_POINT('Origin',(3.07075078077675,72.0404601250386,13.3647075261242));
#7110=CARTESIAN_POINT('',(3.07075078077675,73.9254026129121,15.3527075261242));
#7111=CARTESIAN_POINT('',(1.08275078077675,73.9254026129121,13.3647075261242));
#7112=CARTESIAN_POINT('Ctrl Pts',(1.08275078077675,72.0404601250999,13.3647075261242));
#7113=CARTESIAN_POINT('Ctrl Pts',(1.08275078071548,70.0404601250386,13.3647075261242));
#7114=CARTESIAN_POINT('Ctrl Pts',(3.08275078077674,70.0404601250387,13.3647075261242));
#7115=CARTESIAN_POINT('Ctrl Pts',(1.08275078077675,72.0404601250999,15.3527075261242));
#7116=CARTESIAN_POINT('Ctrl Pts',(1.08275078071548,70.0404601250386,15.3527075261242));
#7117=CARTESIAN_POINT('Ctrl Pts',(3.08275078077674,70.0404601250387,15.3527075261242));
#7118=CARTESIAN_POINT('Ctrl Pts',(3.07075078077675,72.040460125039,15.3527075261242));
#7119=CARTESIAN_POINT('Ctrl Pts',(3.07075078077638,72.0284601250387,15.3527075261242));
#7120=CARTESIAN_POINT('Ctrl Pts',(3.08275078077674,72.0284601250387,15.3527075261242));
#7121=CARTESIAN_POINT('',(3.08275078077674,70.0404601250387,13.3647075261242));
#7122=CARTESIAN_POINT('',(3.08275078077674,72.0284601250387,15.3527075261242));
#7123=CARTESIAN_POINT('Origin',(3.08275078077674,72.0284601250387,13.3647075261242));
#7124=CARTESIAN_POINT('Origin',(3.08275078077674,72.0404601250387,15.3527075261242));
#7125=CARTESIAN_POINT('Origin',(3.08275078077674,72.0404601250387,13.3647075261242));
#7126=CARTESIAN_POINT('Origin',(4.79315494003239,72.0284601250387,13.3647075261242));
#7127=CARTESIAN_POINT('',(9.87749647486687,70.0404601250386,13.3647075261242));
#7128=CARTESIAN_POINT('',(9.87749647486688,72.0284601250386,15.3527075261242));
#7129=CARTESIAN_POINT('Origin',(9.87749647486688,72.0284601250386,13.3647075261242));
#7130=CARTESIAN_POINT('',(4.79315494003239,72.0284601250387,15.3527075261242));
#7131=CARTESIAN_POINT('',(4.79315494003238,70.0404601250386,13.3647075261242));
#7132=CARTESIAN_POINT('Ctrl Pts',(9.87749647486687,70.0404601250386,13.3647075261242));
#7133=CARTESIAN_POINT('Ctrl Pts',(11.8774964748769,70.0404601250286,13.3647075261242));
#7134=CARTESIAN_POINT('Ctrl Pts',(11.8774964748669,72.0404601250386,13.3647075261242));
#7135=CARTESIAN_POINT('Ctrl Pts',(9.87749647486687,70.0404601250386,15.3527075261242));
#7136=CARTESIAN_POINT('Ctrl Pts',(11.8774964748769,70.0404601250286,15.3527075261242));
#7137=CARTESIAN_POINT('Ctrl Pts',(11.8774964748669,72.0404601250386,15.3527075261242));
#7138=CARTESIAN_POINT('Ctrl Pts',(9.87749647486687,72.0284601250386,15.3527075261242));
#7139=CARTESIAN_POINT('Ctrl Pts',(9.88949647486691,72.0284601250386,15.3527075261242));
#7140=CARTESIAN_POINT('Ctrl Pts',(9.88949647486685,72.0404601250386,15.3527075261242));
#7141=CARTESIAN_POINT('',(11.8774964748669,72.0404601250387,13.3647075261242));
#7142=CARTESIAN_POINT('',(9.88949647486687,72.0404601250386,15.3527075261242));
#7143=CARTESIAN_POINT('Origin',(9.88949647486687,72.0404601250386,13.3647075261242));
#7144=CARTESIAN_POINT('Origin',(9.87749647486687,72.0404601250386,15.3527075261242));
#7145=CARTESIAN_POINT('Origin',(9.87749647486687,72.0404601250386,13.3647075261242));
#7146=CARTESIAN_POINT('Origin',(9.88949647486686,70.7215610631714,13.3647075261242));
#7147=CARTESIAN_POINT('',(11.8774964748669,78.4481432245199,13.3647075261242));
#7148=CARTESIAN_POINT('',(9.8894964748669,78.4481432245199,15.3527075261242));
#7149=CARTESIAN_POINT('Origin',(9.8894964748669,78.4481432245199,13.3647075261242));
#7150=CARTESIAN_POINT('',(9.88949647486686,70.7215610631714,15.3527075261242));
#7151=CARTESIAN_POINT('',(11.8774964748669,70.7215610631714,13.3647075261242));
#7152=CARTESIAN_POINT('Ctrl Pts',(11.8774964748669,78.4481432245199,13.3647075261242));
#7153=CARTESIAN_POINT('Ctrl Pts',(11.877496474867,80.4481432245201,13.3647075261242));
#7154=CARTESIAN_POINT('Ctrl Pts',(9.87749647486687,80.44814322452,13.3647075261242));
#7155=CARTESIAN_POINT('Ctrl Pts',(11.8774964748669,78.4481432245199,15.3527075261242));
#7156=CARTESIAN_POINT('Ctrl Pts',(11.877496474867,80.4481432245201,15.3527075261242));
#7157=CARTESIAN_POINT('Ctrl Pts',(9.87749647486687,80.44814322452,15.3527075261242));
#7158=CARTESIAN_POINT('Ctrl Pts',(9.88949647486687,78.4481432245199,15.3527075261242));
#7159=CARTESIAN_POINT('Ctrl Pts',(9.88949647486687,78.4601432245199,15.3527075261242));
#7160=CARTESIAN_POINT('Ctrl Pts',(9.87749647486687,78.4601432245199,15.3527075261242));
#7161=CARTESIAN_POINT('Origin',(9.87749647486687,78.4481432245199,15.3527075261242));
#7162=CARTESIAN_POINT('Origin',(9.87749647486687,78.4481432245199,13.3647075261242));
#7163=CARTESIAN_POINT('Origin',(3.08275078077674,72.0404601250387,4.30170752612416));
#7164=CARTESIAN_POINT('',(1.08275078077675,72.0404601250386,2.60170752612415));
#7165=CARTESIAN_POINT('',(1.08275078077675,72.0404601250386,4.30170752612416));
#7166=CARTESIAN_POINT('',(3.08275078077674,70.0404601250387,2.60170752612415));
#7167=CARTESIAN_POINT('Origin',(3.08275078077674,72.0404601250387,2.60170752612415));
#7168=CARTESIAN_POINT('',(3.08275078077674,70.0404601250387,7.15270752612416));
#7169=CARTESIAN_POINT('Origin',(1.08275078077675,78.4481432245199,4.30170752612416));
#7170=CARTESIAN_POINT('',(1.08275078077675,78.4481432245199,2.60170752612415));
#7171=CARTESIAN_POINT('',(1.08275078077675,78.4481432245199,4.30170752612416));
#7172=CARTESIAN_POINT('',(1.08275078077675,76.8462224496496,2.60170752612415));
#7173=CARTESIAN_POINT('Origin',(3.08275078077674,78.4481432245199,4.30170752612416));
#7174=CARTESIAN_POINT('',(3.08275078077674,80.44814322452,2.60170752612415));
#7175=CARTESIAN_POINT('',(3.08275078077674,80.44814322452,4.30170752612416));
#7176=CARTESIAN_POINT('Origin',(3.08275078077674,78.4481432245199,2.60170752612415));
#7177=CARTESIAN_POINT('Origin',(9.87749647486687,80.44814322452,4.30170752612416));
#7178=CARTESIAN_POINT('',(9.87749647486687,80.44814322452,2.60170752612415));
#7179=CARTESIAN_POINT('',(9.87749647486687,80.44814322452,4.30170752612416));
#7180=CARTESIAN_POINT('',(8.17881005134435,80.44814322452,2.60170752612415));
#7181=CARTESIAN_POINT('Origin',(6.50355909928802,69.4026620013042,15.3527075261242));
#7182=CARTESIAN_POINT('Origin',(11.8774964748669,72.0404601250387,4.30170752612416));
#7183=CARTESIAN_POINT('',(11.8774964748669,72.0404601250387,2.60170752612415));
#7184=CARTESIAN_POINT('',(11.8774964748669,72.0404601250387,7.15270752612416));
#7185=CARTESIAN_POINT('',(11.8774964748669,78.4481432245199,2.60170752612415));
#7186=CARTESIAN_POINT('',(11.8774964748669,73.642380899909,2.60170752612415));
#7187=CARTESIAN_POINT('',(11.8774964748669,78.4481432245199,4.30170752612416));
#7188=CARTESIAN_POINT('Origin',(9.87749647486687,72.0404601250386,4.30170752612416));
#7189=CARTESIAN_POINT('',(9.87749647486687,70.0404601250386,2.60170752612415));
#7190=CARTESIAN_POINT('',(9.87749647486687,70.0404601250386,7.15270752612416));
#7191=CARTESIAN_POINT('Origin',(9.87749647486687,72.0404601250386,2.60170752612415));
#7192=CARTESIAN_POINT('Origin',(3.08275078077674,70.0404601250386,4.30170752612416));
#7193=CARTESIAN_POINT('',(4.78143720429928,70.0404601250386,2.60170752612415));
#7194=CARTESIAN_POINT('Origin',(9.87749647486687,78.4481432245199,4.30170752612416));
#7195=CARTESIAN_POINT('Origin',(9.87749647486687,78.4481432245199,2.60170752612415));
#7196=CARTESIAN_POINT('Origin',(1.58275078077675,76.8462224496496,2.60170752612415));
#7197=CARTESIAN_POINT('',(1.58275078077675,72.0404601250386,2.10170752612416));
#7198=CARTESIAN_POINT('Origin',(1.58275078077675,72.0404601250386,2.60170752612415));
#7199=CARTESIAN_POINT('',(1.58275078077675,78.4481432245199,2.10170752612416));
#7200=CARTESIAN_POINT('Origin',(1.58275078077675,78.4481432245199,2.60170752612415));
#7201=CARTESIAN_POINT('',(1.58275078077675,76.8462224496496,2.10170752612416));
#7202=CARTESIAN_POINT('Origin',(3.08275078077674,78.4481432245199,2.60170752612415));
#7203=CARTESIAN_POINT('',(3.08275078077674,79.9481432245199,2.10170752612416));
#7204=CARTESIAN_POINT('Origin',(3.08275078077674,79.9481432245199,2.60170752612415));
#7205=CARTESIAN_POINT('Origin',(3.08275078077674,78.4481432245199,2.10170752612416));
#7206=CARTESIAN_POINT('Origin',(8.17881005134435,79.9481432245199,2.60170752612415));
#7207=CARTESIAN_POINT('',(9.87749647486687,79.9481432245199,2.10170752612416));
#7208=CARTESIAN_POINT('Origin',(9.87749647486687,79.9481432245199,2.60170752612415));
#7209=CARTESIAN_POINT('',(8.17881005134435,79.9481432245199,2.10170752612416));
#7210=CARTESIAN_POINT('Origin',(9.87749647486687,78.4481432245199,2.60170752612415));
#7211=CARTESIAN_POINT('',(11.3774964748669,78.4481432245199,2.10170752612416));
#7212=CARTESIAN_POINT('Origin',(11.3774964748669,78.4481432245199,2.60170752612415));
#7213=CARTESIAN_POINT('Origin',(9.87749647486687,78.4481432245199,2.10170752612416));
#7214=CARTESIAN_POINT('Origin',(11.3774964748669,73.642380899909,2.60170752612415));
#7215=CARTESIAN_POINT('',(11.3774964748669,72.0404601250387,2.10170752612416));
#7216=CARTESIAN_POINT('Origin',(11.3774964748669,72.0404601250387,2.60170752612415));
#7217=CARTESIAN_POINT('',(11.3774964748669,73.642380899909,2.10170752612416));
#7218=CARTESIAN_POINT('Origin',(9.87749647486687,72.0404601250386,2.60170752612415));
#7219=CARTESIAN_POINT('',(9.87749647486687,70.5404601250386,2.10170752612416));
#7220=CARTESIAN_POINT('Origin',(9.87749647486687,70.5404601250386,2.60170752612415));
#7221=CARTESIAN_POINT('Origin',(9.87749647486687,72.0404601250386,2.10170752612416));
#7222=CARTESIAN_POINT('Origin',(4.78143720429928,70.5404601250386,2.60170752612415));
#7223=CARTESIAN_POINT('',(3.08275078077674,70.5404601250386,2.10170752612416));
#7224=CARTESIAN_POINT('Origin',(3.08275078077674,70.5404601250386,2.60170752612415));
#7225=CARTESIAN_POINT('',(4.78143720429928,70.5404601250386,2.10170752612416));
#7226=CARTESIAN_POINT('Origin',(3.08275078077674,72.0404601250387,2.60170752612415));
#7227=CARTESIAN_POINT('Origin',(3.08275078077674,72.0404601250387,2.10170752612416));
#7228=CARTESIAN_POINT('Origin',(6.48012362782183,75.2443016747793,2.10170752612416));
#7229=CARTESIAN_POINT('',(9.42035700193163,71.5976986389396,2.10170752612416));
#7230=CARTESIAN_POINT('',(3.97326887091971,71.5976986389396,2.10170752612416));
#7231=CARTESIAN_POINT('',(5.22669624937079,71.5976986389396,2.10170752612416));
#7232=CARTESIAN_POINT('',(10.3203570019316,72.4976986389397,2.10170752612416));
#7233=CARTESIAN_POINT('Origin',(9.42035700193166,72.4976986389396,2.10170752612416));
#7234=CARTESIAN_POINT('',(10.3203570019316,77.9578719295955,2.10170752612416));
#7235=CARTESIAN_POINT('',(10.3203570019316,73.8710001568595,2.10170752612416));
#7236=CARTESIAN_POINT('',(9.42035700193163,78.8578719295954,2.10170752612416));
#7237=CARTESIAN_POINT('Origin',(9.42035700193163,77.9578719295955,2.10170752612416));
#7238=CARTESIAN_POINT('',(3.97326887091975,78.8578719295955,2.10170752612416));
#7239=CARTESIAN_POINT('',(7.95024031487673,78.8578719295955,2.10170752612416));
#7240=CARTESIAN_POINT('',(3.07326887091975,77.9578719295955,2.10170752612416));
#7241=CARTESIAN_POINT('Origin',(3.97326887091975,77.9578719295955,2.10170752612416));
#7242=CARTESIAN_POINT('',(3.07326887091979,72.4976986389396,2.10170752612416));
#7243=CARTESIAN_POINT('',(3.07326887091974,76.6010868021874,2.10170752612416));
#7244=CARTESIAN_POINT('Origin',(3.97326887091975,72.4976986389396,2.10170752612416));
#7245=CARTESIAN_POINT('Origin',(5.22669624937079,71.5976986389396,2.60170752612415));
#7246=CARTESIAN_POINT('',(3.97326887091971,72.0976986389397,2.60170752612415));
#7247=CARTESIAN_POINT('Origin',(3.97326887091971,71.5976986389396,2.60170752612415));
#7248=CARTESIAN_POINT('',(9.42035700193163,72.0976986389396,2.60170752612415));
#7249=CARTESIAN_POINT('',(5.22669624937079,72.0976986389396,2.60170752612415));
#7250=CARTESIAN_POINT('Origin',(9.42035700193163,71.5976986389396,2.60170752612415));
#7251=CARTESIAN_POINT('Origin',(9.42035700193166,72.4976986389396,2.60170752612415));
#7252=CARTESIAN_POINT('',(9.82035700193162,72.4976986389396,2.60170752612415));
#7253=CARTESIAN_POINT('Origin',(10.3203570019316,72.4976986389397,2.60170752612415));
#7254=CARTESIAN_POINT('Origin',(9.42035700193166,72.4976986389396,2.60170752612415));
#7255=CARTESIAN_POINT('Origin',(10.3203570019316,73.8710001568595,2.60170752612415));
#7256=CARTESIAN_POINT('',(9.82035700193158,77.9578719295955,2.60170752612415));
#7257=CARTESIAN_POINT('Origin',(10.3203570019316,77.9578719295955,2.60170752612415));
#7258=CARTESIAN_POINT('',(9.82035700193161,73.8710001568595,2.60170752612415));
#7259=CARTESIAN_POINT('Origin',(9.42035700193163,77.9578719295955,2.60170752612415));
#7260=CARTESIAN_POINT('',(9.42035700193163,78.3578719295954,2.60170752612415));
#7261=CARTESIAN_POINT('Origin',(9.42035700193163,78.8578719295954,2.60170752612415));
#7262=CARTESIAN_POINT('Origin',(9.42035700193163,77.9578719295955,2.60170752612415));
#7263=CARTESIAN_POINT('Origin',(7.95024031487673,78.8578719295955,2.60170752612415));
#7264=CARTESIAN_POINT('',(3.97326887091975,78.3578719295955,2.60170752612415));
#7265=CARTESIAN_POINT('Origin',(3.97326887091975,78.8578719295955,2.60170752612415));
#7266=CARTESIAN_POINT('',(7.95024031487673,78.3578719295955,2.60170752612415));
#7267=CARTESIAN_POINT('Origin',(3.97326887091975,77.9578719295955,2.60170752612415));
#7268=CARTESIAN_POINT('',(3.57326887091975,77.9578719295955,2.60170752612415));
#7269=CARTESIAN_POINT('Origin',(3.07326887091975,77.9578719295955,2.60170752612415));
#7270=CARTESIAN_POINT('Origin',(3.97326887091975,77.9578719295955,2.60170752612415));
#7271=CARTESIAN_POINT('Origin',(3.07326887091974,76.6010868021874,2.60170752612415));
#7272=CARTESIAN_POINT('',(3.57326887091979,72.4976986389396,2.60170752612415));
#7273=CARTESIAN_POINT('Origin',(3.07326887091979,72.4976986389396,2.60170752612415));
#7274=CARTESIAN_POINT('',(3.57326887091974,76.6010868021874,2.60170752612415));
#7275=CARTESIAN_POINT('Origin',(3.97326887091975,72.4976986389396,2.60170752612415));
#7276=CARTESIAN_POINT('Origin',(3.97326887091975,72.4976986389396,2.60170752612415));
#7277=CARTESIAN_POINT('Origin',(9.42035700193163,77.9578719295955,4.30170752612416));
#7278=CARTESIAN_POINT('',(9.82035700193158,77.9578719295955,3.80170752612416));
#7279=CARTESIAN_POINT('',(9.82035700193158,77.9578719295955,4.30170752612416));
#7280=CARTESIAN_POINT('',(9.42035700193163,78.3578719295955,3.80170752612416));
#7281=CARTESIAN_POINT('Origin',(9.42035700193163,77.9578719295955,3.80170752612416));
#7282=CARTESIAN_POINT('',(9.42035700193163,78.3578719295954,4.30170752612416));
#7283=CARTESIAN_POINT('Origin',(9.82035700193162,72.4976986389396,4.30170752612416));
#7284=CARTESIAN_POINT('',(9.82035700193162,72.4976986389396,3.80170752612416));
#7285=CARTESIAN_POINT('',(9.82035700193162,72.4976986389396,4.30170752612416));
#7286=CARTESIAN_POINT('',(9.82035700193161,73.8710001568595,3.80170752612416));
#7287=CARTESIAN_POINT('Origin',(9.42035700193166,72.4976986389396,4.30170752612416));
#7288=CARTESIAN_POINT('',(9.42035700193166,72.0976986389396,3.80170752612416));
#7289=CARTESIAN_POINT('',(9.42035700193163,72.0976986389396,4.30170752612416));
#7290=CARTESIAN_POINT('Origin',(9.42035700193166,72.4976986389396,3.80170752612416));
#7291=CARTESIAN_POINT('Origin',(3.97326887091975,72.0976986389396,4.30170752612416));
#7292=CARTESIAN_POINT('',(3.97326887091975,72.0976986389396,3.80170752612416));
#7293=CARTESIAN_POINT('',(3.97326887091971,72.0976986389397,4.30170752612416));
#7294=CARTESIAN_POINT('',(5.22669624937079,72.0976986389396,3.80170752612416));
#7295=CARTESIAN_POINT('Ctrl Pts',(3.57326887091972,77.9578719295955,3.80170752612416));
#7296=CARTESIAN_POINT('Ctrl Pts',(3.57326887091972,77.9578719295955,3.91390726375236));
#7297=CARTESIAN_POINT('Ctrl Pts',(3.66466716026663,77.9395922717261,4.17614439118371));
#7298=CARTESIAN_POINT('Ctrl Pts',(3.92366922074878,77.8877918596297,4.30170752612415));
#7299=CARTESIAN_POINT('Ctrl Pts',(4.07326887091972,77.8578719295955,4.30170752612416));
#7300=CARTESIAN_POINT('Ctrl Pts',(3.57326887091972,78.0625916847151,3.80170752612416));
#7301=CARTESIAN_POINT('Ctrl Pts',(3.57326887091972,78.0625916847151,3.93763845616467));
#7302=CARTESIAN_POINT('Ctrl Pts',(3.71103684580903,77.9972228281664,4.2239015775461));
#7303=CARTESIAN_POINT('Ctrl Pts',(3.94361584077157,77.9077384796525,4.30170752612415));
#7304=CARTESIAN_POINT('Ctrl Pts',(4.07326887091972,77.8578719295955,4.30170752612416));
#7305=CARTESIAN_POINT('Ctrl Pts',(3.66004038372101,78.2711004167942,3.80170752612416));
#7306=CARTESIAN_POINT('Ctrl Pts',(3.66004038372101,78.2711004167942,3.96457606607427));
#7307=CARTESIAN_POINT('Ctrl Pts',(3.81780748826663,78.1133333122486,4.27386680117643));
#7308=CARTESIAN_POINT('Ctrl Pts',(3.98350908081715,77.9476317196981,4.30170752612415));
#7309=CARTESIAN_POINT('Ctrl Pts',(4.07326887091972,77.8578719295955,4.30170752612416));
#7310=CARTESIAN_POINT('Ctrl Pts',(3.86854911580006,78.3578719295955,3.80170752612416));
#7311=CARTESIAN_POINT('Ctrl Pts',(3.86854911580006,78.3578719295955,3.93763845616467));
#7312=CARTESIAN_POINT('Ctrl Pts',(3.93391797234879,78.2201039547062,4.22390157754611));
#7313=CARTESIAN_POINT('Ctrl Pts',(4.02340232086274,77.9875249597436,4.30170752612415));
#7314=CARTESIAN_POINT('Ctrl Pts',(4.07326887091972,77.8578719295955,4.30170752612416));
#7315=CARTESIAN_POINT('Ctrl Pts',(3.97326887091972,78.3578719295955,3.80170752612416));
#7316=CARTESIAN_POINT('Ctrl Pts',(3.97326887091972,78.3578719295955,3.91390726375236));
#7317=CARTESIAN_POINT('Ctrl Pts',(3.9915485287891,78.2664736402486,4.17614439118372));
#7318=CARTESIAN_POINT('Ctrl Pts',(4.04334894088553,78.0074715797664,4.30170752612415));
#7319=CARTESIAN_POINT('Ctrl Pts',(4.07326887091972,77.8578719295955,4.30170752612416));
#7320=CARTESIAN_POINT('',(3.97326887091972,78.3578719295955,3.80170752612416));
#7321=CARTESIAN_POINT('',(4.07326887091972,77.8578719295955,4.30170752612415));
#7322=CARTESIAN_POINT('Origin',(4.07326887091972,77.8578719295955,3.80170752612416));
#7323=CARTESIAN_POINT('',(3.57326887091972,77.9578719295955,3.80170752612416));
#7324=CARTESIAN_POINT('Origin',(4.07326887091972,77.8578719295955,3.80170752612416));
#7325=CARTESIAN_POINT('Origin',(3.97326887091972,77.9578719295955,3.80170752612416));
#7326=CARTESIAN_POINT('Ctrl Pts',(3.97326887091975,72.0976986389396,3.80170752612416));
#7327=CARTESIAN_POINT('Ctrl Pts',(3.97326887091975,72.0976986389396,3.91390726375234));
#7328=CARTESIAN_POINT('Ctrl Pts',(3.99154716624941,72.1890901155878,4.1761500690998));
#7329=CARTESIAN_POINT('Ctrl Pts',(4.04334894088559,72.4480989887686,4.30170752612413));
#7330=CARTESIAN_POINT('Ctrl Pts',(4.07326887091979,72.5976986389395,4.30170752612416));
#7331=CARTESIAN_POINT('Ctrl Pts',(3.86854911580011,72.0976986389396,3.80170752612416));
#7332=CARTESIAN_POINT('Ctrl Pts',(3.86854911580011,72.0976986389396,3.93763845616464));
#7333=CARTESIAN_POINT('Ctrl Pts',(3.93391608806628,72.2354550242099,4.22393280118381));
#7334=CARTESIAN_POINT('Ctrl Pts',(4.02340232086279,72.4680456087914,4.30170752612413));
#7335=CARTESIAN_POINT('Ctrl Pts',(4.07326887091978,72.5976986389395,4.30170752612416));
#7336=CARTESIAN_POINT('Ctrl Pts',(3.66003637701105,72.1844661450309,3.80170752612416));
#7337=CARTESIAN_POINT('Ctrl Pts',(3.66003637701105,72.1844661450309,3.96457606607424));
#7338=CARTESIAN_POINT('Ctrl Pts',(3.81781215217324,72.342241920193,4.27394427448403));
#7339=CARTESIAN_POINT('Ctrl Pts',(3.9835090808172,72.507938848837,4.30170752612414));
#7340=CARTESIAN_POINT('Ctrl Pts',(4.07326887091977,72.5976986389395,4.30170752612415));
#7341=CARTESIAN_POINT('Ctrl Pts',(3.57326887091981,72.3929788838199,3.80170752612416));
#7342=CARTESIAN_POINT('Ctrl Pts',(3.57326887091981,72.3929788838199,3.93763845616465));
#7343=CARTESIAN_POINT('Ctrl Pts',(3.71102525619009,72.4583458560861,4.22393280118384));
#7344=CARTESIAN_POINT('Ctrl Pts',(3.9436158407716,72.5478320888826,4.30170752612414));
#7345=CARTESIAN_POINT('Ctrl Pts',(4.07326887091976,72.5976986389396,4.30170752612416));
#7346=CARTESIAN_POINT('Ctrl Pts',(3.57326887091981,72.4976986389396,3.80170752612416));
#7347=CARTESIAN_POINT('Ctrl Pts',(3.57326887091981,72.4976986389396,3.91390726375236));
#7348=CARTESIAN_POINT('Ctrl Pts',(3.66466034756806,72.5159769342692,4.17615006909984));
#7349=CARTESIAN_POINT('Ctrl Pts',(3.92366922074881,72.5677787089054,4.30170752612414));
#7350=CARTESIAN_POINT('Ctrl Pts',(4.07326887091975,72.5976986389396,4.30170752612416));
#7351=CARTESIAN_POINT('',(3.57326887091979,72.4976986389396,3.80170752612416));
#7352=CARTESIAN_POINT('',(4.07326887091979,72.5976986389396,4.30170752612415));
#7353=CARTESIAN_POINT('Origin',(4.07326887091979,72.5976986389396,3.80170752612416));
#7354=CARTESIAN_POINT('Origin',(4.07326887091979,72.5976986389396,3.80170752612416));
#7355=CARTESIAN_POINT('Origin',(3.97326887091975,72.4976986389396,3.80170752612416));
#7356=CARTESIAN_POINT('Ctrl Pts',(9.82035700193162,72.4976986389396,3.80170752612416));
#7357=CARTESIAN_POINT('Ctrl Pts',(9.82035700193162,72.4976986389396,3.91390726375236));
#7358=CARTESIAN_POINT('Ctrl Pts',(9.72895872830961,72.515978293664,4.17614440428934));
#7359=CARTESIAN_POINT('Ctrl Pts',(9.46995665210256,72.5677787089055,4.30170752612416));
#7360=CARTESIAN_POINT('Ctrl Pts',(9.32035700193162,72.5976986389396,4.30170752612416));
#7361=CARTESIAN_POINT('Ctrl Pts',(9.82035700193162,72.39297888382,3.80170752612416));
#7362=CARTESIAN_POINT('Ctrl Pts',(9.82035700193162,72.39297888382,3.93763845616467));
#7363=CARTESIAN_POINT('Ctrl Pts',(9.68258905379317,72.4583477360195,4.2239016496157));
#7364=CARTESIAN_POINT('Ctrl Pts',(9.45001003207977,72.5478320888827,4.30170752612416));
#7365=CARTESIAN_POINT('Ctrl Pts',(9.32035700193162,72.5976986389396,4.30170752612416));
#7366=CARTESIAN_POINT('Ctrl Pts',(9.73358549833092,72.1844701425403,3.80170752612415));
#7367=CARTESIAN_POINT('Ctrl Pts',(9.73358549833092,72.1844701425403,3.96457606607426));
#7368=CARTESIAN_POINT('Ctrl Pts',(9.57581837389474,72.3422372669766,4.27386697991229));
#7369=CARTESIAN_POINT('Ctrl Pts',(9.41011679203419,72.5079388488371,4.30170752612415));
#7370=CARTESIAN_POINT('Ctrl Pts',(9.32035700193162,72.5976986389396,4.30170752612415));
#7371=CARTESIAN_POINT('Ctrl Pts',(9.52507675705131,72.0976986389396,3.80170752612416));
#7372=CARTESIAN_POINT('Ctrl Pts',(9.52507675705131,72.0976986389396,3.93763845616466));
#7373=CARTESIAN_POINT('Ctrl Pts',(9.45970790485184,72.2354665870781,4.22390164961569));
#7374=CARTESIAN_POINT('Ctrl Pts',(9.37022355198861,72.4680456087915,4.30170752612416));
#7375=CARTESIAN_POINT('Ctrl Pts',(9.32035700193162,72.5976986389396,4.30170752612416));
#7376=CARTESIAN_POINT('Ctrl Pts',(9.42035700193166,72.0976986389396,3.80170752612416));
#7377=CARTESIAN_POINT('Ctrl Pts',(9.42035700193166,72.0976986389396,3.91390726375236));
#7378=CARTESIAN_POINT('Ctrl Pts',(9.40207734720726,72.1890969125617,4.17614440428933));
#7379=CARTESIAN_POINT('Ctrl Pts',(9.35027693196582,72.4480989887687,4.30170752612416));
#7380=CARTESIAN_POINT('Ctrl Pts',(9.32035700193162,72.5976986389396,4.30170752612416));
#7381=CARTESIAN_POINT('',(9.32035700193162,72.5976986389396,4.30170752612415));
#7382=CARTESIAN_POINT('Origin',(9.32035700193162,72.5976986389396,3.80170752612416));
#7383=CARTESIAN_POINT('Origin',(9.32035700193162,72.5976986389396,3.80170752612416));
#7384=CARTESIAN_POINT('Ctrl Pts',(9.42035700193163,78.3578719295955,3.80170752612416));
#7385=CARTESIAN_POINT('Ctrl Pts',(9.42035700193163,78.3578719295955,3.91390726375236));
#7386=CARTESIAN_POINT('Ctrl Pts',(9.40207607823209,78.2664673110979,4.1761391162715));
#7387=CARTESIAN_POINT('Ctrl Pts',(9.35027693196579,78.0074715797664,4.30170752612416));
#7388=CARTESIAN_POINT('Ctrl Pts',(9.32035700193158,77.8578719295955,4.30170752612416));
#7389=CARTESIAN_POINT('Ctrl Pts',(9.52507675705128,78.3578719295955,3.80170752612416));
#7390=CARTESIAN_POINT('Ctrl Pts',(9.52507675705128,78.3578719295955,3.93763845616466));
#7391=CARTESIAN_POINT('Ctrl Pts',(9.45970614996155,78.2200931876887,4.22387257008219));
#7392=CARTESIAN_POINT('Ctrl Pts',(9.37022355198858,77.9875249597436,4.30170752612416));
#7393=CARTESIAN_POINT('Ctrl Pts',(9.32035700193158,77.8578719295955,4.30170752612416));
#7394=CARTESIAN_POINT('Ctrl Pts',(9.73358180367241,78.2710967313363,3.80170752612416));
#7395=CARTESIAN_POINT('Ctrl Pts',(9.73358180367241,78.2710967313363,3.96457606607426));
#7396=CARTESIAN_POINT('Ctrl Pts',(9.57582265927451,78.1133375869384,4.27379489334509));
#7397=CARTESIAN_POINT('Ctrl Pts',(9.41011679203416,77.9476317196981,4.30170752612416));
#7398=CARTESIAN_POINT('Ctrl Pts',(9.32035700193159,77.8578719295955,4.30170752612416));
#7399=CARTESIAN_POINT('Ctrl Pts',(9.82035700193159,78.0625916847152,3.80170752612416));
#7400=CARTESIAN_POINT('Ctrl Pts',(9.82035700193159,78.0625916847152,3.93763845616466));
#7401=CARTESIAN_POINT('Ctrl Pts',(9.68257826002476,77.9972210776255,4.22387257008219));
#7402=CARTESIAN_POINT('Ctrl Pts',(9.45001003207974,77.9077384796525,4.30170752612416));
#7403=CARTESIAN_POINT('Ctrl Pts',(9.32035700193158,77.8578719295955,4.30170752612416));
#7404=CARTESIAN_POINT('Ctrl Pts',(9.82035700193159,77.9578719295955,3.80170752612416));
#7405=CARTESIAN_POINT('Ctrl Pts',(9.82035700193159,77.9578719295955,3.91390726375236));
#7406=CARTESIAN_POINT('Ctrl Pts',(9.72895238343393,77.939591005896,4.1761391162715));
#7407=CARTESIAN_POINT('Ctrl Pts',(9.46995665210253,77.8877918596297,4.30170752612416));
#7408=CARTESIAN_POINT('Ctrl Pts',(9.32035700193158,77.8578719295955,4.30170752612416));
#7409=CARTESIAN_POINT('',(9.32035700193158,77.8578719295955,4.30170752612415));
#7410=CARTESIAN_POINT('Origin',(9.32035700193158,77.8578719295955,3.80170752612416));
#7411=CARTESIAN_POINT('Origin',(9.32035700193158,77.8578719295955,3.80170752612416));
#7412=CARTESIAN_POINT('Origin',(7.95024031487673,77.8578719295955,3.80170752612416));
#7413=CARTESIAN_POINT('',(7.95024031487673,78.3578719295955,3.80170752612416));
#7414=CARTESIAN_POINT('',(7.95024031487673,77.8578719295955,4.30170752612416));
#7415=CARTESIAN_POINT('Origin',(9.32035700193161,73.8710001568595,3.80170752612416));
#7416=CARTESIAN_POINT('',(9.32035700193161,73.8710001568595,4.30170752612416));
#7417=CARTESIAN_POINT('Origin',(5.22669624937079,72.5976986389396,3.80170752612416));
#7418=CARTESIAN_POINT('',(5.22669624937079,72.5976986389396,4.30170752612416));
#7419=CARTESIAN_POINT('Origin',(4.07326887091974,76.6010868021874,3.80170752612416));
#7420=CARTESIAN_POINT('',(4.07326887091974,76.6010868021874,4.30170752612416));
#7421=CARTESIAN_POINT('',(3.57326887091974,76.6010868021874,3.80170752612416));
#7422=CARTESIAN_POINT('Origin',(6.48012362782183,75.2443016747793,4.30170752612416));
#7423=CARTESIAN_POINT('Origin',(3.57326887091972,77.9578719295955,4.30170752612416));
#7424=CARTESIAN_POINT('',(3.57326887091975,77.9578719295955,4.30170752612416));
#7425=CARTESIAN_POINT('',(3.57326887091979,72.4976986389396,4.30170752612416));
#7426=CARTESIAN_POINT('Origin',(3.97326887091975,77.9578719295955,4.30170752612416));
#7427=CARTESIAN_POINT('',(3.97326887091975,78.3578719295955,4.30170752612416));
#7428=CARTESIAN_POINT('Origin',(9.42035700193163,78.3578719295955,4.30170752612416));
#7429=CARTESIAN_POINT('Origin',(3.97326887091975,72.4976986389396,4.30170752612416));
#7430=CARTESIAN_POINT('Origin',(176.542017246368,-55.5849713881821,-15.509));
#7431=CARTESIAN_POINT('',(176.042017246368,-55.5849713881821,-9.86339827246));
#7432=CARTESIAN_POINT('',(176.042017246368,-55.5849713881821,-15.509));
#7433=CARTESIAN_POINT('',(176.042017246368,-55.5849713881821,-11.909));
#7434=CARTESIAN_POINT('',(176.542017246368,-55.5849713881821,-9.86339827246));
#7435=CARTESIAN_POINT('',(176.542017246368,-55.5849713881821,-9.86339827246));
#7436=CARTESIAN_POINT('',(176.542017246368,-55.5849713881821,-15.509));
#7437=CARTESIAN_POINT('',(176.542017246368,-55.5849713881821,-11.909));
#7438=CARTESIAN_POINT('',(163.542017246368,-55.5849713881821,-15.509));
#7439=CARTESIAN_POINT('Origin',(176.542017246368,-49.5406621056593,-9.86339827246));
#7440=CARTESIAN_POINT('',(176.042017246368,-49.5406621056593,-15.509));
#7441=CARTESIAN_POINT('',(176.042017246368,-49.5406621056593,-9.86339827246));
#7442=CARTESIAN_POINT('',(176.042017246368,-49.5406621056593,-9.08619913623));
#7443=CARTESIAN_POINT('',(176.542017246368,-49.5406621056593,-15.509));
#7444=CARTESIAN_POINT('',(163.542017246368,-49.5406621056593,-15.509));
#7445=CARTESIAN_POINT('',(176.542017246368,-49.5406621056593,-9.86339827246));
#7446=CARTESIAN_POINT('',(176.542017246368,-49.5406621056593,-9.08619913623));
#7447=CARTESIAN_POINT('',(176.542017246368,-49.5406621056593,-9.86339827246));
#7448=CARTESIAN_POINT('Origin',(176.542017246368,-55.5849713881821,-9.86339827246));
#7449=CARTESIAN_POINT('',(176.042017246368,-52.9345724121291,-9.86339827246));
#7450=CARTESIAN_POINT('',(176.542017246368,-51.3845724121291,-9.86339827246));
#7451=CARTESIAN_POINT('Origin',(150.542017246368,-63.2841734360761,-15.509));
#7452=CARTESIAN_POINT('',(176.542017246368,-79.1841734360761,-15.509));
#7453=CARTESIAN_POINT('',(176.542017246368,-47.1841734360761,-15.509));
#7454=CARTESIAN_POINT('',(176.342017246368,-79.3841734360761,-15.509));
#7455=CARTESIAN_POINT('Origin',(176.342017246368,-79.1841734360761,-15.509));
#7456=CARTESIAN_POINT('',(124.742017246368,-79.3841734360761,-15.509));
#7457=CARTESIAN_POINT('',(176.542017246368,-79.3841734360761,-15.509));
#7458=CARTESIAN_POINT('',(124.542017246368,-79.1841734360761,-15.509));
#7459=CARTESIAN_POINT('Origin',(124.742017246368,-79.1841734360761,-15.509));
#7460=CARTESIAN_POINT('',(124.542017246368,-47.3841734360761,-15.509));
#7461=CARTESIAN_POINT('',(124.542017246368,-79.3841734360761,-15.509));
#7462=CARTESIAN_POINT('',(124.742017246368,-47.1841734360761,-15.509));
#7463=CARTESIAN_POINT('Origin',(124.742017246368,-47.3841734360761,-15.509));
#7464=CARTESIAN_POINT('',(176.342017246368,-47.1841734360761,-15.509));
#7465=CARTESIAN_POINT('',(124.542017246368,-47.1841734360761,-15.509));
#7466=CARTESIAN_POINT('',(176.542017246368,-47.3841734360761,-15.509));
#7467=CARTESIAN_POINT('Origin',(176.342017246368,-47.3841734360761,-15.509));
#7468=CARTESIAN_POINT('',(176.542017246368,-47.1841734360761,-15.509));
#7469=CARTESIAN_POINT('',(176.042017246368,-47.9841734360761,-15.509));
#7470=CARTESIAN_POINT('',(176.042017246368,-55.1841734360761,-15.509));
#7471=CARTESIAN_POINT('',(175.842017246368,-47.7841734360761,-15.509));
#7472=CARTESIAN_POINT('Origin',(175.842017246368,-47.9841734360761,-15.509));
#7473=CARTESIAN_POINT('',(125.242017246368,-47.7841734360761,-15.509));
#7474=CARTESIAN_POINT('',(176.042017246368,-47.7841734360761,-15.509));
#7475=CARTESIAN_POINT('',(125.042017246368,-47.9841734360761,-15.509));
#7476=CARTESIAN_POINT('Origin',(125.242017246368,-47.9841734360761,-15.509));
#7477=CARTESIAN_POINT('',(125.042017246368,-78.5841734360761,-15.509));
#7478=CARTESIAN_POINT('',(125.042017246368,-47.7841734360761,-15.509));
#7479=CARTESIAN_POINT('',(125.242017246368,-78.7841734360761,-15.509));
#7480=CARTESIAN_POINT('Origin',(125.242017246368,-78.5841734360761,-15.509));
#7481=CARTESIAN_POINT('',(175.842017246368,-78.7841734360761,-15.509));
#7482=CARTESIAN_POINT('',(125.042017246368,-78.7841734360761,-15.509));
#7483=CARTESIAN_POINT('',(176.042017246368,-78.5841734360761,-15.509));
#7484=CARTESIAN_POINT('Origin',(175.842017246368,-78.5841734360761,-15.509));
#7485=CARTESIAN_POINT('',(176.042017246368,-55.1841734360761,-15.509));
#7486=CARTESIAN_POINT('Origin',(176.542017246368,-47.1841734360761,-8.309));
#7487=CARTESIAN_POINT('',(176.542017246368,-47.3841734360761,-14.309));
#7488=CARTESIAN_POINT('',(176.542017246368,-47.3841734360761,-8.309));
#7489=CARTESIAN_POINT('',(176.542017246368,-47.8841734360761,-14.309));
#7490=CARTESIAN_POINT('',(176.542017246368,-48.049025056102,-14.309));
#7491=CARTESIAN_POINT('',(176.542017246368,-47.8841734360761,-8.409));
#7492=CARTESIAN_POINT('',(176.542017246368,-47.8841734360761,-8.309));
#7493=CARTESIAN_POINT('',(176.542017246368,-78.5841734360761,-8.409));
#7494=CARTESIAN_POINT('',(176.542017246368,-55.4341734360761,-8.409));
#7495=CARTESIAN_POINT('',(176.542017246368,-78.5841734360761,-14.309));
#7496=CARTESIAN_POINT('',(176.542017246368,-78.5841734360761,-8.309));
#7497=CARTESIAN_POINT('',(176.542017246368,-79.1841734360761,-14.309));
#7498=CARTESIAN_POINT('',(176.542017246368,-67.1341734360761,-14.309));
#7499=CARTESIAN_POINT('',(176.542017246368,-79.1841734360761,-8.309));
#7500=CARTESIAN_POINT('Origin',(166.792017246368,-63.6841734360761,15.25));
#7501=CARTESIAN_POINT('',(124.542017246368,-46.6841734360761,15.25));
#7502=CARTESIAN_POINT('',(124.042017246368,-47.1841734360761,15.25));
#7503=CARTESIAN_POINT('Origin',(124.542017246368,-47.1841734360761,15.25));
#7504=CARTESIAN_POINT('',(124.042017246368,-80.1841734360761,15.25));
#7505=CARTESIAN_POINT('',(124.042017246368,-80.6841734360761,15.25));
#7506=CARTESIAN_POINT('',(124.542017246368,-80.6841734360761,15.25));
#7507=CARTESIAN_POINT('Origin',(124.542017246368,-80.1841734360761,15.25));
#7508=CARTESIAN_POINT('',(125.042017246368,-80.6841734360761,15.25));
#7509=CARTESIAN_POINT('',(209.542017246368,-80.6841734360761,15.25));
#7510=CARTESIAN_POINT('',(125.042017246368,-47.6841734360761,15.25));
#7511=CARTESIAN_POINT('',(125.042017246368,-79.6841734360761,15.25));
#7512=CARTESIAN_POINT('',(208.542017246368,-47.6841734360761,15.25));
#7513=CARTESIAN_POINT('',(125.042017246368,-47.6841734360761,15.25));
#7514=CARTESIAN_POINT('',(208.542017246368,-80.6841734360761,15.25));
#7515=CARTESIAN_POINT('',(208.542017246368,-79.6841734360761,15.25));
#7516=CARTESIAN_POINT('',(209.042017246368,-80.6841734360761,15.25));
#7517=CARTESIAN_POINT('',(209.542017246368,-80.6841734360761,15.25));
#7518=CARTESIAN_POINT('',(209.542017246368,-80.1841734360761,15.25));
#7519=CARTESIAN_POINT('Origin',(209.042017246368,-80.1841734360761,15.25));
#7520=CARTESIAN_POINT('',(209.542017246368,-47.1841734360761,15.25));
#7521=CARTESIAN_POINT('',(209.542017246368,-46.6841734360761,15.25));
#7522=CARTESIAN_POINT('',(209.042017246368,-46.6841734360761,15.25));
#7523=CARTESIAN_POINT('Origin',(209.042017246368,-47.1841734360761,15.25));
#7524=CARTESIAN_POINT('',(124.042017246368,-46.6841734360761,15.25));
#7525=CARTESIAN_POINT('Origin',(157.27575330584,-79.6841734360761,-0.0864213562373151));
#7526=CARTESIAN_POINT('',(157.27575330584,-79.6841734360761,-0.0864213562373151));
#7527=CARTESIAN_POINT('',(157.27575330584,-79.6841734360761,-7.309));
#7528=CARTESIAN_POINT('',(157.27575330584,-79.6841734360761,-3.94771067811866));
#7529=CARTESIAN_POINT('',(157.27575330584,-47.6841734360761,-0.0864213562373151));
#7530=CARTESIAN_POINT('',(157.27575330584,-63.6841734360761,-0.086421356237315));
#7531=CARTESIAN_POINT('',(157.27575330584,-47.6841734360761,-7.309));
#7532=CARTESIAN_POINT('',(157.27575330584,-47.6841734360761,-0.0864213562373151));
#7533=CARTESIAN_POINT('',(157.27575330584,-79.6841734360761,-7.309));
#7534=CARTESIAN_POINT('Origin',(125.042017246368,-79.6841734360761,-7.809));
#7535=CARTESIAN_POINT('',(125.042017246368,-79.6841734360761,-7.309));
#7536=CARTESIAN_POINT('',(208.542017246368,-79.6841734360761,-7.309));
#7537=CARTESIAN_POINT('',(125.042017246368,-79.6841734360761,-8.309));
#7538=CARTESIAN_POINT('',(125.042017246368,-79.6841734360761,-7.809));
#7539=CARTESIAN_POINT('',(208.542017246368,-79.6841734360761,-8.309));
#7540=CARTESIAN_POINT('',(208.542017246368,-79.6841734360761,-8.309));
#7541=CARTESIAN_POINT('',(208.542017246368,-79.6841734360761,-7.309));
#7542=CARTESIAN_POINT('',(208.542017246368,-79.6841734360761,-7.809));
#7543=CARTESIAN_POINT('',(160.940326354124,-79.6841734360761,-7.309));
#7544=CARTESIAN_POINT('',(208.542017246368,-79.6841734360761,-7.309));
#7545=CARTESIAN_POINT('',(160.940326354124,-79.6841734360761,-0.0864213562373151));
#7546=CARTESIAN_POINT('',(160.940326354124,-79.6841734360761,-0.086421356237315));
#7547=CARTESIAN_POINT('',(156.281559585269,-79.6841734360761,-0.086421356237315));
#7548=CARTESIAN_POINT('Origin',(206.951466792087,-47.6841734360761,1.69363287081463));
#7549=CARTESIAN_POINT('',(207.968705627441,-47.6841734360761,1.69363287081463));
#7550=CARTESIAN_POINT('',(206.951466792087,-47.6841734360761,1.69363287081463));
#7551=CARTESIAN_POINT('',(207.746742019228,-47.6841734360761,1.69363287081463));
#7552=CARTESIAN_POINT('',(207.968705627441,-79.6841734360761,1.69363287081463));
#7553=CARTESIAN_POINT('',(207.968705627441,-47.6841734360761,1.69363287081463));
#7554=CARTESIAN_POINT('',(206.951466792087,-79.6841734360761,1.69363287081463));
#7555=CARTESIAN_POINT('',(206.951466792087,-79.6841734360761,1.69363287081463));
#7556=CARTESIAN_POINT('',(206.951466792087,-47.6841734360761,1.69363287081463));
#7557=CARTESIAN_POINT('Origin',(206.951466792087,-47.6841734360761,2.49151333560156));
#7558=CARTESIAN_POINT('',(206.951466792087,-47.6841734360761,2.49151333560156));
#7559=CARTESIAN_POINT('',(206.951466792087,-47.6841734360761,-2.65874333219922));
#7560=CARTESIAN_POINT('',(206.951466792087,-79.6841734360761,2.49151333560156));
#7561=CARTESIAN_POINT('',(206.951466792087,-79.6841734360761,2.49151333560156));
#7562=CARTESIAN_POINT('',(206.951466792087,-47.6841734360761,2.49151333560156));
#7563=CARTESIAN_POINT('Origin',(208.542017246368,-47.6841734360761,2.49151333560156));
#7564=CARTESIAN_POINT('',(208.542017246368,-47.6841734360761,2.49151333560156));
#7565=CARTESIAN_POINT('',(208.542017246368,-47.6841734360761,2.49151333560156));
#7566=CARTESIAN_POINT('',(208.542017246368,-79.6841734360761,2.49151333560156));
#7567=CARTESIAN_POINT('',(208.542017246368,-79.6841734360761,2.49151333560156));
#7568=CARTESIAN_POINT('',(208.542017246368,-64.1841734360761,2.49151333560156));
#7569=CARTESIAN_POINT('Origin',(206.951466792087,-47.6841734360761,-1.10571045479375));
#7570=CARTESIAN_POINT('',(206.951466792087,-79.6841734360761,-0.220091449733257));
#7571=CARTESIAN_POINT('',(206.951466792087,-79.6841734360761,-1.10571045479375));
#7572=CARTESIAN_POINT('',(206.951466792087,-79.6841734360761,-4.45735522739688));
#7573=CARTESIAN_POINT('',(206.951466792087,-47.6841734360761,-0.220091449733257));
#7574=CARTESIAN_POINT('',(206.951466792087,-47.6841734360761,-0.220091449733257));
#7575=CARTESIAN_POINT('',(206.951466792087,-47.6841734360761,-1.10571045479375));
#7576=CARTESIAN_POINT('',(206.951466792087,-47.6841734360761,-0.220091449733257));
#7577=CARTESIAN_POINT('',(206.951466792087,-47.6841734360761,-1.10571045479375));
#7578=CARTESIAN_POINT('Origin',(208.542017246368,-47.6841734360761,-1.10571045479375));
#7579=CARTESIAN_POINT('',(208.542017246368,-79.6841734360761,-1.10571045479375));
#7580=CARTESIAN_POINT('',(166.792017246368,-79.6841734360761,-1.10571045479375));
#7581=CARTESIAN_POINT('',(208.542017246368,-47.6841734360761,-1.10571045479375));
#7582=CARTESIAN_POINT('',(206.951466792087,-47.6841734360761,-1.10571045479375));
#7583=CARTESIAN_POINT('',(208.542017246368,-47.6841734360761,-1.10571045479375));
#7584=CARTESIAN_POINT('Origin',(207.968705627441,-47.6841734360761,-0.220091449733257));
#7585=CARTESIAN_POINT('',(207.968705627441,-79.6841734360761,-0.220091449733256));
#7586=CARTESIAN_POINT('',(204.533272856747,-79.6841734360761,-0.220091449733257));
#7587=CARTESIAN_POINT('',(207.968705627441,-47.6841734360761,-0.220091449733257));
#7588=CARTESIAN_POINT('',(207.968705627441,-47.6841734360761,-0.220091449733257));
#7589=CARTESIAN_POINT('',(208.255361436905,-47.6841734360761,-0.220091449733256));
#7590=CARTESIAN_POINT('Origin',(125.042017246368,-79.6841734360761,-7.809));
#7591=CARTESIAN_POINT('',(208.542017246368,-79.6841734360761,-2.90412166609961));
#7592=CARTESIAN_POINT('',(207.968705627441,-79.6841734360761,1.51));
#7593=CARTESIAN_POINT('Origin',(166.792017246368,-63.6841734360761,-7.309));
#7594=CARTESIAN_POINT('',(208.542017246368,-47.6841734360761,-7.309));
#7595=CARTESIAN_POINT('',(160.940326354124,-47.6841734360761,-7.309));
#7596=CARTESIAN_POINT('',(125.042017246368,-47.6841734360761,-7.309));
#7597=CARTESIAN_POINT('',(160.940326354124,-55.6841734360761,-7.309));
#7598=CARTESIAN_POINT('',(208.542017246368,-47.6841734360761,-7.309));
#7599=CARTESIAN_POINT('Origin',(208.542017246368,-47.6841734360761,-7.809));
#7600=CARTESIAN_POINT('',(208.542017246368,-47.6841734360761,-7.809));
#7601=CARTESIAN_POINT('',(125.042017246368,-47.6841734360761,2.80623745700976));
#7602=CARTESIAN_POINT('',(125.042017246368,-47.6841734360761,-7.809));
#7603=CARTESIAN_POINT('',(127.841503784127,-47.6841734360761,2.80623745700976));
#7604=CARTESIAN_POINT('',(138.924809209637,-47.6841734360761,2.80623745700976));
#7605=CARTESIAN_POINT('',(127.841503784127,-47.6841734360761,1.67764147369403));
#7606=CARTESIAN_POINT('',(127.841503784127,-47.6841734360761,2.80623745700976));
#7607=CARTESIAN_POINT('',(126.985595666971,-47.6841734360761,1.67764147369403));
#7608=CARTESIAN_POINT('',(167.76380645667,-47.6841734360761,1.67764147369402));
#7609=CARTESIAN_POINT('',(126.985595666971,-47.6841734360761,-0.115888259317283));
#7610=CARTESIAN_POINT('',(126.985595666971,-47.6841734360761,-3.96244412965864));
#7611=CARTESIAN_POINT('',(127.841503784127,-47.6841734360761,-0.115888259317283));
#7612=CARTESIAN_POINT('',(173.366520866872,-47.6841734360761,-0.115888259317284));
#7613=CARTESIAN_POINT('',(127.841503784127,-47.6841734360761,-1.24488825931728));
#7614=CARTESIAN_POINT('',(127.841503784127,-47.6841734360761,-0.115888259317283));
#7615=CARTESIAN_POINT('',(125.042017246368,-47.6841734360761,-1.24488825931728));
#7616=CARTESIAN_POINT('',(127.841503784127,-47.6841734360761,-1.24488825931728));
#7617=CARTESIAN_POINT('',(125.042017246368,-47.6841734360761,-7.309));
#7618=CARTESIAN_POINT('',(125.042017246368,-47.6841734360761,-1.24488825931728));
#7619=CARTESIAN_POINT('',(125.042017246368,-47.6841734360761,-7.309));
#7620=CARTESIAN_POINT('',(160.940326354124,-47.6841734360761,-0.086421356237315));
#7621=CARTESIAN_POINT('',(184.741171800246,-47.6841734360761,-0.0864213562373151));
#7622=CARTESIAN_POINT('',(160.940326354124,-47.6841734360761,-7.559));
#7623=CARTESIAN_POINT('',(208.542017246368,-47.6841734360761,-7.309));
#7624=CARTESIAN_POINT('',(207.968705627441,-47.6841734360761,-3.1495));
#7625=CARTESIAN_POINT('Origin',(127.841503784127,-47.6841734360761,-1.24488825931728));
#7626=CARTESIAN_POINT('',(125.042017246368,-79.6841734360761,-1.24488825931728));
#7627=CARTESIAN_POINT('',(127.841503784127,-79.6841734360761,-1.24488825931728));
#7628=CARTESIAN_POINT('',(126.441760515248,-79.6841734360761,-1.24488825931728));
#7629=CARTESIAN_POINT('',(125.042017246368,-47.6841734360761,-1.24488825931728));
#7630=CARTESIAN_POINT('',(127.841503784127,-47.6841734360761,-1.24488825931728));
#7631=CARTESIAN_POINT('Origin',(127.841503784127,-47.6841734360761,-0.115888259317283));
#7632=CARTESIAN_POINT('',(127.841503784127,-79.6841734360761,-0.115888259317283));
#7633=CARTESIAN_POINT('',(127.841503784127,-79.6841734360761,-3.96244412965864));
#7634=CARTESIAN_POINT('',(127.841503784127,-47.6841734360761,-0.115888259317283));
#7635=CARTESIAN_POINT('Origin',(127.841503784127,-47.6841734360761,2.80623745700976));
#7636=CARTESIAN_POINT('',(127.841503784127,-79.6841734360761,1.67764147369403));
#7637=CARTESIAN_POINT('',(127.841503784127,-79.6841734360761,2.80623745700976));
#7638=CARTESIAN_POINT('',(127.841503784127,-79.6841734360761,-2.50138127149512));
#7639=CARTESIAN_POINT('',(127.841503784127,-47.6841734360761,1.67764147369403));
#7640=CARTESIAN_POINT('',(127.841503784127,-47.6841734360761,2.80623745700976));
#7641=CARTESIAN_POINT('Origin',(125.042017246368,-47.6841734360761,2.80623745700976));
#7642=CARTESIAN_POINT('',(125.042017246368,-79.6841734360761,2.80623745700976));
#7643=CARTESIAN_POINT('',(125.042017246368,-79.6841734360761,2.80623745700976));
#7644=CARTESIAN_POINT('',(125.042017246368,-47.6841734360761,2.80623745700976));
#7645=CARTESIAN_POINT('Origin',(126.985595666971,-47.6841734360761,1.67764147369403));
#7646=CARTESIAN_POINT('',(126.985595666971,-79.6841734360761,1.67764147369402));
#7647=CARTESIAN_POINT('',(126.985595666971,-79.6841734360761,1.67764147369403));
#7648=CARTESIAN_POINT('',(126.985595666971,-47.6841734360761,1.67764147369403));
#7649=CARTESIAN_POINT('Origin',(208.492017246368,-71.506917644789,-8.359));
#7650=CARTESIAN_POINT('',(208.542017246368,-75.8724218749717,-8.359));
#7651=CARTESIAN_POINT('',(208.542017246368,-78.6841734360761,-8.359));
#7652=CARTESIAN_POINT('',(208.542017246368,-71.506917644789,-8.359));
#7653=CARTESIAN_POINT('',(208.492017246368,-78.6841734360761,-8.309));
#7654=CARTESIAN_POINT('Origin',(208.492017246368,-78.6841734360761,-8.359));
#7655=CARTESIAN_POINT('',(208.492017246368,-75.8224218749717,-8.309));
#7656=CARTESIAN_POINT('',(208.492017246368,-71.506917644789,-8.309));
#7657=CARTESIAN_POINT('Origin',(208.492017246368,-75.8224218749717,-8.359));
#7658=CARTESIAN_POINT('Ctrl Pts',(209.042017246368,-78.9841734360761,-8.409));
#7659=CARTESIAN_POINT('Ctrl Pts',(209.042017246368,-78.9532864341052,-8.37446725024688));
#7660=CARTESIAN_POINT('Ctrl Pts',(209.065592843284,-78.8495581567714,-8.33666541760799));
#7661=CARTESIAN_POINT('Ctrl Pts',(209.082252609788,-78.755088083747,-8.31956825267291));
#7662=CARTESIAN_POINT('Ctrl Pts',(209.092017246368,-78.7008401027427,-8.31039867028167));
#7663=CARTESIAN_POINT('Ctrl Pts',(209.042017246368,-78.9841734360761,-8.409));
#7664=CARTESIAN_POINT('Ctrl Pts',(209.04036749936,-78.9514314350943,-8.38258795300354));
#7665=CARTESIAN_POINT('Ctrl Pts',(209.050368287445,-78.84866262762,-8.34821595578342));
#7666=CARTESIAN_POINT('Ctrl Pts',(209.059769325994,-78.7540629126097,-8.32452623199053));
#7667=CARTESIAN_POINT('Ctrl Pts',(209.065837307588,-78.7008401027427,-8.31039867028167));
#7668=CARTESIAN_POINT('Ctrl Pts',(209.042017246368,-78.9841734360761,-8.409));
#7669=CARTESIAN_POINT('Ctrl Pts',(209.042017246368,-78.9474379012108,-8.38390185674769));
#7670=CARTESIAN_POINT('Ctrl Pts',(209.042017246368,-78.8470567912766,-8.36594331674061));
#7671=CARTESIAN_POINT('Ctrl Pts',(209.042017246368,-78.7514382032214,-8.34650078881607));
#7672=CARTESIAN_POINT('Ctrl Pts',(209.042017246368,-78.6968700925394,-8.3338855673844));
#7673=CARTESIAN_POINT('Ctrl Pts',(209.042017246368,-78.9841734360761,-8.409));
#7674=CARTESIAN_POINT('Ctrl Pts',(209.042017246368,-78.945564671784,-8.39173361983358));
#7675=CARTESIAN_POINT('Ctrl Pts',(209.042017246368,-78.8453738332488,-8.38305737501822));
#7676=CARTESIAN_POINT('Ctrl Pts',(209.042017246368,-78.7481109499388,-8.36909815709186));
#7677=CARTESIAN_POINT('Ctrl Pts',(209.042017246368,-78.6925067694094,-8.35969933514084));
#7678=CARTESIAN_POINT('',(209.042017246368,-78.6925067694094,-8.35969933514084));
#7679=CARTESIAN_POINT('',(209.092017246368,-78.7008401027428,-8.31039867028167));
#7680=CARTESIAN_POINT('Origin',(209.092017246368,-78.6925067694094,-8.35969933514084));
#7681=CARTESIAN_POINT('',(209.042017246368,-78.9841734360761,-8.409));
#7682=CARTESIAN_POINT('Ctrl Pts',(209.092017246368,-78.7008401027427,-8.31039867028167));
#7683=CARTESIAN_POINT('Ctrl Pts',(209.082252609788,-78.755088083747,-8.31956825267291));
#7684=CARTESIAN_POINT('Ctrl Pts',(209.065592843284,-78.8495581567714,-8.33666541760799));
#7685=CARTESIAN_POINT('Ctrl Pts',(209.042017246368,-78.9532864341052,-8.37446725024688));
#7686=CARTESIAN_POINT('Ctrl Pts',(209.042017246368,-78.9841734360761,-8.409));
#7687=CARTESIAN_POINT('Ctrl Pts',(209.042017246368,-78.9841734360761,-8.409));
#7688=CARTESIAN_POINT('Ctrl Pts',(209.042017246368,-78.945564671784,-8.39173361983358));
#7689=CARTESIAN_POINT('Ctrl Pts',(209.042017246368,-78.8453738332488,-8.38305737501822));
#7690=CARTESIAN_POINT('Ctrl Pts',(209.042017246368,-78.7481109499388,-8.36909815709186));
#7691=CARTESIAN_POINT('Ctrl Pts',(209.042017246368,-78.6925067694094,-8.35969933514084));
#7692=CARTESIAN_POINT('Ctrl Pts',(209.092017246368,-78.7008401027428,-8.31039867028168));
#7693=CARTESIAN_POINT('Ctrl Pts',(209.092017246368,-78.6925654577661,-8.309));
#7694=CARTESIAN_POINT('Ctrl Pts',(209.092017246368,-78.6841734360761,-8.309));
#7695=CARTESIAN_POINT('Ctrl Pts',(209.042017246368,-78.7008401027428,-8.31039867028168));
#7696=CARTESIAN_POINT('Ctrl Pts',(209.042017246368,-78.6925654577661,-8.309));
#7697=CARTESIAN_POINT('Ctrl Pts',(209.042017246368,-78.6841734360761,-8.309));
#7698=CARTESIAN_POINT('Ctrl Pts',(209.042017246368,-78.6925067694094,-8.35969933514084));
#7699=CARTESIAN_POINT('Ctrl Pts',(209.042017246368,-78.6883694469211,-8.359));
#7700=CARTESIAN_POINT('Ctrl Pts',(209.042017246368,-78.6841734360761,-8.359));
#7701=CARTESIAN_POINT('',(209.042017246368,-78.6841734360761,-8.359));
#7702=CARTESIAN_POINT('',(209.092017246368,-78.6841734360761,-8.309));
#7703=CARTESIAN_POINT('Origin',(209.092017246368,-78.6841734360761,-8.359));
#7704=CARTESIAN_POINT('Origin',(209.092017246368,-78.6841734360761,-8.409));
#7705=CARTESIAN_POINT('Origin',(209.042017246368,-78.6841734360761,-8.409));
#7706=CARTESIAN_POINT('Origin',(209.092017246368,-71.2341734360761,-8.359));
#7707=CARTESIAN_POINT('',(209.092017246368,-75.8224218749717,-8.309));
#7708=CARTESIAN_POINT('',(209.092017246368,-71.2341734360761,-8.309));
#7709=CARTESIAN_POINT('',(209.042017246368,-75.8724218749717,-8.359));
#7710=CARTESIAN_POINT('',(209.042017246368,-71.2341734360761,-8.359));
#7711=CARTESIAN_POINT('Origin',(209.092017246368,-75.8224218749717,-8.359));
#7712=CARTESIAN_POINT('Origin',(187.667017246369,-75.822421874974,-8.359));
#7713=CARTESIAN_POINT('',(187.667017246369,-75.822421874974,-8.309));
#7714=CARTESIAN_POINT('',(187.667017246369,-75.872421874974,-8.359));
#7715=CARTESIAN_POINT('Ctrl Pts',(208.492017246368,-78.6841734360761,-8.309));
#7716=CARTESIAN_POINT('Ctrl Pts',(208.492017246368,-78.7841734360761,-8.309));
#7717=CARTESIAN_POINT('Ctrl Pts',(208.492017246368,-78.7841734360761,-8.409));
#7718=CARTESIAN_POINT('Ctrl Pts',(208.542017246368,-78.6841734360761,-8.309));
#7719=CARTESIAN_POINT('Ctrl Pts',(208.542017246368,-78.7841734360761,-8.309));
#7720=CARTESIAN_POINT('Ctrl Pts',(208.542017246368,-78.7841734360761,-8.409));
#7721=CARTESIAN_POINT('Ctrl Pts',(208.542017246368,-78.6841734360761,-8.359));
#7722=CARTESIAN_POINT('Ctrl Pts',(208.542017246368,-78.7341734360761,-8.359));
#7723=CARTESIAN_POINT('Ctrl Pts',(208.542017246368,-78.7341734360761,-8.409));
#7724=CARTESIAN_POINT('',(208.542017246368,-78.7341734360761,-8.409));
#7725=CARTESIAN_POINT('',(208.492017246368,-78.7841734360761,-8.409));
#7726=CARTESIAN_POINT('Origin',(208.492017246368,-78.7341734360761,-8.409));
#7727=CARTESIAN_POINT('Origin',(208.492017246368,-78.6841734360761,-8.409));
#7728=CARTESIAN_POINT('Origin',(208.542017246368,-78.6841734360761,-8.409));
#7729=CARTESIAN_POINT('Origin',(208.492017246368,-78.7341734360761,-8.309));
#7730=CARTESIAN_POINT('',(208.542017246368,-78.7341734360761,-14.309));
#7731=CARTESIAN_POINT('',(208.492017246368,-78.7841734360761,-14.309));
#7732=CARTESIAN_POINT('Origin',(208.492017246368,-78.7341734360761,-14.309));
#7733=CARTESIAN_POINT('',(208.492017246368,-78.7841734360761,-8.309));
#7734=CARTESIAN_POINT('',(208.542017246368,-78.7341734360761,-8.309));
#7735=CARTESIAN_POINT('Origin',(208.542017246368,-79.3296618535019,-8.309));
#7736=CARTESIAN_POINT('',(208.542017246368,-75.8724218749717,-14.309));
#7737=CARTESIAN_POINT('',(208.542017246368,-75.8724218749717,-8.309));
#7738=CARTESIAN_POINT('',(208.542017246368,-79.3296618535019,-14.309));
#7739=CARTESIAN_POINT('Origin',(208.542017246368,-75.8724218749717,-8.309));
#7740=CARTESIAN_POINT('',(209.042017246368,-75.8724218749717,-14.309));
#7741=CARTESIAN_POINT('',(209.042017246368,-75.8724218749717,-8.309));
#7742=CARTESIAN_POINT('',(208.542017246368,-75.8724218749717,-14.309));
#7743=CARTESIAN_POINT('Origin',(209.042017246368,-78.7841734360761,-8.309));
#7744=CARTESIAN_POINT('',(209.042017246368,-79.1841734360761,-8.409));
#7745=CARTESIAN_POINT('',(209.042017246368,-71.2341734360761,-8.409));
#7746=CARTESIAN_POINT('',(209.042017246368,-79.1841734360761,-14.309));
#7747=CARTESIAN_POINT('',(209.042017246368,-79.1841734360761,-8.309));
#7748=CARTESIAN_POINT('',(209.042017246368,-79.3296618535019,-14.309));
#7749=CARTESIAN_POINT('Ctrl Pts',(208.842017246368,-78.7841734360761,-8.409));
#7750=CARTESIAN_POINT('Ctrl Pts',(208.842017246368,-78.7841734360761,-8.38656005247436));
#7751=CARTESIAN_POINT('Ctrl Pts',(208.896909415356,-78.7658760464135,-8.33412740521917));
#7752=CARTESIAN_POINT('Ctrl Pts',(209.052257456266,-78.7140933661103,-8.309));
#7753=CARTESIAN_POINT('Ctrl Pts',(209.142017246368,-78.6841734360761,-8.309));
#7754=CARTESIAN_POINT('Ctrl Pts',(208.894377123928,-78.7841734360761,-8.409));
#7755=CARTESIAN_POINT('Ctrl Pts',(208.894377123928,-78.7841734360761,-8.39842251058894));
#7756=CARTESIAN_POINT('Ctrl Pts',(208.925729839478,-78.7890896024007,-8.35783817515303));
#7757=CARTESIAN_POINT('Ctrl Pts',(209.062230766277,-78.7240666761217,-8.309));
#7758=CARTESIAN_POINT('Ctrl Pts',(209.142017246368,-78.6841734360761,-8.309));
#7759=CARTESIAN_POINT('Ctrl Pts',(208.998506702499,-78.8276839799457,-8.409));
#7760=CARTESIAN_POINT('Ctrl Pts',(208.998506702499,-78.8276839799457,-8.4118979684191));
#7761=CARTESIAN_POINT('Ctrl Pts',(208.983752365548,-78.842438316896,-8.38252053518977));
#7762=CARTESIAN_POINT('Ctrl Pts',(209.0821773863,-78.7440132961444,-8.309));
#7763=CARTESIAN_POINT('Ctrl Pts',(209.142017246368,-78.6841734360761,-8.309));
#7764=CARTESIAN_POINT('Ctrl Pts',(209.042017246368,-78.9318135585163,-8.409));
#7765=CARTESIAN_POINT('Ctrl Pts',(209.042017246368,-78.9318135585163,-8.39842251058894));
#7766=CARTESIAN_POINT('Ctrl Pts',(209.037101080044,-78.9004608429668,-8.35783817515302));
#7767=CARTESIAN_POINT('Ctrl Pts',(209.102124006323,-78.7639599161673,-8.309));
#7768=CARTESIAN_POINT('Ctrl Pts',(209.142017246368,-78.6841734360761,-8.309));
#7769=CARTESIAN_POINT('Ctrl Pts',(209.042017246368,-78.9841734360761,-8.409));
#7770=CARTESIAN_POINT('Ctrl Pts',(209.042017246368,-78.9841734360761,-8.38656005247436));
#7771=CARTESIAN_POINT('Ctrl Pts',(209.060314636031,-78.9292812670884,-8.33412740521917));
#7772=CARTESIAN_POINT('Ctrl Pts',(209.112097316334,-78.7739332261786,-8.309));
#7773=CARTESIAN_POINT('Ctrl Pts',(209.142017246368,-78.6841734360761,-8.309));
#7774=CARTESIAN_POINT('',(209.142017246368,-78.6841734360761,-8.309));
#7775=CARTESIAN_POINT('Origin',(209.142017246368,-78.6841734360761,-8.409));
#7776=CARTESIAN_POINT('Origin',(209.142017246368,-78.6841734360761,-8.409));
#7777=CARTESIAN_POINT('Origin',(192.792017246368,-79.0841734360761,-14.309));
#7778=CARTESIAN_POINT('',(208.842017246368,-79.3841734360761,-14.309));
#7779=CARTESIAN_POINT('Origin',(208.842017246368,-79.1841734360761,-14.309));
#7780=CARTESIAN_POINT('',(176.342017246368,-79.3841734360761,-14.309));
#7781=CARTESIAN_POINT('',(176.542017246368,-79.3841734360761,-14.309));
#7782=CARTESIAN_POINT('Origin',(176.342017246368,-79.1841734360761,-14.309));
#7783=CARTESIAN_POINT('',(176.742017246368,-78.7841734360761,-14.309));
#7784=CARTESIAN_POINT('Origin',(176.742017246368,-78.5841734360761,-14.309));
#7785=CARTESIAN_POINT('',(176.542017246368,-78.7841734360761,-14.309));
#7786=CARTESIAN_POINT('Origin',(208.842017246368,-79.1841734360761,-8.309));
#7787=CARTESIAN_POINT('',(208.842017246368,-79.3841734360761,-8.409));
#7788=CARTESIAN_POINT('Origin',(208.842017246368,-79.1841734360761,-8.409));
#7789=CARTESIAN_POINT('',(208.842017246368,-79.3841734360761,-8.309));
#7790=CARTESIAN_POINT('Ctrl Pts',(209.042017246368,-79.1841734360761,-8.409));
#7791=CARTESIAN_POINT('Ctrl Pts',(209.042017246368,-79.1841734360761,-8.38656005247436));
#7792=CARTESIAN_POINT('Ctrl Pts',(209.060314650833,-79.2390656494698,-8.33412741755565));
#7793=CARTESIAN_POINT('Ctrl Pts',(209.112097316334,-79.3944136459735,-8.309));
#7794=CARTESIAN_POINT('Ctrl Pts',(209.142017246368,-79.4841734360761,-8.309));
#7795=CARTESIAN_POINT('Ctrl Pts',(209.042017246368,-79.2365333136359,-8.409));
#7796=CARTESIAN_POINT('Ctrl Pts',(209.042017246368,-79.2365333136359,-8.39842251058894));
#7797=CARTESIAN_POINT('Ctrl Pts',(209.037101069236,-79.2678860719728,-8.35783804817316));
#7798=CARTESIAN_POINT('Ctrl Pts',(209.102124006323,-79.4043869559849,-8.309));
#7799=CARTESIAN_POINT('Ctrl Pts',(209.142017246368,-79.4841734360761,-8.309));
#7800=CARTESIAN_POINT('Ctrl Pts',(208.998506673133,-79.3406628628406,-8.409));
#7801=CARTESIAN_POINT('Ctrl Pts',(208.998506673133,-79.3406628628406,-8.4118979684191));
#7802=CARTESIAN_POINT('Ctrl Pts',(208.98375242005,-79.3259086097576,-8.38252017162742));
#7803=CARTESIAN_POINT('Ctrl Pts',(209.0821773863,-79.4243335760077,-8.309));
#7804=CARTESIAN_POINT('Ctrl Pts',(209.142017246368,-79.484173436076,-8.309));
#7805=CARTESIAN_POINT('Ctrl Pts',(208.894377123928,-79.3841734360761,-8.409));
#7806=CARTESIAN_POINT('Ctrl Pts',(208.894377123928,-79.3841734360761,-8.39842251058894));
#7807=CARTESIAN_POINT('Ctrl Pts',(208.925729882265,-79.3792572589435,-8.35783804817316));
#7808=CARTESIAN_POINT('Ctrl Pts',(209.062230766277,-79.4442801960305,-8.309));
#7809=CARTESIAN_POINT('Ctrl Pts',(209.142017246368,-79.4841734360761,-8.309));
#7810=CARTESIAN_POINT('Ctrl Pts',(208.842017246368,-79.3841734360761,-8.409));
#7811=CARTESIAN_POINT('Ctrl Pts',(208.842017246368,-79.3841734360761,-8.38656005247436));
#7812=CARTESIAN_POINT('Ctrl Pts',(208.896909459762,-79.4024708405406,-8.33412741755566));
#7813=CARTESIAN_POINT('Ctrl Pts',(209.052257456266,-79.4542535060419,-8.309));
#7814=CARTESIAN_POINT('Ctrl Pts',(209.142017246368,-79.4841734360761,-8.309));
#7815=CARTESIAN_POINT('',(209.142017246368,-79.4841734360761,-8.309));
#7816=CARTESIAN_POINT('Origin',(209.142017246368,-79.4841734360761,-8.409));
#7817=CARTESIAN_POINT('Origin',(209.142017246368,-79.4841734360761,-8.409));
#7818=CARTESIAN_POINT('Origin',(171.667017246368,-78.6841734360761,-8.409));
#7819=CARTESIAN_POINT('',(171.667017246368,-78.6841734360761,-8.309));
#7820=CARTESIAN_POINT('Origin',(176.042017246368,-50.2841734360761,-8.309));
#7821=CARTESIAN_POINT('',(176.042017246368,-78.5841734360761,-8.409));
#7822=CARTESIAN_POINT('',(176.042017246368,-78.5841734360761,-8.309));
#7823=CARTESIAN_POINT('',(176.042017246368,-47.9841734360761,-8.409));
#7824=CARTESIAN_POINT('',(176.042017246368,-56.9841734360761,-8.409));
#7825=CARTESIAN_POINT('',(176.042017246368,-47.9841734360761,-8.309));
#7826=CARTESIAN_POINT('Ctrl Pts',(209.142017246368,-47.0841734360761,-8.309));
#7827=CARTESIAN_POINT('Ctrl Pts',(209.119577298843,-47.151493278653,-8.309));
#7828=CARTESIAN_POINT('Ctrl Pts',(209.06714378627,-47.3087938163722,-8.32729635140313));
#7829=CARTESIAN_POINT('Ctrl Pts',(209.042017246368,-47.3841734360761,-8.37908006996581));
#7830=CARTESIAN_POINT('Ctrl Pts',(209.042017246368,-47.3841734360761,-8.409));
#7831=CARTESIAN_POINT('Ctrl Pts',(209.142017246368,-47.0841734360761,-8.309));
#7832=CARTESIAN_POINT('Ctrl Pts',(209.112097316334,-47.1440132961445,-8.309));
#7833=CARTESIAN_POINT('Ctrl Pts',(209.04162458168,-47.2847977803075,-8.34621429643779));
#7834=CARTESIAN_POINT('Ctrl Pts',(209.042017246368,-47.3318135585163,-8.39489668078525));
#7835=CARTESIAN_POINT('Ctrl Pts',(209.042017246368,-47.3318135585163,-8.409));
#7836=CARTESIAN_POINT('Ctrl Pts',(209.142017246368,-47.0841734360761,-8.309));
#7837=CARTESIAN_POINT('Ctrl Pts',(209.097137351317,-47.1290533311274,-8.309));
#7838=CARTESIAN_POINT('Ctrl Pts',(208.989765667736,-47.2364250147086,-8.36543385973809));
#7839=CARTESIAN_POINT('Ctrl Pts',(208.998508768354,-47.2276819140906,-8.41286395789213));
#7840=CARTESIAN_POINT('Ctrl Pts',(208.998508768354,-47.2276819140906,-8.409));
#7841=CARTESIAN_POINT('Ctrl Pts',(209.142017246368,-47.0841734360761,-8.309));
#7842=CARTESIAN_POINT('Ctrl Pts',(209.0821773863,-47.1140933661103,-8.309));
#7843=CARTESIAN_POINT('Ctrl Pts',(208.941392902137,-47.1845661007648,-8.3462142964378));
#7844=CARTESIAN_POINT('Ctrl Pts',(208.894377123928,-47.1841734360761,-8.39489668078525));
#7845=CARTESIAN_POINT('Ctrl Pts',(208.894377123928,-47.1841734360761,-8.409));
#7846=CARTESIAN_POINT('Ctrl Pts',(209.142017246368,-47.0841734360761,-8.309));
#7847=CARTESIAN_POINT('Ctrl Pts',(209.074697403792,-47.1066133836017,-8.309));
#7848=CARTESIAN_POINT('Ctrl Pts',(208.917396866072,-47.1590468961748,-8.32729635140313));
#7849=CARTESIAN_POINT('Ctrl Pts',(208.842017246368,-47.1841734360761,-8.37908006996581));
#7850=CARTESIAN_POINT('Ctrl Pts',(208.842017246368,-47.1841734360761,-8.409));
#7851=CARTESIAN_POINT('',(209.042017246368,-47.3841734360761,-8.409));
#7852=CARTESIAN_POINT('',(208.842017246368,-47.1841734360761,-8.409));
#7853=CARTESIAN_POINT('Origin',(208.842017246368,-47.3841734360761,-8.409));
#7854=CARTESIAN_POINT('',(209.142017246368,-47.0841734360761,-8.309));
#7855=CARTESIAN_POINT('Origin',(209.142017246368,-47.0841734360761,-8.409));
#7856=CARTESIAN_POINT('Origin',(209.142017246368,-47.0841734360761,-8.409));
#7857=CARTESIAN_POINT('Origin',(208.842017246368,-47.3841734360761,-8.309));
#7858=CARTESIAN_POINT('',(209.042017246368,-47.3841734360761,-14.309));
#7859=CARTESIAN_POINT('',(208.842017246368,-47.1841734360761,-14.309));
#7860=CARTESIAN_POINT('Origin',(208.842017246368,-47.3841734360761,-14.309));
#7861=CARTESIAN_POINT('',(208.842017246368,-47.1841734360761,-8.309));
#7862=CARTESIAN_POINT('',(209.042017246368,-47.3841734360761,-8.309));
#7863=CARTESIAN_POINT('Origin',(192.792017246368,-48.9138766761279,-14.309));
#7864=CARTESIAN_POINT('',(209.042017246368,-50.4435799161797,-14.309));
#7865=CARTESIAN_POINT('',(209.042017246368,-47.1841734360761,-14.309));
#7866=CARTESIAN_POINT('',(208.842017246368,-50.6435799161797,-14.309));
#7867=CARTESIAN_POINT('Origin',(208.842017246368,-50.4435799161797,-14.309));
#7868=CARTESIAN_POINT('',(208.742017246368,-50.6435799161797,-14.309));
#7869=CARTESIAN_POINT('',(209.042017246368,-50.6435799161797,-14.309));
#7870=CARTESIAN_POINT('',(208.542017246368,-50.4435799161797,-14.309));
#7871=CARTESIAN_POINT('Origin',(208.742017246368,-50.4435799161797,-14.309));
#7872=CARTESIAN_POINT('',(208.542017246368,-47.8841734360761,-14.309));
#7873=CARTESIAN_POINT('',(208.542017246368,-50.6435799161797,-14.309));
#7874=CARTESIAN_POINT('',(208.342017246368,-47.6841734360761,-14.309));
#7875=CARTESIAN_POINT('Origin',(208.342017246368,-47.8841734360761,-14.309));
#7876=CARTESIAN_POINT('',(176.742017246368,-47.6841734360761,-14.309));
#7877=CARTESIAN_POINT('',(208.542017246368,-47.6841734360761,-14.309));
#7878=CARTESIAN_POINT('Origin',(176.742017246368,-47.8841734360761,-14.309));
#7879=CARTESIAN_POINT('',(176.342017246368,-47.1841734360761,-14.309));
#7880=CARTESIAN_POINT('Origin',(176.342017246368,-47.3841734360761,-14.309));
#7881=CARTESIAN_POINT('',(209.042017246368,-47.1841734360761,-14.309));
#7882=CARTESIAN_POINT('Origin',(209.042017246368,-47.1841734360761,-8.309));
#7883=CARTESIAN_POINT('',(209.042017246368,-50.4435799161797,-8.409));
#7884=CARTESIAN_POINT('',(209.042017246368,-55.4341734360761,-8.409));
#7885=CARTESIAN_POINT('',(209.042017246368,-50.4435799161797,-8.309));
#7886=CARTESIAN_POINT('Origin',(209.142017246368,-55.4341734360761,-8.409));
#7887=CARTESIAN_POINT('',(209.142017246368,-50.7435799161797,-8.309));
#7888=CARTESIAN_POINT('',(209.142017246368,-55.4341734360761,-8.309));
#7889=CARTESIAN_POINT('Origin',(209.142017246368,-50.7435799161797,-8.409));
#7890=CARTESIAN_POINT('Origin',(176.342017246368,-79.1841734360761,-8.309));
#7891=CARTESIAN_POINT('',(176.342017246368,-79.3841734360761,-8.309));
#7892=CARTESIAN_POINT('Origin',(176.542017246368,-79.3841734360761,-8.309));
#7893=CARTESIAN_POINT('',(124.742017246368,-79.3841734360761,-8.409));
#7894=CARTESIAN_POINT('',(171.667017246368,-79.3841734360761,-8.409));
#7895=CARTESIAN_POINT('',(124.742017246368,-79.3841734360761,-8.309));
#7896=CARTESIAN_POINT('Origin',(124.742017246368,-79.1841734360761,-8.309));
#7897=CARTESIAN_POINT('',(124.542017246368,-79.1841734360761,-8.409));
#7898=CARTESIAN_POINT('Origin',(124.742017246368,-79.1841734360761,-8.409));
#7899=CARTESIAN_POINT('',(124.542017246368,-79.1841734360761,-8.309));
#7900=CARTESIAN_POINT('Ctrl Pts',(124.742017246368,-79.3841734360761,-8.409));
#7901=CARTESIAN_POINT('Ctrl Pts',(124.742017246368,-79.3841734360761,-8.38656005247436));
#7902=CARTESIAN_POINT('Ctrl Pts',(124.687135150259,-79.4024674681125,-8.33412460686858));
#7903=CARTESIAN_POINT('Ctrl Pts',(124.531777036471,-79.4542535060419,-8.309));
#7904=CARTESIAN_POINT('Ctrl Pts',(124.442017246368,-79.4841734360761,-8.309));
#7905=CARTESIAN_POINT('Ctrl Pts',(124.689657368809,-79.3841734360761,-8.409));
#7906=CARTESIAN_POINT('Ctrl Pts',(124.689657368809,-79.3841734360761,-8.39842251058894));
#7907=CARTESIAN_POINT('Ctrl Pts',(124.65831435898,-79.3792597213747,-8.35786697869549));
#7908=CARTESIAN_POINT('Ctrl Pts',(124.52180372646,-79.4442801960305,-8.309));
#7909=CARTESIAN_POINT('Ctrl Pts',(124.442017246368,-79.4841734360761,-8.309));
#7910=CARTESIAN_POINT('Ctrl Pts',(124.585521065989,-79.3406696164553,-8.409));
#7911=CARTESIAN_POINT('Ctrl Pts',(124.585521065989,-79.3406696164553,-8.4118979684191));
#7912=CARTESIAN_POINT('Ctrl Pts',(124.600294627561,-79.3258960548837,-8.38260314768436));
#7913=CARTESIAN_POINT('Ctrl Pts',(124.501857106437,-79.4243335760077,-8.309));
#7914=CARTESIAN_POINT('Ctrl Pts',(124.442017246368,-79.484173436076,-8.309));
#7915=CARTESIAN_POINT('Ctrl Pts',(124.542017246368,-79.2365333136359,-8.409));
#7916=CARTESIAN_POINT('Ctrl Pts',(124.542017246368,-79.2365333136359,-8.39842251058894));
#7917=CARTESIAN_POINT('Ctrl Pts',(124.54693096107,-79.2678763234649,-8.35786697869549));
#7918=CARTESIAN_POINT('Ctrl Pts',(124.481910486414,-79.4043869559849,-8.309));
#7919=CARTESIAN_POINT('Ctrl Pts',(124.442017246368,-79.4841734360761,-8.309));
#7920=CARTESIAN_POINT('Ctrl Pts',(124.542017246368,-79.1841734360761,-8.409));
#7921=CARTESIAN_POINT('Ctrl Pts',(124.542017246368,-79.1841734360761,-8.38656005247436));
#7922=CARTESIAN_POINT('Ctrl Pts',(124.523723214332,-79.2390555321855,-8.33412460686858));
#7923=CARTESIAN_POINT('Ctrl Pts',(124.471937176403,-79.3944136459735,-8.309));
#7924=CARTESIAN_POINT('Ctrl Pts',(124.442017246368,-79.4841734360761,-8.309));
#7925=CARTESIAN_POINT('',(124.442017246368,-79.4841734360761,-8.309));
#7926=CARTESIAN_POINT('Origin',(124.442017246368,-79.4841734360761,-8.409));
#7927=CARTESIAN_POINT('Origin',(124.442017246368,-79.4841734360761,-8.409));
#7928=CARTESIAN_POINT('Origin',(171.667017246368,-79.4841734360761,-8.409));
#7929=CARTESIAN_POINT('',(171.667017246368,-79.4841734360761,-8.309));
#7930=CARTESIAN_POINT('Origin',(176.342017246368,-47.3841734360761,-8.309));
#7931=CARTESIAN_POINT('',(176.342017246368,-47.1841734360761,-8.309));
#7932=CARTESIAN_POINT('Origin',(124.542017246368,-47.1841734360761,-8.309));
#7933=CARTESIAN_POINT('',(124.742017246368,-47.1841734360761,-8.409));
#7934=CARTESIAN_POINT('',(124.742017246368,-47.1841734360761,-8.309));
#7935=CARTESIAN_POINT('',(145.667017246368,-47.1841734360761,-8.409));
#7936=CARTESIAN_POINT('Origin',(124.742017246368,-47.3841734360761,-8.309));
#7937=CARTESIAN_POINT('',(124.542017246368,-47.3841734360761,-8.409));
#7938=CARTESIAN_POINT('',(124.542017246368,-47.3841734360761,-8.309));
#7939=CARTESIAN_POINT('Origin',(124.742017246368,-47.3841734360761,-8.409));
#7940=CARTESIAN_POINT('Ctrl Pts',(124.542017246368,-47.3841734360761,-8.409));
#7941=CARTESIAN_POINT('Ctrl Pts',(124.542017246368,-47.3841734360761,-8.38656005247436));
#7942=CARTESIAN_POINT('Ctrl Pts',(124.523725223287,-47.329297366833,-8.33412293254227));
#7943=CARTESIAN_POINT('Ctrl Pts',(124.471937176403,-47.1739332261786,-8.309));
#7944=CARTESIAN_POINT('Ctrl Pts',(124.442017246368,-47.0841734360761,-8.309));
#7945=CARTESIAN_POINT('Ctrl Pts',(124.542017246368,-47.3318135585163,-8.409));
#7946=CARTESIAN_POINT('Ctrl Pts',(124.542017246368,-47.3318135585163,-8.39842251058894));
#7947=CARTESIAN_POINT('Ctrl Pts',(124.546929494199,-47.3004763558735,-8.35788421260775));
#7948=CARTESIAN_POINT('Ctrl Pts',(124.481910486414,-47.1639599161673,-8.309));
#7949=CARTESIAN_POINT('Ctrl Pts',(124.442017246368,-47.0841734360761,-8.309));
#7950=CARTESIAN_POINT('Ctrl Pts',(124.585516981763,-47.2276731714705,-8.409));
#7951=CARTESIAN_POINT('Ctrl Pts',(124.585516981763,-47.2276731714705,-8.4118979684191));
#7952=CARTESIAN_POINT('Ctrl Pts',(124.600302239747,-47.2424584294548,-8.38265271574926));
#7953=CARTESIAN_POINT('Ctrl Pts',(124.501857106437,-47.1440132961445,-8.309));
#7954=CARTESIAN_POINT('Ctrl Pts',(124.442017246368,-47.0841734360761,-8.309));
#7955=CARTESIAN_POINT('Ctrl Pts',(124.689657368809,-47.1841734360761,-8.409));
#7956=CARTESIAN_POINT('Ctrl Pts',(124.689657368809,-47.1841734360761,-8.39842251058894));
#7957=CARTESIAN_POINT('Ctrl Pts',(124.658320166166,-47.1890856839071,-8.35788421260774));
#7958=CARTESIAN_POINT('Ctrl Pts',(124.52180372646,-47.1240666761217,-8.309));
#7959=CARTESIAN_POINT('Ctrl Pts',(124.442017246368,-47.0841734360761,-8.309));
#7960=CARTESIAN_POINT('Ctrl Pts',(124.742017246368,-47.1841734360761,-8.409));
#7961=CARTESIAN_POINT('Ctrl Pts',(124.742017246368,-47.1841734360761,-8.38656005247436));
#7962=CARTESIAN_POINT('Ctrl Pts',(124.687141177125,-47.165881412995,-8.33412293254227));
#7963=CARTESIAN_POINT('Ctrl Pts',(124.531777036471,-47.1140933661103,-8.309));
#7964=CARTESIAN_POINT('Ctrl Pts',(124.442017246368,-47.0841734360761,-8.309));
#7965=CARTESIAN_POINT('',(124.442017246368,-47.0841734360761,-8.309));
#7966=CARTESIAN_POINT('Origin',(124.442017246368,-47.0841734360761,-8.409));
#7967=CARTESIAN_POINT('Origin',(124.442017246368,-47.0841734360761,-8.409));
#7968=CARTESIAN_POINT('Origin',(124.542017246368,-79.3841734360761,-8.309));
#7969=CARTESIAN_POINT('',(124.542017246368,-71.5341734360761,-8.409));
#7970=CARTESIAN_POINT('Ctrl Pts',(175.842017246368,-78.7841734360761,-8.409));
#7971=CARTESIAN_POINT('Ctrl Pts',(176.042017246368,-78.7841734360761,-8.409));
#7972=CARTESIAN_POINT('Ctrl Pts',(176.042017246368,-78.5841734360761,-8.409));
#7973=CARTESIAN_POINT('Ctrl Pts',(175.842017246368,-78.7841734360761,-8.30899999999998));
#7974=CARTESIAN_POINT('Ctrl Pts',(176.042017246368,-78.7841734360761,-8.30899999999998));
#7975=CARTESIAN_POINT('Ctrl Pts',(176.042017246368,-78.5841734360761,-8.30899999999998));
#7976=CARTESIAN_POINT('Ctrl Pts',(175.842017246368,-78.6841734360761,-8.309));
#7977=CARTESIAN_POINT('Ctrl Pts',(175.942017246368,-78.6841734360761,-8.309));
#7978=CARTESIAN_POINT('Ctrl Pts',(175.942017246368,-78.5841734360761,-8.309));
#7979=CARTESIAN_POINT('',(175.942017246368,-78.5841734360761,-8.309));
#7980=CARTESIAN_POINT('Origin',(175.942017246368,-78.5841734360761,-8.409));
#7981=CARTESIAN_POINT('',(175.842017246368,-78.7841734360761,-8.409));
#7982=CARTESIAN_POINT('Origin',(175.842017246368,-78.5841734360761,-8.409));
#7983=CARTESIAN_POINT('',(175.842017246368,-78.6841734360761,-8.309));
#7984=CARTESIAN_POINT('Origin',(175.842017246368,-78.6841734360761,-8.409));
#7985=CARTESIAN_POINT('Origin',(175.842017246368,-78.5841734360761,-8.309));
#7986=CARTESIAN_POINT('Origin',(175.842017246368,-78.5841734360761,-8.309));
#7987=CARTESIAN_POINT('',(175.842017246368,-78.7841734360761,-8.309));
#7988=CARTESIAN_POINT('Origin',(145.917017246368,-78.6841734360761,-8.409));
#7989=CARTESIAN_POINT('',(125.242017246368,-78.7841734360761,-8.409));
#7990=CARTESIAN_POINT('',(145.917017246368,-78.7841734360761,-8.409));
#7991=CARTESIAN_POINT('',(125.242017246368,-78.6841734360761,-8.309));
#7992=CARTESIAN_POINT('Origin',(125.242017246368,-78.6841734360761,-8.409));
#7993=CARTESIAN_POINT('',(145.917017246368,-78.6841734360761,-8.309));
#7994=CARTESIAN_POINT('Origin',(125.042017246368,-78.7841734360761,-8.309));
#7995=CARTESIAN_POINT('',(125.242017246368,-78.7841734360761,-8.309));
#7996=CARTESIAN_POINT('Ctrl Pts',(176.042017246369,-47.9841734360761,-8.409));
#7997=CARTESIAN_POINT('Ctrl Pts',(176.042017246369,-47.784173436076,-8.409));
#7998=CARTESIAN_POINT('Ctrl Pts',(175.842017246368,-47.784173436076,-8.409));
#7999=CARTESIAN_POINT('Ctrl Pts',(176.042017246369,-47.9841734360761,-8.30899999999995));
#8000=CARTESIAN_POINT('Ctrl Pts',(176.042017246369,-47.784173436076,-8.30899999999995));
#8001=CARTESIAN_POINT('Ctrl Pts',(175.842017246368,-47.784173436076,-8.30899999999995));
#8002=CARTESIAN_POINT('Ctrl Pts',(175.942017246368,-47.9841734360761,-8.309));
#8003=CARTESIAN_POINT('Ctrl Pts',(175.942017246368,-47.8841734360761,-8.309));
#8004=CARTESIAN_POINT('Ctrl Pts',(175.842017246368,-47.8841734360761,-8.309));
#8005=CARTESIAN_POINT('',(175.842017246368,-47.8841734360761,-8.309));
#8006=CARTESIAN_POINT('',(175.842017246368,-47.7841734360761,-8.409));
#8007=CARTESIAN_POINT('Origin',(175.842017246368,-47.8841734360761,-8.409));
#8008=CARTESIAN_POINT('Origin',(175.842017246368,-47.9841734360761,-8.409));
#8009=CARTESIAN_POINT('',(175.942017246368,-47.9841734360761,-8.309));
#8010=CARTESIAN_POINT('Origin',(175.942017246368,-47.9841734360761,-8.409));
#8011=CARTESIAN_POINT('Origin',(175.842017246368,-47.9841734360761,-8.309));
#8012=CARTESIAN_POINT('Origin',(175.842017246368,-47.9841734360761,-8.309));
#8013=CARTESIAN_POINT('',(175.842017246368,-47.7841734360761,-8.309));
#8014=CARTESIAN_POINT('Origin',(175.942017246368,-56.9841734360761,-8.409));
#8015=CARTESIAN_POINT('',(175.942017246368,-56.9841734360761,-8.309));
#8016=CARTESIAN_POINT('Ctrl Pts',(125.242017246368,-47.7841734360761,-8.409));
#8017=CARTESIAN_POINT('Ctrl Pts',(125.042017246368,-47.7841734360761,-8.409));
#8018=CARTESIAN_POINT('Ctrl Pts',(125.042017246368,-47.9841734360761,-8.409));
#8019=CARTESIAN_POINT('Ctrl Pts',(125.242017246368,-47.7841734360761,-8.309));
#8020=CARTESIAN_POINT('Ctrl Pts',(125.042017246368,-47.7841734360761,-8.309));
#8021=CARTESIAN_POINT('Ctrl Pts',(125.042017246368,-47.9841734360761,-8.309));
#8022=CARTESIAN_POINT('Ctrl Pts',(125.242017246368,-47.8841734360761,-8.309));
#8023=CARTESIAN_POINT('Ctrl Pts',(125.142017246368,-47.8841734360761,-8.309));
#8024=CARTESIAN_POINT('Ctrl Pts',(125.142017246368,-47.9841734360761,-8.309));
#8025=CARTESIAN_POINT('',(125.142017246368,-47.9841734360761,-8.309));
#8026=CARTESIAN_POINT('',(125.042017246368,-47.9841734360761,-8.409));
#8027=CARTESIAN_POINT('Origin',(125.142017246368,-47.9841734360761,-8.409));
#8028=CARTESIAN_POINT('',(125.242017246368,-47.7841734360761,-8.409));
#8029=CARTESIAN_POINT('Origin',(125.242017246368,-47.9841734360761,-8.409));
#8030=CARTESIAN_POINT('',(125.242017246368,-47.8841734360761,-8.309));
#8031=CARTESIAN_POINT('Origin',(125.242017246368,-47.8841734360761,-8.409));
#8032=CARTESIAN_POINT('Origin',(125.242017246368,-47.9841734360761,-8.309));
#8033=CARTESIAN_POINT('Origin',(125.242017246368,-47.9841734360761,-8.309));
#8034=CARTESIAN_POINT('',(125.042017246368,-47.9841734360761,-8.309));
#8035=CARTESIAN_POINT('',(125.242017246368,-47.7841734360761,-8.309));
#8036=CARTESIAN_POINT('Origin',(171.417017246368,-47.8841734360761,-8.409));
#8037=CARTESIAN_POINT('',(171.417017246368,-47.8841734360761,-8.309));
#8038=CARTESIAN_POINT('',(171.417017246368,-47.7841734360761,-8.409));
#8039=CARTESIAN_POINT('Origin',(176.042017246368,-47.7841734360761,-8.309));
#8040=CARTESIAN_POINT('Ctrl Pts',(125.042017246368,-78.5841734360761,-8.409));
#8041=CARTESIAN_POINT('Ctrl Pts',(125.042017246368,-78.7841734360761,-8.409));
#8042=CARTESIAN_POINT('Ctrl Pts',(125.242017246368,-78.7841734360761,-8.409));
#8043=CARTESIAN_POINT('Ctrl Pts',(125.042017246368,-78.5841734360761,-8.309));
#8044=CARTESIAN_POINT('Ctrl Pts',(125.042017246368,-78.7841734360761,-8.309));
#8045=CARTESIAN_POINT('Ctrl Pts',(125.242017246368,-78.7841734360761,-8.309));
#8046=CARTESIAN_POINT('Ctrl Pts',(125.142017246368,-78.5841734360761,-8.309));
#8047=CARTESIAN_POINT('Ctrl Pts',(125.142017246368,-78.6841734360761,-8.309));
#8048=CARTESIAN_POINT('Ctrl Pts',(125.242017246368,-78.6841734360761,-8.309));
#8049=CARTESIAN_POINT('',(125.042017246368,-78.5841734360761,-8.409));
#8050=CARTESIAN_POINT('Origin',(125.242017246368,-78.5841734360761,-8.409));
#8051=CARTESIAN_POINT('',(125.142017246368,-78.5841734360761,-8.309));
#8052=CARTESIAN_POINT('Origin',(125.142017246368,-78.5841734360761,-8.409));
#8053=CARTESIAN_POINT('Origin',(125.242017246368,-78.5841734360761,-8.309));
#8054=CARTESIAN_POINT('Origin',(125.242017246368,-78.5841734360761,-8.309));
#8055=CARTESIAN_POINT('',(125.042017246368,-78.5841734360761,-8.309));
#8056=CARTESIAN_POINT('Origin',(166.792017246368,-63.6841734360761,-8.309));
#8057=CARTESIAN_POINT('',(125.142017246368,-55.7341734360761,-8.309));
#8058=CARTESIAN_POINT('Origin',(125.142017246368,-55.7341734360761,-8.409));
#8059=CARTESIAN_POINT('',(125.042017246368,-55.7341734360761,-8.409));
#8060=CARTESIAN_POINT('Origin',(125.042017246368,-47.7841734360761,-8.309));
#8061=CARTESIAN_POINT('Ctrl Pts',(176.542017246368,-78.5841734360761,-8.409));
#8062=CARTESIAN_POINT('Ctrl Pts',(176.542017246368,-78.7841734360761,-8.409));
#8063=CARTESIAN_POINT('Ctrl Pts',(176.742017246368,-78.7841734360761,-8.409));
#8064=CARTESIAN_POINT('Ctrl Pts',(176.542017246368,-78.5841734360761,-8.30899999999995));
#8065=CARTESIAN_POINT('Ctrl Pts',(176.542017246368,-78.7841734360761,-8.30899999999995));
#8066=CARTESIAN_POINT('Ctrl Pts',(176.742017246368,-78.7841734360761,-8.30899999999995));
#8067=CARTESIAN_POINT('Ctrl Pts',(176.642017246368,-78.5841734360761,-8.309));
#8068=CARTESIAN_POINT('Ctrl Pts',(176.642017246368,-78.684173436076,-8.309));
#8069=CARTESIAN_POINT('Ctrl Pts',(176.742017246368,-78.684173436076,-8.309));
#8070=CARTESIAN_POINT('',(176.742017246368,-78.6841734360761,-8.309));
#8071=CARTESIAN_POINT('',(176.742017246368,-78.7841734360761,-8.409));
#8072=CARTESIAN_POINT('Origin',(176.742017246368,-78.6841734360761,-8.409));
#8073=CARTESIAN_POINT('Origin',(176.742017246368,-78.5841734360761,-8.409));
#8074=CARTESIAN_POINT('',(176.642017246368,-78.5841734360761,-8.309));
#8075=CARTESIAN_POINT('Origin',(176.642017246368,-78.5841734360761,-8.409));
#8076=CARTESIAN_POINT('Origin',(176.742017246368,-78.5841734360761,-8.309));
#8077=CARTESIAN_POINT('Origin',(176.742017246368,-78.5841734360761,-8.309));
#8078=CARTESIAN_POINT('',(176.742017246368,-78.7841734360761,-8.309));
#8079=CARTESIAN_POINT('Origin',(176.642017246368,-55.4341734360761,-8.409));
#8080=CARTESIAN_POINT('',(176.642017246368,-47.8841734360761,-8.309));
#8081=CARTESIAN_POINT('Origin',(176.642017246368,-47.8841734360761,-8.409));
#8082=CARTESIAN_POINT('',(176.642017246368,-55.4341734360761,-8.309));
#8083=CARTESIAN_POINT('Origin',(209.142017246368,-71.2341734360761,-8.409));
#8084=CARTESIAN_POINT('',(209.142017246368,-71.2341734360761,-8.309));
#8085=CARTESIAN_POINT('Origin',(176.542017246368,-78.7841734360761,-8.309));
#8086=CARTESIAN_POINT('',(171.667017246368,-78.7841734360761,-8.409));
#8087=CARTESIAN_POINT('Origin',(208.842017246368,-63.5559937428575,-8.309));
#8088=CARTESIAN_POINT('',(208.842017246368,-63.7559937428575,-14.309));
#8089=CARTESIAN_POINT('',(209.042017246368,-63.5559937428575,-14.309));
#8090=CARTESIAN_POINT('Origin',(208.842017246368,-63.5559937428575,-14.309));
#8091=CARTESIAN_POINT('',(209.042017246368,-63.5559937428575,-8.409));
#8092=CARTESIAN_POINT('',(209.042017246368,-63.5559937428575,-8.309));
#8093=CARTESIAN_POINT('',(208.842017246368,-63.7559937428575,-8.409));
#8094=CARTESIAN_POINT('Origin',(208.842017246368,-63.5559937428575,-8.409));
#8095=CARTESIAN_POINT('',(208.842017246368,-63.7559937428575,-8.309));
#8096=CARTESIAN_POINT('Ctrl Pts',(209.042017246368,-63.5559937428575,-8.409));
#8097=CARTESIAN_POINT('Ctrl Pts',(209.042017246368,-63.5559937428575,-8.38656005247436));
#8098=CARTESIAN_POINT('Ctrl Pts',(209.0603141655,-63.6108845002519,-8.33412701306387));
#8099=CARTESIAN_POINT('Ctrl Pts',(209.112097316334,-63.7662339527549,-8.309));
#8100=CARTESIAN_POINT('Ctrl Pts',(209.142017246368,-63.8559937428575,-8.309));
#8101=CARTESIAN_POINT('Ctrl Pts',(209.042017246368,-63.6083536204173,-8.409));
#8102=CARTESIAN_POINT('Ctrl Pts',(209.042017246368,-63.6083536204173,-8.39842251058894));
#8103=CARTESIAN_POINT('Ctrl Pts',(209.037101423609,-63.6397049758263,-8.35784221162447));
#8104=CARTESIAN_POINT('Ctrl Pts',(209.102124006323,-63.7762072627663,-8.309));
#8105=CARTESIAN_POINT('Ctrl Pts',(209.142017246368,-63.8559937428575,-8.309));
#8106=CARTESIAN_POINT('Ctrl Pts',(208.998507637249,-63.7124841337378,-8.409));
#8107=CARTESIAN_POINT('Ctrl Pts',(208.998507637249,-63.7124841337378,-8.4118979684191));
#8108=CARTESIAN_POINT('Ctrl Pts',(208.983750630287,-63.697727126776,-8.38253209508415));
#8109=CARTESIAN_POINT('Ctrl Pts',(209.0821773863,-63.7961538827891,-8.309));
#8110=CARTESIAN_POINT('Ctrl Pts',(209.142017246368,-63.8559937428575,-8.309));
#8111=CARTESIAN_POINT('Ctrl Pts',(208.894377123928,-63.7559937428575,-8.409));
#8112=CARTESIAN_POINT('Ctrl Pts',(208.894377123928,-63.7559937428575,-8.39842251058894));
#8113=CARTESIAN_POINT('Ctrl Pts',(208.925728479337,-63.7510779200985,-8.35784221162447));
#8114=CARTESIAN_POINT('Ctrl Pts',(209.062230766277,-63.8161005028119,-8.309));
#8115=CARTESIAN_POINT('Ctrl Pts',(209.142017246368,-63.8559937428575,-8.309));
#8116=CARTESIAN_POINT('Ctrl Pts',(208.842017246368,-63.7559937428575,-8.409));
#8117=CARTESIAN_POINT('Ctrl Pts',(208.842017246368,-63.7559937428575,-8.38656005247436));
#8118=CARTESIAN_POINT('Ctrl Pts',(208.896908003763,-63.774290661989,-8.33412701306387));
#8119=CARTESIAN_POINT('Ctrl Pts',(209.052257456266,-63.8260738128233,-8.309));
#8120=CARTESIAN_POINT('Ctrl Pts',(209.142017246368,-63.8559937428575,-8.309));
#8121=CARTESIAN_POINT('',(209.142017246368,-63.8559937428575,-8.309));
#8122=CARTESIAN_POINT('Origin',(209.142017246368,-63.8559937428575,-8.409));
#8123=CARTESIAN_POINT('Origin',(209.142017246368,-63.8559937428575,-8.409));
#8124=CARTESIAN_POINT('Origin',(209.142017246368,-62.2638766761279,-8.409));
#8125=CARTESIAN_POINT('',(209.042017246368,-61.0435799161796,-8.409));
#8126=CARTESIAN_POINT('',(209.042017246368,-62.2638766761279,-8.409));
#8127=CARTESIAN_POINT('',(209.142017246368,-60.7435799161796,-8.309));
#8128=CARTESIAN_POINT('Origin',(209.142017246368,-60.7435799161796,-8.409));
#8129=CARTESIAN_POINT('',(209.142017246368,-62.2638766761279,-8.309));
#8130=CARTESIAN_POINT('Origin',(209.042017246368,-60.8435799161796,-8.309));
#8131=CARTESIAN_POINT('',(209.042017246368,-61.0435799161796,-14.309));
#8132=CARTESIAN_POINT('',(209.042017246368,-63.7559937428575,-14.309));
#8133=CARTESIAN_POINT('',(209.042017246368,-61.0435799161796,-8.309));
#8134=CARTESIAN_POINT('Origin',(208.792017246368,-62.2997868295186,-14.309));
#8135=CARTESIAN_POINT('',(208.742017246368,-63.7559937428575,-14.309));
#8136=CARTESIAN_POINT('',(208.542017246368,-63.7559937428575,-14.309));
#8137=CARTESIAN_POINT('',(208.542017246368,-63.5559937428575,-14.309));
#8138=CARTESIAN_POINT('Origin',(208.742017246368,-63.5559937428575,-14.309));
#8139=CARTESIAN_POINT('',(208.542017246368,-61.0435799161797,-14.309));
#8140=CARTESIAN_POINT('',(208.542017246368,-63.7559937428575,-14.309));
#8141=CARTESIAN_POINT('',(208.742017246368,-60.8435799161796,-14.309));
#8142=CARTESIAN_POINT('Origin',(208.742017246368,-61.0435799161797,-14.309));
#8143=CARTESIAN_POINT('',(208.842017246368,-60.8435799161796,-14.309));
#8144=CARTESIAN_POINT('',(208.542017246368,-60.8435799161797,-14.309));
#8145=CARTESIAN_POINT('Origin',(208.842017246368,-61.0435799161796,-14.309));
#8146=CARTESIAN_POINT('Origin',(208.842017246368,-61.0435799161796,-8.309));
#8147=CARTESIAN_POINT('',(208.842017246368,-60.8435799161796,-8.409));
#8148=CARTESIAN_POINT('',(208.842017246368,-60.8435799161796,-8.309));
#8149=CARTESIAN_POINT('Origin',(208.842017246368,-61.0435799161796,-8.409));
#8150=CARTESIAN_POINT('Ctrl Pts',(208.842017246368,-60.8435799161796,-8.40900000000189));
#8151=CARTESIAN_POINT('Ctrl Pts',(208.842017246368,-60.8435799161801,-8.38656005247614));
#8152=CARTESIAN_POINT('Ctrl Pts',(208.896907725945,-60.825283089654,-8.33412693588421));
#8153=CARTESIAN_POINT('Ctrl Pts',(209.052257456265,-60.7734998462128,-8.30899999999966));
#8154=CARTESIAN_POINT('Ctrl Pts',(209.142017246368,-60.7435799161785,-8.309));
#8155=CARTESIAN_POINT('Ctrl Pts',(208.894377123928,-60.8435799161796,-8.40900000000149));
#8156=CARTESIAN_POINT('Ctrl Pts',(208.894377123928,-60.8435799161799,-8.39842251059039));
#8157=CARTESIAN_POINT('Ctrl Pts',(208.925728211646,-60.8484956713219,-8.35784300604469));
#8158=CARTESIAN_POINT('Ctrl Pts',(209.062230766277,-60.7834731562243,-8.30899999999974));
#8159=CARTESIAN_POINT('Ctrl Pts',(209.142017246369,-60.7435799161786,-8.309));
#8160=CARTESIAN_POINT('Ctrl Pts',(208.998507821505,-60.8870893410424,-8.40900000000078));
#8161=CARTESIAN_POINT('Ctrl Pts',(208.998507821505,-60.8870893410427,-8.4118979684199));
#8162=CARTESIAN_POINT('Ctrl Pts',(208.98375028814,-60.9018468744083,-8.38253437084949));
#8163=CARTESIAN_POINT('Ctrl Pts',(209.0821773863,-60.8034197762474,-8.30899999999986));
#8164=CARTESIAN_POINT('Ctrl Pts',(209.142017246369,-60.7435799161787,-8.309));
#8165=CARTESIAN_POINT('Ctrl Pts',(209.042017246368,-60.9912200386198,-8.40900000000066));
#8166=CARTESIAN_POINT('Ctrl Pts',(209.042017246368,-60.9912200386202,-8.39842251058955));
#8167=CARTESIAN_POINT('Ctrl Pts',(209.037101491226,-60.9598689509016,-8.35784300604453));
#8168=CARTESIAN_POINT('Ctrl Pts',(209.102124006323,-60.8233663962705,-8.30899999999986));
#8169=CARTESIAN_POINT('Ctrl Pts',(209.142017246369,-60.7435799161789,-8.309));
#8170=CARTESIAN_POINT('Ctrl Pts',(209.042017246368,-61.0435799161796,-8.40900000000077));
#8171=CARTESIAN_POINT('Ctrl Pts',(209.042017246368,-61.0435799161801,-8.38656005247502));
#8172=CARTESIAN_POINT('Ctrl Pts',(209.060314072894,-60.9886894366026,-8.33412693588397));
#8173=CARTESIAN_POINT('Ctrl Pts',(209.112097316335,-60.833339706282,-8.30899999999983));
#8174=CARTESIAN_POINT('Ctrl Pts',(209.142017246369,-60.743579916179,-8.309));
#8175=CARTESIAN_POINT('Origin',(209.142017246368,-60.7435799161796,-8.409));
#8176=CARTESIAN_POINT('Origin',(208.542017246368,-60.8435799161797,-8.309));
#8177=CARTESIAN_POINT('',(208.742017246368,-60.8435799161796,-8.409));
#8178=CARTESIAN_POINT('',(208.742017246368,-60.8435799161796,-8.309));
#8179=CARTESIAN_POINT('',(187.667017246368,-60.8435799161819,-8.409));
#8180=CARTESIAN_POINT('Ctrl Pts',(208.442017246368,-60.7435799161786,-8.309));
#8181=CARTESIAN_POINT('Ctrl Pts',(208.509337088946,-60.7660198637043,-8.30899999999975));
#8182=CARTESIAN_POINT('Ctrl Pts',(208.666636480329,-60.8184529941663,-8.32729680988386));
#8183=CARTESIAN_POINT('Ctrl Pts',(208.742017246369,-60.8435799161802,-8.37908006996755));
#8184=CARTESIAN_POINT('Ctrl Pts',(208.742017246368,-60.8435799161796,-8.40900000000189));
#8185=CARTESIAN_POINT('Ctrl Pts',(208.442017246368,-60.7435799161787,-8.309));
#8186=CARTESIAN_POINT('Ctrl Pts',(208.501857106437,-60.773499846213,-8.30899999999981));
#8187=CARTESIAN_POINT('Ctrl Pts',(208.642640282095,-60.8439722648464,-8.34621279751467));
#8188=CARTESIAN_POINT('Ctrl Pts',(208.689657368809,-60.8435799161801,-8.39489668078667));
#8189=CARTESIAN_POINT('Ctrl Pts',(208.689657368809,-60.8435799161796,-8.40900000000149));
#8190=CARTESIAN_POINT('Ctrl Pts',(208.442017246368,-60.7435799161789,-8.309));
#8191=CARTESIAN_POINT('Ctrl Pts',(208.48689714142,-60.7884598112303,-8.3089999999999));
#8192=CARTESIAN_POINT('Ctrl Pts',(208.594266675971,-60.8958293457826,-8.36542835493976));
#8193=CARTESIAN_POINT('Ctrl Pts',(208.585526638108,-60.8870893079196,-8.41286395789293));
#8194=CARTESIAN_POINT('Ctrl Pts',(208.585526638108,-60.8870893079193,-8.40900000000078));
#8195=CARTESIAN_POINT('Ctrl Pts',(208.442017246368,-60.743579916179,-8.309));
#8196=CARTESIAN_POINT('Ctrl Pts',(208.471937176402,-60.8034197762477,-8.3089999999999));
#8197=CARTESIAN_POINT('Ctrl Pts',(208.542409595035,-60.9442029519064,-8.34621279751475));
#8198=CARTESIAN_POINT('Ctrl Pts',(208.542017246368,-60.9912200386204,-8.39489668078584));
#8199=CARTESIAN_POINT('Ctrl Pts',(208.542017246368,-60.9912200386198,-8.40900000000066));
#8200=CARTESIAN_POINT('Ctrl Pts',(208.442017246368,-60.7435799161791,-8.309));
#8201=CARTESIAN_POINT('Ctrl Pts',(208.464457193894,-60.8108997587564,-8.30899999999988));
#8202=CARTESIAN_POINT('Ctrl Pts',(208.516890324355,-60.9681991501403,-8.32729680988396));
#8203=CARTESIAN_POINT('Ctrl Pts',(208.542017246369,-61.0435799161803,-8.37908006996643));
#8204=CARTESIAN_POINT('Ctrl Pts',(208.542017246368,-61.0435799161797,-8.40900000000076));
#8205=CARTESIAN_POINT('',(208.542017246368,-61.0435799161797,-8.409));
#8206=CARTESIAN_POINT('Origin',(208.742017246368,-61.0435799161797,-8.409));
#8207=CARTESIAN_POINT('',(208.442017246368,-60.7435799161797,-8.309));
#8208=CARTESIAN_POINT('Origin',(208.442017246368,-60.7435799161797,-8.409));
#8209=CARTESIAN_POINT('Origin',(208.442017246368,-60.7435799161797,-8.409));
#8210=CARTESIAN_POINT('Origin',(208.742017246368,-61.0435799161797,-8.309));
#8211=CARTESIAN_POINT('',(208.542017246368,-61.0435799161797,-8.309));
#8212=CARTESIAN_POINT('Origin',(187.667017246368,-60.7435799161819,-8.409));
#8213=CARTESIAN_POINT('',(187.667017246368,-60.7435799161819,-8.309));
#8214=CARTESIAN_POINT('Origin',(208.442017246368,-63.7200835894668,-8.409));
#8215=CARTESIAN_POINT('',(208.542017246368,-63.5559937428575,-8.409));
#8216=CARTESIAN_POINT('',(208.542017246368,-63.7200835894668,-8.409));
#8217=CARTESIAN_POINT('',(208.442017246368,-63.8559937428575,-8.309));
#8218=CARTESIAN_POINT('Origin',(208.442017246368,-63.8559937428575,-8.409));
#8219=CARTESIAN_POINT('',(208.442017246368,-63.7200835894668,-8.309));
#8220=CARTESIAN_POINT('Origin',(208.742017246368,-63.5559937428575,-8.309));
#8221=CARTESIAN_POINT('',(208.742017246368,-63.7559937428575,-8.409));
#8222=CARTESIAN_POINT('',(208.742017246368,-63.7559937428575,-8.309));
#8223=CARTESIAN_POINT('Origin',(208.742017246368,-63.5559937428575,-8.409));
#8224=CARTESIAN_POINT('',(208.542017246368,-63.5559937428575,-8.309));
#8225=CARTESIAN_POINT('Ctrl Pts',(208.742017246368,-63.7559937428575,-8.409));
#8226=CARTESIAN_POINT('Ctrl Pts',(208.742017246368,-63.7559937428575,-8.38656005247436));
#8227=CARTESIAN_POINT('Ctrl Pts',(208.687126528178,-63.7742906489211,-8.33412700217269));
#8228=CARTESIAN_POINT('Ctrl Pts',(208.531777036471,-63.8260738128233,-8.309));
#8229=CARTESIAN_POINT('Ctrl Pts',(208.442017246368,-63.8559937428575,-8.309));
#8230=CARTESIAN_POINT('Ctrl Pts',(208.689657368809,-63.7559937428575,-8.409));
#8231=CARTESIAN_POINT('Ctrl Pts',(208.689657368809,-63.7559937428575,-8.39842251058894));
#8232=CARTESIAN_POINT('Ctrl Pts',(208.658306051174,-63.7510779296402,-8.3578423237278));
#8233=CARTESIAN_POINT('Ctrl Pts',(208.52180372646,-63.8161005028119,-8.309));
#8234=CARTESIAN_POINT('Ctrl Pts',(208.442017246368,-63.8559937428575,-8.309));
#8235=CARTESIAN_POINT('Ctrl Pts',(208.585526829493,-63.7124841597332,-8.409));
#8236=CARTESIAN_POINT('Ctrl Pts',(208.585526829493,-63.7124841597332,-8.4118979684191));
#8237=CARTESIAN_POINT('Ctrl Pts',(208.600283910719,-63.6977270785071,-8.38253241621219));
#8238=CARTESIAN_POINT('Ctrl Pts',(208.501857106437,-63.7961538827891,-8.309));
#8239=CARTESIAN_POINT('Ctrl Pts',(208.442017246368,-63.8559937428575,-8.309));
#8240=CARTESIAN_POINT('Ctrl Pts',(208.542017246368,-63.6083536204173,-8.409));
#8241=CARTESIAN_POINT('Ctrl Pts',(208.542017246368,-63.6083536204173,-8.39842251058894));
#8242=CARTESIAN_POINT('Ctrl Pts',(208.546933059586,-63.6397049380517,-8.3578423237278));
#8243=CARTESIAN_POINT('Ctrl Pts',(208.481910486414,-63.7762072627663,-8.309));
#8244=CARTESIAN_POINT('Ctrl Pts',(208.442017246368,-63.8559937428575,-8.309));
#8245=CARTESIAN_POINT('Ctrl Pts',(208.542017246368,-63.5559937428575,-8.409));
#8246=CARTESIAN_POINT('Ctrl Pts',(208.542017246368,-63.5559937428575,-8.38656005247436));
#8247=CARTESIAN_POINT('Ctrl Pts',(208.523720340305,-63.6108844610483,-8.33412700217268));
#8248=CARTESIAN_POINT('Ctrl Pts',(208.471937176403,-63.7662339527549,-8.309));
#8249=CARTESIAN_POINT('Ctrl Pts',(208.442017246368,-63.8559937428575,-8.309));
#8250=CARTESIAN_POINT('Origin',(208.442017246368,-63.8559937428575,-8.409));
#8251=CARTESIAN_POINT('Origin',(187.917017246368,-63.8559937428575,-8.409));
#8252=CARTESIAN_POINT('',(187.917017246368,-63.8559937428575,-8.309));
#8253=CARTESIAN_POINT('',(187.917017246368,-63.7559937428575,-8.409));
#8254=CARTESIAN_POINT('Origin',(209.042017246368,-63.7559937428575,-8.309));
#8255=CARTESIAN_POINT('Ctrl Pts',(208.542017246368,-47.8841734360761,-8.409));
#8256=CARTESIAN_POINT('Ctrl Pts',(208.542017246368,-47.6841734360761,-8.409));
#8257=CARTESIAN_POINT('Ctrl Pts',(208.342017246368,-47.6841734360761,-8.409));
#8258=CARTESIAN_POINT('Ctrl Pts',(208.542017246368,-47.8841734360761,-8.30899999999998));
#8259=CARTESIAN_POINT('Ctrl Pts',(208.542017246368,-47.6841734360761,-8.30899999999998));
#8260=CARTESIAN_POINT('Ctrl Pts',(208.342017246368,-47.6841734360761,-8.30899999999998));
#8261=CARTESIAN_POINT('Ctrl Pts',(208.442017246368,-47.8841734360761,-8.309));
#8262=CARTESIAN_POINT('Ctrl Pts',(208.442017246368,-47.7841734360761,-8.309));
#8263=CARTESIAN_POINT('Ctrl Pts',(208.342017246368,-47.7841734360761,-8.309));
#8264=CARTESIAN_POINT('',(208.342017246368,-47.7841734360761,-8.309));
#8265=CARTESIAN_POINT('',(208.342017246368,-47.6841734360761,-8.409));
#8266=CARTESIAN_POINT('Origin',(208.342017246368,-47.7841734360761,-8.409));
#8267=CARTESIAN_POINT('',(208.542017246368,-47.8841734360761,-8.409));
#8268=CARTESIAN_POINT('Origin',(208.342017246368,-47.8841734360761,-8.409));
#8269=CARTESIAN_POINT('',(208.442017246368,-47.8841734360761,-8.309));
#8270=CARTESIAN_POINT('Origin',(208.442017246368,-47.8841734360761,-8.409));
#8271=CARTESIAN_POINT('Origin',(208.342017246368,-47.8841734360761,-8.309));
#8272=CARTESIAN_POINT('Origin',(208.342017246368,-47.8841734360761,-8.309));
#8273=CARTESIAN_POINT('',(208.342017246368,-47.6841734360761,-8.309));
#8274=CARTESIAN_POINT('',(208.542017246368,-47.8841734360761,-8.309));
#8275=CARTESIAN_POINT('Origin',(208.442017246368,-57.1638766761279,-8.409));
#8276=CARTESIAN_POINT('',(208.542017246368,-50.4435799161797,-8.409));
#8277=CARTESIAN_POINT('',(208.542017246368,-57.1638766761279,-8.409));
#8278=CARTESIAN_POINT('',(208.442017246368,-50.7435799161797,-8.309));
#8279=CARTESIAN_POINT('Origin',(208.442017246368,-50.7435799161797,-8.409));
#8280=CARTESIAN_POINT('',(208.442017246368,-57.1638766761279,-8.309));
#8281=CARTESIAN_POINT('Origin',(208.542017246368,-50.6435799161797,-8.309));
#8282=CARTESIAN_POINT('',(208.542017246368,-50.4435799161797,-8.309));
#8283=CARTESIAN_POINT('Ctrl Pts',(176.642017246368,-47.8841734360761,-8.309));
#8284=CARTESIAN_POINT('Ctrl Pts',(176.642017246368,-47.7841734360761,-8.309));
#8285=CARTESIAN_POINT('Ctrl Pts',(176.742017246368,-47.7841734360761,-8.309));
#8286=CARTESIAN_POINT('Ctrl Pts',(176.542017246368,-47.8841734360761,-8.30899999999998));
#8287=CARTESIAN_POINT('Ctrl Pts',(176.542017246368,-47.6841734360761,-8.30899999999998));
#8288=CARTESIAN_POINT('Ctrl Pts',(176.742017246368,-47.6841734360761,-8.30899999999998));
#8289=CARTESIAN_POINT('Ctrl Pts',(176.542017246368,-47.8841734360761,-8.409));
#8290=CARTESIAN_POINT('Ctrl Pts',(176.542017246368,-47.6841734360761,-8.409));
#8291=CARTESIAN_POINT('Ctrl Pts',(176.742017246368,-47.6841734360761,-8.409));
#8292=CARTESIAN_POINT('',(176.742017246368,-47.6841734360761,-8.409));
#8293=CARTESIAN_POINT('',(176.742017246368,-47.7841734360761,-8.309));
#8294=CARTESIAN_POINT('Origin',(176.742017246368,-47.7841734360761,-8.409));
#8295=CARTESIAN_POINT('Origin',(176.742017246368,-47.8841734360761,-8.309));
#8296=CARTESIAN_POINT('Origin',(176.742017246368,-47.8841734360761,-8.409));
#8297=CARTESIAN_POINT('Origin',(176.742017246368,-47.8841734360761,-8.309));
#8298=CARTESIAN_POINT('',(176.742017246368,-47.6841734360761,-8.309));
#8299=CARTESIAN_POINT('Origin',(166.792017246368,-63.6841734360761,-8.309));
#8300=CARTESIAN_POINT('',(124.542017246368,-46.9341734360761,-8.309));
#8301=CARTESIAN_POINT('',(124.292017246368,-47.1841734360761,-8.309));
#8302=CARTESIAN_POINT('Origin',(124.542017246368,-47.1841734360761,-8.309));
#8303=CARTESIAN_POINT('',(209.042017246368,-46.9341734360761,-8.309));
#8304=CARTESIAN_POINT('',(145.417017246368,-46.9341734360761,-8.309));
#8305=CARTESIAN_POINT('',(209.292017246368,-47.1841734360761,-8.309));
#8306=CARTESIAN_POINT('Origin',(209.042017246368,-47.1841734360761,-8.309));
#8307=CARTESIAN_POINT('',(209.292017246368,-80.1841734360761,-8.309));
#8308=CARTESIAN_POINT('',(209.292017246368,-55.1841734360761,-8.309));
#8309=CARTESIAN_POINT('',(209.042017246368,-80.4341734360761,-8.309));
#8310=CARTESIAN_POINT('Origin',(209.042017246368,-80.1841734360761,-8.309));
#8311=CARTESIAN_POINT('',(208.542017246368,-80.4341734360761,-8.309));
#8312=CARTESIAN_POINT('',(188.167017246368,-80.4341734360761,-8.309));
#8313=CARTESIAN_POINT('',(208.542017246368,-79.6841734360761,-8.309));
#8314=CARTESIAN_POINT('',(125.042017246368,-80.4341734360761,-8.309));
#8315=CARTESIAN_POINT('',(125.042017246368,-79.6841734360761,-8.309));
#8316=CARTESIAN_POINT('',(124.542017246368,-80.4341734360761,-8.309));
#8317=CARTESIAN_POINT('',(145.917017246368,-80.4341734360761,-8.309));
#8318=CARTESIAN_POINT('',(124.292017246368,-80.1841734360761,-8.309));
#8319=CARTESIAN_POINT('Origin',(124.542017246368,-80.1841734360761,-8.309));
#8320=CARTESIAN_POINT('',(124.292017246368,-72.1841734360761,-8.309));
#8321=CARTESIAN_POINT('',(171.667017246368,-78.6841734360761,-8.309));
#8322=CARTESIAN_POINT('',(187.667017246368,-47.7841734360761,-8.309));
#8323=CARTESIAN_POINT('',(187.917017246368,-50.7435799161797,-8.309));
#8324=CARTESIAN_POINT('',(145.667017246368,-47.0841734360761,-8.309));
#8325=CARTESIAN_POINT('',(124.442017246368,-71.5341734360761,-8.309));
#8326=CARTESIAN_POINT('Origin',(187.667017246368,-47.7841734360761,-8.409));
#8327=CARTESIAN_POINT('',(187.667017246368,-47.6841734360761,-8.409));
#8328=CARTESIAN_POINT('Origin',(208.542017246368,-47.6841734360761,-8.309));
#8329=CARTESIAN_POINT('Origin',(208.742017246368,-50.4435799161797,-8.309));
#8330=CARTESIAN_POINT('',(208.742017246368,-50.6435799161797,-8.409));
#8331=CARTESIAN_POINT('',(208.742017246368,-50.6435799161797,-8.309));
#8332=CARTESIAN_POINT('Origin',(208.742017246368,-50.4435799161797,-8.409));
#8333=CARTESIAN_POINT('Ctrl Pts',(208.742017246368,-50.6435799161797,-8.409));
#8334=CARTESIAN_POINT('Ctrl Pts',(208.742017246368,-50.6435799161797,-8.38656005247436));
#8335=CARTESIAN_POINT('Ctrl Pts',(208.687127872148,-50.6618763742533,-8.33412662880381));
#8336=CARTESIAN_POINT('Ctrl Pts',(208.531777036471,-50.7136599861455,-8.309));
#8337=CARTESIAN_POINT('Ctrl Pts',(208.442017246368,-50.7435799161797,-8.309));
#8338=CARTESIAN_POINT('Ctrl Pts',(208.689657368809,-50.6435799161797,-8.409));
#8339=CARTESIAN_POINT('Ctrl Pts',(208.689657368809,-50.6435799161797,-8.39842251058894));
#8340=CARTESIAN_POINT('Ctrl Pts',(208.658307346156,-50.6386644300693,-8.35784616682954));
#8341=CARTESIAN_POINT('Ctrl Pts',(208.52180372646,-50.7036866761341,-8.309));
#8342=CARTESIAN_POINT('Ctrl Pts',(208.442017246368,-50.7435799161797,-8.309));
#8343=CARTESIAN_POINT('Ctrl Pts',(208.585525937179,-50.6000712253687,-8.409));
#8344=CARTESIAN_POINT('Ctrl Pts',(208.585525937179,-50.6000712253687,-8.4118979684191));
#8345=CARTESIAN_POINT('Ctrl Pts',(208.600285567962,-50.5853115945861,-8.38254342766235));
#8346=CARTESIAN_POINT('Ctrl Pts',(208.501857106437,-50.6837400561113,-8.309));
#8347=CARTESIAN_POINT('Ctrl Pts',(208.442017246368,-50.7435799161797,-8.309));
#8348=CARTESIAN_POINT('Ctrl Pts',(208.542017246368,-50.4959397937395,-8.409));
#8349=CARTESIAN_POINT('Ctrl Pts',(208.542017246368,-50.4959397937395,-8.39842251058894));
#8350=CARTESIAN_POINT('Ctrl Pts',(208.546932732479,-50.5272898163918,-8.35784616682954));
#8351=CARTESIAN_POINT('Ctrl Pts',(208.481910486414,-50.6637934360885,-8.309));
#8352=CARTESIAN_POINT('Ctrl Pts',(208.442017246368,-50.7435799161797,-8.309));
#8353=CARTESIAN_POINT('Ctrl Pts',(208.542017246368,-50.4435799161797,-8.409));
#8354=CARTESIAN_POINT('Ctrl Pts',(208.542017246368,-50.4435799161797,-8.38656005247436));
#8355=CARTESIAN_POINT('Ctrl Pts',(208.523720788295,-50.4984692904005,-8.33412662880381));
#8356=CARTESIAN_POINT('Ctrl Pts',(208.471937176403,-50.6538201260771,-8.309));
#8357=CARTESIAN_POINT('Ctrl Pts',(208.442017246368,-50.7435799161797,-8.309));
#8358=CARTESIAN_POINT('Origin',(208.442017246368,-50.7435799161797,-8.409));
#8359=CARTESIAN_POINT('Origin',(187.917017246368,-50.7435799161797,-8.409));
#8360=CARTESIAN_POINT('',(208.842017246368,-50.6435799161797,-8.409));
#8361=CARTESIAN_POINT('',(187.917017246368,-50.6435799161797,-8.409));
#8362=CARTESIAN_POINT('Origin',(209.142017246368,-50.7435799161797,-8.409));
#8363=CARTESIAN_POINT('Origin',(209.042017246368,-50.6435799161797,-8.309));
#8364=CARTESIAN_POINT('',(208.842017246368,-50.6435799161797,-8.309));
#8365=CARTESIAN_POINT('Origin',(208.842017246368,-50.4435799161797,-8.309));
#8366=CARTESIAN_POINT('Origin',(208.842017246368,-50.4435799161797,-8.409));
#8367=CARTESIAN_POINT('Ctrl Pts',(209.042017246368,-50.4435799161797,-8.409));
#8368=CARTESIAN_POINT('Ctrl Pts',(209.042017246368,-50.4435799161797,-8.38656005247436));
#8369=CARTESIAN_POINT('Ctrl Pts',(209.060313718696,-50.4984693331623,-8.3341266406835));
#8370=CARTESIAN_POINT('Ctrl Pts',(209.112097316334,-50.6538201260771,-8.309));
#8371=CARTESIAN_POINT('Ctrl Pts',(209.142017246368,-50.7435799161797,-8.309));
#8372=CARTESIAN_POINT('Ctrl Pts',(209.042017246368,-50.4959397937395,-8.409));
#8373=CARTESIAN_POINT('Ctrl Pts',(209.042017246368,-50.4959397937395,-8.39842251058894));
#8374=CARTESIAN_POINT('Ctrl Pts',(209.03710174985,-50.5272898575949,-8.35784604455148));
#8375=CARTESIAN_POINT('Ctrl Pts',(209.102124006323,-50.6637934360885,-8.309));
#8376=CARTESIAN_POINT('Ctrl Pts',(209.142017246368,-50.7435799161797,-8.309));
#8377=CARTESIAN_POINT('Ctrl Pts',(208.998508527132,-50.6000711969432,-8.409));
#8378=CARTESIAN_POINT('Ctrl Pts',(208.998508527132,-50.6000711969432,-8.4118979684191));
#8379=CARTESIAN_POINT('Ctrl Pts',(208.983748977579,-50.5853116473904,-8.38254307722684));
#8380=CARTESIAN_POINT('Ctrl Pts',(209.0821773863,-50.6837400561113,-8.309));
#8381=CARTESIAN_POINT('Ctrl Pts',(209.142017246368,-50.7435799161797,-8.309));
#8382=CARTESIAN_POINT('Ctrl Pts',(208.894377123928,-50.6435799161797,-8.409));
#8383=CARTESIAN_POINT('Ctrl Pts',(208.894377123928,-50.6435799161797,-8.39842251058894));
#8384=CARTESIAN_POINT('Ctrl Pts',(208.925727187784,-50.6386644196615,-8.35784604455149));
#8385=CARTESIAN_POINT('Ctrl Pts',(209.062230766277,-50.7036866761341,-8.309));
#8386=CARTESIAN_POINT('Ctrl Pts',(209.142017246368,-50.7435799161797,-8.309));
#8387=CARTESIAN_POINT('Ctrl Pts',(208.842017246368,-50.6435799161797,-8.409));
#8388=CARTESIAN_POINT('Ctrl Pts',(208.842017246368,-50.6435799161797,-8.38656005247436));
#8389=CARTESIAN_POINT('Ctrl Pts',(208.896906663351,-50.6618763885072,-8.33412664068351));
#8390=CARTESIAN_POINT('Ctrl Pts',(209.052257456266,-50.7136599861455,-8.309));
#8391=CARTESIAN_POINT('Ctrl Pts',(209.142017246368,-50.7435799161797,-8.309));
#8392=CARTESIAN_POINT('Origin',(145.667017246368,-47.0841734360761,-8.409));
#8393=CARTESIAN_POINT('Origin',(124.442017246368,-71.5341734360761,-8.409));
#8394=CARTESIAN_POINT('Origin',(171.667017246368,-78.6841734360761,-8.409));
#8395=CARTESIAN_POINT('Origin',(208.542017246368,-63.7559937428575,-8.309));
#8396=CARTESIAN_POINT('Ctrl Pts',(124.042017246368,-47.1841734360761,-8.059));
#8397=CARTESIAN_POINT('Ctrl Pts',(124.042017246368,-46.6841734360761,-8.059));
#8398=CARTESIAN_POINT('Ctrl Pts',(124.542017246368,-46.6841734360761,-8.059));
#8399=CARTESIAN_POINT('Ctrl Pts',(124.042017246368,-47.1841734360761,-8.30900000000001));
#8400=CARTESIAN_POINT('Ctrl Pts',(124.042017246368,-46.6841734360761,-8.30900000000001));
#8401=CARTESIAN_POINT('Ctrl Pts',(124.542017246368,-46.6841734360761,-8.30900000000001));
#8402=CARTESIAN_POINT('Ctrl Pts',(124.292017246368,-47.1841734360761,-8.309));
#8403=CARTESIAN_POINT('Ctrl Pts',(124.292017246368,-46.9341734360761,-8.309));
#8404=CARTESIAN_POINT('Ctrl Pts',(124.542017246368,-46.9341734360761,-8.309));
#8405=CARTESIAN_POINT('',(124.542017246368,-46.6841734360761,-8.059));
#8406=CARTESIAN_POINT('Origin',(124.542017246368,-46.9341734360761,-8.059));
#8407=CARTESIAN_POINT('',(124.042017246368,-47.1841734360761,-8.059));
#8408=CARTESIAN_POINT('Origin',(124.292017246368,-47.1841734360761,-8.059));
#8409=CARTESIAN_POINT('Origin',(124.542017246368,-47.1841734360761,-8.059));
#8410=CARTESIAN_POINT('Origin',(124.542017246368,-47.1841734360761,-7.809));
#8411=CARTESIAN_POINT('',(124.542017246368,-46.6841734360761,-7.809));
#8412=CARTESIAN_POINT('',(124.042017246368,-47.1841734360761,-7.809));
#8413=CARTESIAN_POINT('Origin',(145.417017246368,-46.9341734360761,-8.059));
#8414=CARTESIAN_POINT('',(209.042017246368,-46.6841734360761,-8.059));
#8415=CARTESIAN_POINT('',(145.417017246368,-46.6841734360761,-8.059));
#8416=CARTESIAN_POINT('Origin',(209.042017246368,-46.9341734360761,-8.059));
#8417=CARTESIAN_POINT('Origin',(124.042017246368,-46.6841734360761,-7.809));
#8418=CARTESIAN_POINT('',(209.042017246368,-46.6841734360761,-7.809));
#8419=CARTESIAN_POINT('Ctrl Pts',(209.042017246368,-46.6841734360761,-8.059));
#8420=CARTESIAN_POINT('Ctrl Pts',(209.542017246368,-46.6841734360761,-8.059));
#8421=CARTESIAN_POINT('Ctrl Pts',(209.542017246368,-47.1841734360761,-8.059));
#8422=CARTESIAN_POINT('Ctrl Pts',(209.042017246368,-46.6841734360761,-8.30900000000002));
#8423=CARTESIAN_POINT('Ctrl Pts',(209.542017246368,-46.6841734360761,-8.30900000000002));
#8424=CARTESIAN_POINT('Ctrl Pts',(209.542017246368,-47.1841734360761,-8.30900000000002));
#8425=CARTESIAN_POINT('Ctrl Pts',(209.042017246368,-46.9341734360761,-8.309));
#8426=CARTESIAN_POINT('Ctrl Pts',(209.292017246368,-46.9341734360761,-8.309));
#8427=CARTESIAN_POINT('Ctrl Pts',(209.292017246368,-47.1841734360761,-8.309));
#8428=CARTESIAN_POINT('',(209.542017246368,-47.1841734360761,-8.059));
#8429=CARTESIAN_POINT('Origin',(209.292017246368,-47.1841734360761,-8.059));
#8430=CARTESIAN_POINT('Origin',(209.042017246368,-47.1841734360761,-8.059));
#8431=CARTESIAN_POINT('Origin',(209.042017246368,-47.1841734360761,-7.809));
#8432=CARTESIAN_POINT('',(209.542017246368,-47.1841734360761,-7.809));
#8433=CARTESIAN_POINT('Origin',(209.292017246368,-55.1841734360761,-8.059));
#8434=CARTESIAN_POINT('',(209.542017246368,-80.1841734360761,-8.059));
#8435=CARTESIAN_POINT('',(209.542017246368,-55.1841734360761,-8.059));
#8436=CARTESIAN_POINT('Origin',(209.292017246368,-80.1841734360761,-8.059));
#8437=CARTESIAN_POINT('Origin',(209.542017246368,-46.6841734360761,-7.809));
#8438=CARTESIAN_POINT('',(209.542017246368,-80.1841734360761,-7.809));
#8439=CARTESIAN_POINT('Ctrl Pts',(209.542017246368,-80.1841734360761,-8.059));
#8440=CARTESIAN_POINT('Ctrl Pts',(209.542017246368,-80.6841734360761,-8.059));
#8441=CARTESIAN_POINT('Ctrl Pts',(209.042017246368,-80.6841734360761,-8.059));
#8442=CARTESIAN_POINT('Ctrl Pts',(209.542017246368,-80.1841734360761,-8.30900000000002));
#8443=CARTESIAN_POINT('Ctrl Pts',(209.542017246368,-80.6841734360761,-8.30900000000002));
#8444=CARTESIAN_POINT('Ctrl Pts',(209.042017246368,-80.6841734360761,-8.30900000000002));
#8445=CARTESIAN_POINT('Ctrl Pts',(209.292017246368,-80.1841734360761,-8.309));
#8446=CARTESIAN_POINT('Ctrl Pts',(209.292017246368,-80.4341734360761,-8.309));
#8447=CARTESIAN_POINT('Ctrl Pts',(209.042017246368,-80.4341734360761,-8.309));
#8448=CARTESIAN_POINT('',(209.042017246368,-80.6841734360761,-8.059));
#8449=CARTESIAN_POINT('Origin',(209.042017246368,-80.4341734360761,-8.059));
#8450=CARTESIAN_POINT('Origin',(209.042017246368,-80.1841734360761,-8.059));
#8451=CARTESIAN_POINT('Origin',(209.042017246368,-80.1841734360761,-7.809));
#8452=CARTESIAN_POINT('',(209.042017246368,-80.6841734360761,-7.809));
#8453=CARTESIAN_POINT('Origin',(188.167017246368,-80.4341734360761,-8.059));
#8454=CARTESIAN_POINT('',(208.542017246368,-80.6841734360761,-8.059));
#8455=CARTESIAN_POINT('',(188.167017246368,-80.6841734360761,-8.059));
#8456=CARTESIAN_POINT('Origin',(208.542017246368,-80.4341734360761,-8.059));
#8457=CARTESIAN_POINT('Origin',(209.542017246368,-80.6841734360761,-7.809));
#8458=CARTESIAN_POINT('',(208.542017246368,-80.6841734360761,-7.809));
#8459=CARTESIAN_POINT('Ctrl Pts',(124.542017246368,-80.6841734360761,-8.059));
#8460=CARTESIAN_POINT('Ctrl Pts',(124.042017246368,-80.6841734360761,-8.059));
#8461=CARTESIAN_POINT('Ctrl Pts',(124.042017246368,-80.1841734360761,-8.059));
#8462=CARTESIAN_POINT('Ctrl Pts',(124.542017246368,-80.6841734360761,-8.309));
#8463=CARTESIAN_POINT('Ctrl Pts',(124.042017246368,-80.6841734360761,-8.309));
#8464=CARTESIAN_POINT('Ctrl Pts',(124.042017246368,-80.1841734360761,-8.309));
#8465=CARTESIAN_POINT('Ctrl Pts',(124.542017246368,-80.4341734360761,-8.309));
#8466=CARTESIAN_POINT('Ctrl Pts',(124.292017246368,-80.4341734360761,-8.309));
#8467=CARTESIAN_POINT('Ctrl Pts',(124.292017246368,-80.1841734360761,-8.309));
#8468=CARTESIAN_POINT('',(124.042017246368,-80.1841734360761,-8.059));
#8469=CARTESIAN_POINT('Origin',(124.292017246368,-80.1841734360761,-8.059));
#8470=CARTESIAN_POINT('',(124.542017246368,-80.6841734360761,-8.059));
#8471=CARTESIAN_POINT('Origin',(124.542017246368,-80.4341734360761,-8.059));
#8472=CARTESIAN_POINT('Origin',(124.542017246368,-80.1841734360761,-8.059));
#8473=CARTESIAN_POINT('Origin',(124.542017246368,-80.1841734360761,-7.809));
#8474=CARTESIAN_POINT('',(124.042017246368,-80.1841734360761,-7.809));
#8475=CARTESIAN_POINT('',(124.542017246368,-80.6841734360761,-7.809));
#8476=CARTESIAN_POINT('Origin',(125.042017246368,-80.6841734360761,-7.809));
#8477=CARTESIAN_POINT('',(125.042017246368,-80.6841734360761,-8.059));
#8478=CARTESIAN_POINT('',(145.917017246368,-80.6841734360761,-8.059));
#8479=CARTESIAN_POINT('',(125.042017246368,-80.6841734360761,-7.809));
#8480=CARTESIAN_POINT('Origin',(145.917017246368,-80.4341734360761,-8.059));
#8481=CARTESIAN_POINT('Origin',(125.042017246368,-80.4341734360761,-8.059));
#8482=CARTESIAN_POINT('Origin',(124.292017246368,-72.1841734360761,-8.059));
#8483=CARTESIAN_POINT('',(124.042017246368,-72.1841734360761,-8.059));
#8484=CARTESIAN_POINT('Origin',(124.042017246368,-80.6841734360761,-7.809));
#8485=CARTESIAN_POINT('Origin',(125.042017246368,-47.6841734360761,-7.809));
#8486=CARTESIAN_POINT('',(125.042017246368,-79.6841734360761,-7.809));
#8487=CARTESIAN_POINT('',(125.042017246368,-47.6841734360761,-7.309));
#8488=CARTESIAN_POINT('Origin',(160.940326354124,-47.6841734360761,-0.086421356237315));
#8489=CARTESIAN_POINT('',(160.940326354124,-47.6841734360761,-0.086421356237315));
#8490=CARTESIAN_POINT('Origin',(160.940326354124,-47.6841734360761,-7.309));
#8491=CARTESIAN_POINT('Origin',(166.792017246368,-63.6841734360761,-7.309));
#8492=CARTESIAN_POINT('Origin',(126.985595666971,-47.6841734360761,-0.115888259317283));
#8493=CARTESIAN_POINT('',(126.985595666971,-79.6841734360761,-0.115888259317284));
#8494=CARTESIAN_POINT('',(126.985595666971,-79.6841734360761,-0.115888259317283));
#8495=CARTESIAN_POINT('',(126.985595666971,-47.6841734360761,-0.115888259317283));
#8496=CARTESIAN_POINT('Origin',(138.191024487376,-47.6841734360761,-0.115888259317283));
#8497=CARTESIAN_POINT('',(138.191024487376,-79.6841734360761,-0.115888259317283));
#8498=CARTESIAN_POINT('Origin',(207.968705627441,-47.6841734360761,1.51));
#8499=CARTESIAN_POINT('Origin',(208.542017246368,-80.6841734360761,-7.809));
#8500=CARTESIAN_POINT('Origin',(125.042017246368,-79.6841734360761,-7.809));
#8501=CARTESIAN_POINT('Origin',(200.167264081659,-54.214,15.7499219835198));
#8502=CARTESIAN_POINT('',(200.167264081659,-51.34,15.7499219835198));
#8503=CARTESIAN_POINT('',(197.293264081659,-54.214,15.7499219835198));
#8504=CARTESIAN_POINT('Origin',(200.167264081659,-54.214,15.7499219835198));
#8505=CARTESIAN_POINT('',(197.293264081659,-54.214,15.2499219835198));
#8506=CARTESIAN_POINT('',(197.293264081659,-54.214,15.7499219835198));
#8507=CARTESIAN_POINT('',(200.167264081659,-51.34,15.2499219835198));
#8508=CARTESIAN_POINT('Origin',(200.167264081659,-54.214,15.2499219835198));
#8509=CARTESIAN_POINT('',(200.167264081659,-51.34,15.7499219835198));
#8510=CARTESIAN_POINT('Origin',(197.293264081659,-74.89,15.7499219835198));
#8511=CARTESIAN_POINT('',(197.293264081659,-72.016,15.7499219835198));
#8512=CARTESIAN_POINT('',(197.293264081659,-69.287086718038,15.7499219835198));
#8513=CARTESIAN_POINT('',(197.293264081659,-72.016,15.2499219835198));
#8514=CARTESIAN_POINT('',(197.293264081659,-72.016,15.7499219835198));
#8515=CARTESIAN_POINT('',(197.293264081659,-69.287086718038,15.2499219835198));
#8516=CARTESIAN_POINT('Origin',(206.219264081659,-54.214,15.7499219835198));
#8517=CARTESIAN_POINT('',(209.093264081659,-54.214,15.7499219835198));
#8518=CARTESIAN_POINT('',(206.219264081659,-51.34,15.7499219835198));
#8519=CARTESIAN_POINT('Origin',(206.219264081659,-54.214,15.7499219835198));
#8520=CARTESIAN_POINT('',(206.219264081659,-51.34,15.2499219835198));
#8521=CARTESIAN_POINT('',(206.219264081659,-51.34,15.7499219835198));
#8522=CARTESIAN_POINT('',(209.093264081659,-54.214,15.2499219835198));
#8523=CARTESIAN_POINT('Origin',(206.219264081659,-54.214,15.2499219835198));
#8524=CARTESIAN_POINT('',(209.093264081659,-54.214,15.7499219835198));
#8525=CARTESIAN_POINT('Origin',(197.293264081659,-51.34,15.7499219835198));
#8526=CARTESIAN_POINT('',(182.042640664014,-51.34,15.2499219835198));
#8527=CARTESIAN_POINT('',(182.042640664014,-51.34,15.7499219835198));
#8528=CARTESIAN_POINT('Origin',(206.219264081659,-72.016,15.7499219835198));
#8529=CARTESIAN_POINT('',(206.219264081659,-74.89,15.7499219835198));
#8530=CARTESIAN_POINT('',(209.093264081659,-72.016,15.7499219835198));
#8531=CARTESIAN_POINT('Origin',(206.219264081659,-72.016,15.7499219835198));
#8532=CARTESIAN_POINT('',(209.093264081659,-72.016,15.2499219835198));
#8533=CARTESIAN_POINT('',(209.093264081659,-72.016,15.7499219835198));
#8534=CARTESIAN_POINT('',(206.219264081659,-74.89,15.2499219835198));
#8535=CARTESIAN_POINT('Origin',(206.219264081659,-72.016,15.2499219835198));
#8536=CARTESIAN_POINT('',(206.219264081659,-74.89,15.7499219835198));
#8537=CARTESIAN_POINT('Origin',(209.093264081659,-51.34,15.7499219835198));
#8538=CARTESIAN_POINT('',(209.093264081659,-57.512086718038,15.2499219835198));
#8539=CARTESIAN_POINT('',(209.093264081659,-57.512086718038,15.7499219835198));
#8540=CARTESIAN_POINT('Origin',(200.167264081659,-72.016,15.7499219835198));
#8541=CARTESIAN_POINT('',(200.167264081659,-74.89,15.7499219835198));
#8542=CARTESIAN_POINT('Origin',(200.167264081659,-72.016,15.7499219835198));
#8543=CARTESIAN_POINT('',(200.167264081659,-74.89,15.2499219835198));
#8544=CARTESIAN_POINT('',(200.167264081659,-74.89,15.7499219835198));
#8545=CARTESIAN_POINT('Origin',(200.167264081659,-72.016,15.2499219835198));
#8546=CARTESIAN_POINT('Origin',(209.093264081659,-74.89,15.7499219835198));
#8547=CARTESIAN_POINT('',(187.942640664013,-74.89,15.2499219835198));
#8548=CARTESIAN_POINT('',(187.942640664013,-74.89,15.7499219835198));
#8549=CARTESIAN_POINT('Origin',(187.838453459852,-71.8202397712379,15.2499219835198));
#8550=CARTESIAN_POINT('',(187.838453459852,-49.2984210460264,15.2499219835198));
#8551=CARTESIAN_POINT('',(187.838453459852,-76.4195133205573,15.2499219835198));
#8552=CARTESIAN_POINT('',(187.838453459852,-48.9850721888952,15.2499219835198));
#8553=CARTESIAN_POINT('',(187.838453459852,-76.4195133205573,15.7499219835198));
#8554=CARTESIAN_POINT('',(187.838453459852,-76.4195133205573,15.4999219835198));
#8555=CARTESIAN_POINT('',(187.838453459852,-49.2984210460264,15.7499219835198));
#8556=CARTESIAN_POINT('',(187.838453459852,-48.9850721888952,15.7499219835198));
#8557=CARTESIAN_POINT('',(187.838453459852,-49.2984210460264,15.4999219835198));
#8558=CARTESIAN_POINT('Origin',(166.792017246368,-63.6841734360761,15.2499219835198));
#8559=CARTESIAN_POINT('',(209.542017246368,-80.6841734360761,15.2499219835198));
#8560=CARTESIAN_POINT('',(124.042017246368,-80.6841734360761,15.2499219835198));
#8561=CARTESIAN_POINT('',(209.542017246368,-80.6841734360761,15.2499219835198));
#8562=CARTESIAN_POINT('',(124.042017246368,-46.6841734360761,15.2499219835198));
#8563=CARTESIAN_POINT('',(124.042017246368,-80.6841734360761,15.2499219835198));
#8564=CARTESIAN_POINT('',(209.542017246368,-46.6841734360761,15.2499219835198));
#8565=CARTESIAN_POINT('',(124.042017246368,-46.6841734360761,15.2499219835198));
#8566=CARTESIAN_POINT('',(209.542017246368,-46.6841734360761,15.2499219835198));
#8567=CARTESIAN_POINT('',(134.718212692112,-49.2984210460264,15.2499219835198));
#8568=CARTESIAN_POINT('',(134.718212692112,-49.2984210460264,15.2499219835198));
#8569=CARTESIAN_POINT('',(134.718212692112,-55.8332964326406,15.2499219835198));
#8570=CARTESIAN_POINT('',(134.718212692112,-48.9850721888952,15.2499219835198));
#8571=CARTESIAN_POINT('',(139.087793031233,-55.8332964326406,15.2499219835198));
#8572=CARTESIAN_POINT('',(134.718212692112,-55.8332964326406,15.2499219835198));
#8573=CARTESIAN_POINT('',(139.087793031233,-76.4195133205573,15.2499219835198));
#8574=CARTESIAN_POINT('',(139.087793031233,-55.8332964326406,15.2499219835198));
#8575=CARTESIAN_POINT('',(139.087793031233,-76.4195133205573,15.2499219835198));
#8576=CARTESIAN_POINT('Origin',(187.838453459852,-49.2984210460264,15.7499219835198));
#8577=CARTESIAN_POINT('',(134.718212692112,-49.2984210460264,15.7499219835198));
#8578=CARTESIAN_POINT('',(134.718212692112,-49.2984210460264,15.7499219835198));
#8579=CARTESIAN_POINT('',(134.718212692112,-49.2984210460264,15.7499219835198));
#8580=CARTESIAN_POINT('Origin',(139.087793031233,-76.4195133205573,15.7499219835198));
#8581=CARTESIAN_POINT('',(139.087793031233,-76.4195133205573,15.7499219835198));
#8582=CARTESIAN_POINT('',(139.087793031233,-76.4195133205573,15.7499219835198));
#8583=CARTESIAN_POINT('',(139.087793031233,-76.4195133205573,15.7499219835198));
#8584=CARTESIAN_POINT('Origin',(139.087793031233,-55.8332964326406,15.7499219835198));
#8585=CARTESIAN_POINT('',(139.087793031233,-55.8332964326406,15.7499219835198));
#8586=CARTESIAN_POINT('',(139.087793031233,-55.8332964326406,15.7499219835198));
#8587=CARTESIAN_POINT('',(139.087793031233,-55.8332964326406,15.7499219835198));
#8588=CARTESIAN_POINT('Origin',(134.718212692112,-55.8332964326406,15.7499219835198));
#8589=CARTESIAN_POINT('',(134.718212692112,-55.8332964326406,15.7499219835198));
#8590=CARTESIAN_POINT('',(134.718212692112,-55.8332964326406,15.7499219835198));
#8591=CARTESIAN_POINT('',(134.718212692112,-55.8332964326406,15.7499219835198));
#8592=CARTESIAN_POINT('Origin',(134.718212692112,-49.2984210460264,15.7499219835198));
#8593=CARTESIAN_POINT('',(134.718212692112,-48.9850721888952,15.7499219835198));
#8594=CARTESIAN_POINT('Origin',(124.292017246368,-55.1841734360761,15.4999219835198));
#8595=CARTESIAN_POINT('',(124.292017246368,-80.4341734360761,15.7499219835198));
#8596=CARTESIAN_POINT('',(124.292017246368,-46.9341734360761,15.7499219835198));
#8597=CARTESIAN_POINT('',(124.292017246368,-55.1841734360761,15.7499219835198));
#8598=CARTESIAN_POINT('',(124.042017246368,-46.6841734360761,15.4999219835198));
#8599=CARTESIAN_POINT('Origin',(124.292017246368,-46.9341734360761,15.4999219835198));
#8600=CARTESIAN_POINT('',(124.042017246368,-80.6841734360761,15.4999219835198));
#8601=CARTESIAN_POINT('',(124.042017246368,-55.1841734360761,15.4999219835198));
#8602=CARTESIAN_POINT('Origin',(124.292017246368,-80.4341734360761,15.4999219835198));
#8603=CARTESIAN_POINT('Origin',(188.167017246368,-46.9341734360761,15.4999219835198));
#8604=CARTESIAN_POINT('',(209.292017246368,-46.9341734360761,15.7499219835198));
#8605=CARTESIAN_POINT('',(188.167017246368,-46.9341734360761,15.7499219835198));
#8606=CARTESIAN_POINT('',(209.542017246368,-46.6841734360761,15.4999219835198));
#8607=CARTESIAN_POINT('Origin',(209.292017246368,-46.9341734360761,15.4999219835198));
#8608=CARTESIAN_POINT('',(188.167017246368,-46.6841734360761,15.4999219835198));
#8609=CARTESIAN_POINT('Origin',(209.292017246368,-72.1841734360761,15.4999219835198));
#8610=CARTESIAN_POINT('',(209.292017246368,-80.4341734360761,15.7499219835198));
#8611=CARTESIAN_POINT('',(209.292017246368,-72.1841734360761,15.7499219835198));
#8612=CARTESIAN_POINT('',(209.542017246368,-80.6841734360761,15.4999219835198));
#8613=CARTESIAN_POINT('Origin',(209.292017246368,-80.4341734360761,15.4999219835198));
#8614=CARTESIAN_POINT('',(209.542017246368,-72.1841734360761,15.4999219835198));
#8615=CARTESIAN_POINT('Origin',(145.417017246368,-80.4341734360761,15.4999219835198));
#8616=CARTESIAN_POINT('',(145.417017246368,-80.6841734360761,15.4999219835198));
#8617=CARTESIAN_POINT('',(145.417017246368,-80.4341734360761,15.7499219835198));
#8618=CARTESIAN_POINT('Origin',(124.042017246368,-80.6841734360761,15.2499219835198));
#8619=CARTESIAN_POINT('',(124.042017246368,-80.6841734360761,15.2499219835198));
#8620=CARTESIAN_POINT('',(209.542017246368,-80.6841734360761,15.2499219835198));
#8621=CARTESIAN_POINT('Origin',(124.042017246368,-46.6841734360761,15.2499219835198));
#8622=CARTESIAN_POINT('',(124.042017246368,-46.6841734360761,15.2499219835198));
#8623=CARTESIAN_POINT('Origin',(166.792017246368,-63.6841734360761,15.7499219835198));
#8624=CARTESIAN_POINT('Origin',(209.542017246368,-46.6841734360761,15.2499219835198));
#8625=CARTESIAN_POINT('',(209.542017246368,-46.6841734360761,15.2499219835198));
#8626=CARTESIAN_POINT('Origin',(209.542017246368,-80.6841734360761,15.2499219835198));
#8627=CARTESIAN_POINT('Ctrl Pts',(125.042017246368,-47.4341734360761,-15.9128810145064));
#8628=CARTESIAN_POINT('Ctrl Pts',(124.792017246368,-47.4341734360761,-15.9128810145064));
#8629=CARTESIAN_POINT('Ctrl Pts',(124.792017246368,-47.6841734360761,-15.9128810145064));
#8630=CARTESIAN_POINT('Ctrl Pts',(125.042017246368,-47.1841734360761,-15.9128810145064));
#8631=CARTESIAN_POINT('Ctrl Pts',(124.542017246368,-47.1841734360761,-15.9128810145064));
#8632=CARTESIAN_POINT('Ctrl Pts',(124.542017246368,-47.6841734360761,-15.9128810145064));
#8633=CARTESIAN_POINT('Ctrl Pts',(125.042017246368,-47.1841734360761,-15.6628810145064));
#8634=CARTESIAN_POINT('Ctrl Pts',(124.542017246368,-47.1841734360761,-15.6628810145064));
#8635=CARTESIAN_POINT('Ctrl Pts',(124.542017246368,-47.6841734360761,-15.6628810145064));
#8636=CARTESIAN_POINT('',(124.792017246368,-47.6841734360761,-15.9128810145064));
#8637=CARTESIAN_POINT('',(124.542017246368,-47.6841734360761,-15.6628810145064));
#8638=CARTESIAN_POINT('Origin',(124.792017246368,-47.6841734360761,-15.6628810145064));
#8639=CARTESIAN_POINT('',(125.042017246368,-47.1841734360761,-15.6628810145064));
#8640=CARTESIAN_POINT('Origin',(125.042017246368,-47.6841734360761,-15.6628810145064));
#8641=CARTESIAN_POINT('',(125.042017246368,-47.4341734360761,-15.9128810145064));
#8642=CARTESIAN_POINT('Origin',(125.042017246368,-47.4341734360761,-15.6628810145064));
#8643=CARTESIAN_POINT('Origin',(125.042017246368,-47.6841734360761,-15.9128810145064));
#8644=CARTESIAN_POINT('Origin',(125.042017246368,-47.6841734360761,-15.5128810145064));
#8645=CARTESIAN_POINT('',(124.542017246368,-47.6841734360761,-15.5128810145064));
#8646=CARTESIAN_POINT('',(125.042017246368,-47.1841734360761,-15.5128810145064));
#8647=CARTESIAN_POINT('Origin',(125.042017246368,-47.6841734360761,-15.5128810145064));
#8648=CARTESIAN_POINT('',(125.042017246368,-47.1841734360761,-15.5128810145064));
#8649=CARTESIAN_POINT('',(124.542017246368,-47.6841734360761,-15.5128810145064));
#8650=CARTESIAN_POINT('Origin',(137.542017246368,-47.4341734360761,-15.6628810145064));
#8651=CARTESIAN_POINT('',(176.042017246368,-47.1841734360761,-15.6628810145064));
#8652=CARTESIAN_POINT('',(137.542017246368,-47.1841734360761,-15.6628810145064));
#8653=CARTESIAN_POINT('',(176.042017246368,-47.4341734360761,-15.9128810145064));
#8654=CARTESIAN_POINT('Origin',(176.042017246368,-47.4341734360761,-15.6628810145064));
#8655=CARTESIAN_POINT('',(137.542017246368,-47.4341734360761,-15.9128810145064));
#8656=CARTESIAN_POINT('Origin',(124.542017246368,-47.1841734360761,-15.5128810145064));
#8657=CARTESIAN_POINT('',(176.042017246368,-47.1841734360761,-15.5128810145064));
#8658=CARTESIAN_POINT('',(176.542017246368,-47.1841734360761,-15.5128810145064));
#8659=CARTESIAN_POINT('',(176.042017246368,-47.1841734360761,-15.5128810145064));
#8660=CARTESIAN_POINT('Origin',(150.542017246368,-63.2841734360761,-15.5128810145064));
#8661=CARTESIAN_POINT('',(124.542017246368,-78.8841734360761,-15.5128810145064));
#8662=CARTESIAN_POINT('',(124.542017246368,-47.1841734360761,-15.5128810145064));
#8663=CARTESIAN_POINT('',(125.042017246368,-79.3841734360761,-15.5128810145064));
#8664=CARTESIAN_POINT('Origin',(125.042017246368,-78.8841734360761,-15.5128810145064));
#8665=CARTESIAN_POINT('',(176.042017246368,-79.3841734360761,-15.5128810145064));
#8666=CARTESIAN_POINT('',(124.542017246368,-79.3841734360761,-15.5128810145064));
#8667=CARTESIAN_POINT('',(176.542017246368,-78.8841734360761,-15.5128810145064));
#8668=CARTESIAN_POINT('Origin',(176.042017246368,-78.8841734360761,-15.5128810145064));
#8669=CARTESIAN_POINT('',(176.542017246368,-47.6841734360761,-15.5128810145064));
#8670=CARTESIAN_POINT('',(176.542017246368,-79.3841734360761,-15.5128810145064));
#8671=CARTESIAN_POINT('Origin',(176.042017246368,-47.6841734360761,-15.5128810145064));
#8672=CARTESIAN_POINT('Ctrl Pts',(125.042017246368,-79.3841734360761,-15.6628810145064));
#8673=CARTESIAN_POINT('Ctrl Pts',(124.542017246368,-79.3841734360761,-15.6628810145064));
#8674=CARTESIAN_POINT('Ctrl Pts',(124.542017246368,-78.8841734360761,-15.6628810145064));
#8675=CARTESIAN_POINT('Ctrl Pts',(125.042017246368,-79.3841734360761,-15.9128810145064));
#8676=CARTESIAN_POINT('Ctrl Pts',(124.542017246368,-79.3841734360761,-15.9128810145064));
#8677=CARTESIAN_POINT('Ctrl Pts',(124.542017246368,-78.8841734360761,-15.9128810145064));
#8678=CARTESIAN_POINT('Ctrl Pts',(125.042017246368,-79.1341734360761,-15.9128810145064));
#8679=CARTESIAN_POINT('Ctrl Pts',(124.792017246368,-79.1341734360761,-15.9128810145064));
#8680=CARTESIAN_POINT('Ctrl Pts',(124.792017246368,-78.8841734360761,-15.9128810145064));
#8681=CARTESIAN_POINT('',(124.542017246368,-78.8841734360761,-15.6628810145064));
#8682=CARTESIAN_POINT('',(124.792017246368,-78.8841734360761,-15.9128810145064));
#8683=CARTESIAN_POINT('Origin',(124.792017246368,-78.8841734360761,-15.6628810145064));
#8684=CARTESIAN_POINT('',(125.042017246368,-79.1341734360761,-15.9128810145064));
#8685=CARTESIAN_POINT('Origin',(125.042017246368,-78.8841734360761,-15.9128810145064));
#8686=CARTESIAN_POINT('',(125.042017246368,-79.3841734360761,-15.6628810145064));
#8687=CARTESIAN_POINT('Origin',(125.042017246368,-79.1341734360761,-15.6628810145064));
#8688=CARTESIAN_POINT('Origin',(125.042017246368,-78.8841734360761,-15.6628810145064));
#8689=CARTESIAN_POINT('Origin',(125.042017246368,-78.8841734360761,-15.5128810145064));
#8690=CARTESIAN_POINT('',(124.542017246368,-78.8841734360761,-15.5128810145064));
#8691=CARTESIAN_POINT('',(125.042017246368,-79.3841734360761,-15.5128810145064));
#8692=CARTESIAN_POINT('Origin',(163.542017246368,-79.1341734360761,-15.6628810145064));
#8693=CARTESIAN_POINT('',(176.042017246368,-79.1341734360761,-15.9128810145064));
#8694=CARTESIAN_POINT('',(163.542017246368,-79.1341734360761,-15.9128810145064));
#8695=CARTESIAN_POINT('',(176.042017246368,-79.3841734360761,-15.6628810145064));
#8696=CARTESIAN_POINT('Origin',(176.042017246368,-79.1341734360761,-15.6628810145064));
#8697=CARTESIAN_POINT('',(163.542017246368,-79.3841734360761,-15.6628810145064));
#8698=CARTESIAN_POINT('Origin',(150.542017246368,-63.2841734360761,-15.9128810145064));
#8699=CARTESIAN_POINT('',(176.292017246368,-47.6841734360761,-15.9128810145064));
#8700=CARTESIAN_POINT('Origin',(176.042017246368,-47.6841734360761,-15.9128810145064));
#8701=CARTESIAN_POINT('',(176.292017246368,-78.8841734360761,-15.9128810145064));
#8702=CARTESIAN_POINT('',(176.292017246368,-55.2341734360761,-15.9128810145064));
#8703=CARTESIAN_POINT('Origin',(176.042017246368,-78.8841734360761,-15.9128810145064));
#8704=CARTESIAN_POINT('',(124.792017246368,-71.3341734360761,-15.9128810145064));
#8705=CARTESIAN_POINT('Origin',(124.792017246368,-71.3341734360761,-15.6628810145064));
#8706=CARTESIAN_POINT('',(124.542017246368,-71.3341734360761,-15.6628810145064));
#8707=CARTESIAN_POINT('Ctrl Pts',(176.042017246368,-79.1341734360761,-15.9128810145064));
#8708=CARTESIAN_POINT('Ctrl Pts',(176.292017246368,-79.1341734360761,-15.9128810145064));
#8709=CARTESIAN_POINT('Ctrl Pts',(176.292017246368,-78.8841734360761,-15.9128810145064));
#8710=CARTESIAN_POINT('Ctrl Pts',(176.042017246368,-79.3841734360761,-15.9128810145064));
#8711=CARTESIAN_POINT('Ctrl Pts',(176.542017246368,-79.3841734360761,-15.9128810145064));
#8712=CARTESIAN_POINT('Ctrl Pts',(176.542017246368,-78.8841734360761,-15.9128810145064));
#8713=CARTESIAN_POINT('Ctrl Pts',(176.042017246368,-79.3841734360761,-15.6628810145064));
#8714=CARTESIAN_POINT('Ctrl Pts',(176.542017246368,-79.3841734360761,-15.6628810145064));
#8715=CARTESIAN_POINT('Ctrl Pts',(176.542017246368,-78.8841734360761,-15.6628810145064));
#8716=CARTESIAN_POINT('',(176.542017246368,-78.8841734360761,-15.6628810145064));
#8717=CARTESIAN_POINT('Origin',(176.292017246368,-78.8841734360761,-15.6628810145064));
#8718=CARTESIAN_POINT('Origin',(176.042017246368,-78.8841734360761,-15.6628810145064));
#8719=CARTESIAN_POINT('Origin',(176.042017246368,-78.8841734360761,-15.5128810145064));
#8720=CARTESIAN_POINT('',(176.042017246368,-79.3841734360761,-15.5128810145064));
#8721=CARTESIAN_POINT('',(176.542017246368,-78.8841734360761,-15.5128810145064));
#8722=CARTESIAN_POINT('Origin',(176.542017246368,-79.3841734360761,-15.5128810145064));
#8723=CARTESIAN_POINT('Ctrl Pts',(176.292017246368,-47.6841734360761,-15.9128810145064));
#8724=CARTESIAN_POINT('Ctrl Pts',(176.292017246368,-47.4341734360761,-15.9128810145064));
#8725=CARTESIAN_POINT('Ctrl Pts',(176.042017246368,-47.4341734360761,-15.9128810145064));
#8726=CARTESIAN_POINT('Ctrl Pts',(176.542017246368,-47.6841734360761,-15.9128810145064));
#8727=CARTESIAN_POINT('Ctrl Pts',(176.542017246368,-47.1841734360761,-15.9128810145064));
#8728=CARTESIAN_POINT('Ctrl Pts',(176.042017246368,-47.1841734360761,-15.9128810145064));
#8729=CARTESIAN_POINT('Ctrl Pts',(176.542017246368,-47.6841734360761,-15.6628810145064));
#8730=CARTESIAN_POINT('Ctrl Pts',(176.542017246368,-47.1841734360761,-15.6628810145064));
#8731=CARTESIAN_POINT('Ctrl Pts',(176.042017246368,-47.1841734360761,-15.6628810145064));
#8732=CARTESIAN_POINT('',(176.542017246368,-47.6841734360761,-15.6628810145064));
#8733=CARTESIAN_POINT('Origin',(176.042017246368,-47.6841734360761,-15.6628810145064));
#8734=CARTESIAN_POINT('Origin',(176.292017246368,-47.6841734360761,-15.6628810145064));
#8735=CARTESIAN_POINT('Origin',(176.042017246368,-47.6841734360761,-15.5128810145064));
#8736=CARTESIAN_POINT('',(176.542017246368,-47.6841734360761,-15.5128810145064));
#8737=CARTESIAN_POINT('Origin',(176.292017246368,-55.2341734360761,-15.6628810145064));
#8738=CARTESIAN_POINT('',(176.542017246368,-55.2341734360761,-15.6628810145064));
#8739=CARTESIAN_POINT('Origin',(124.542017246368,-79.3841734360761,-15.5128810145064));
#8740=CARTESIAN_POINT('Origin',(176.542017246368,-47.1841734360761,-15.5128810145064));
#8741=CARTESIAN_POINT('Origin',(200.917426917583,-79.1341734360761,-14.5528810145064));
#8742=CARTESIAN_POINT('',(176.793655931228,-79.1341734360761,-14.8028810145064));
#8743=CARTESIAN_POINT('',(208.792017246368,-79.1341734360761,-14.8028810145064));
#8744=CARTESIAN_POINT('',(200.917426917583,-79.1341734360761,-14.8028810145064));
#8745=CARTESIAN_POINT('',(209.042017246368,-79.3841734360761,-14.5528810145064));
#8746=CARTESIAN_POINT('Origin',(208.792017246368,-79.1341734360761,-14.5528810145064));
#8747=CARTESIAN_POINT('',(176.543655931228,-79.3841734360761,-14.5528810145064));
#8748=CARTESIAN_POINT('',(200.917426917583,-79.3841734360761,-14.5528810145064));
#8749=CARTESIAN_POINT('Origin',(176.793655931228,-79.1341734360761,-14.5528810145064));
#8750=CARTESIAN_POINT('Origin',(208.792017246368,-55.2341734360761,-14.5528810145064));
#8751=CARTESIAN_POINT('',(208.792017246368,-47.4341734360761,-14.8028810145064));
#8752=CARTESIAN_POINT('',(208.792017246368,-55.2341734360761,-14.8028810145064));
#8753=CARTESIAN_POINT('',(209.042017246368,-47.1841734360761,-14.5528810145064));
#8754=CARTESIAN_POINT('Origin',(208.792017246368,-47.4341734360761,-14.5528810145064));
#8755=CARTESIAN_POINT('',(209.042017246368,-55.2341734360761,-14.5528810145064));
#8756=CARTESIAN_POINT('Origin',(184.668246260013,-47.4341734360761,-14.5528810145064));
#8757=CARTESIAN_POINT('',(176.793655931228,-47.4341734360761,-14.8028810145064));
#8758=CARTESIAN_POINT('',(184.668246260013,-47.4341734360761,-14.8028810145064));
#8759=CARTESIAN_POINT('',(176.543655931228,-47.1841734360761,-14.5528810145064));
#8760=CARTESIAN_POINT('Origin',(176.793655931228,-47.4341734360761,-14.5528810145064));
#8761=CARTESIAN_POINT('',(184.668246260013,-47.1841734360761,-14.5528810145064));
#8762=CARTESIAN_POINT('Origin',(176.793655931228,-71.3341734360761,-14.5528810145064));
#8763=CARTESIAN_POINT('',(176.543655931228,-71.3341734360761,-14.5528810145064));
#8764=CARTESIAN_POINT('',(176.793655931228,-71.3341734360761,-14.8028810145064));
#8765=CARTESIAN_POINT('Origin',(176.543655931228,-79.3841734360761,-14.3028810145064));
#8766=CARTESIAN_POINT('',(176.543655931228,-79.3841734360761,-14.3028810145064));
#8767=CARTESIAN_POINT('',(176.543655931228,-79.3841734360761,-14.3028810145064));
#8768=CARTESIAN_POINT('',(176.543655931228,-47.1841734360761,-14.3028810145064));
#8769=CARTESIAN_POINT('',(176.543655931228,-79.3841734360761,-14.3028810145064));
#8770=CARTESIAN_POINT('',(176.543655931228,-47.1841734360761,-14.3028810145064));
#8771=CARTESIAN_POINT('Origin',(209.042017246368,-79.3841734360761,-14.3028810145064));
#8772=CARTESIAN_POINT('',(209.042017246368,-79.3841734360761,-14.3028810145064));
#8773=CARTESIAN_POINT('',(209.042017246368,-79.3841734360761,-14.3028810145064));
#8774=CARTESIAN_POINT('',(209.042017246368,-79.3841734360761,-14.3028810145064));
#8775=CARTESIAN_POINT('Origin',(192.792836588798,-63.2841734360761,-14.8028810145064));
#8776=CARTESIAN_POINT('Origin',(209.042017246368,-47.1841734360761,-14.3028810145064));
#8777=CARTESIAN_POINT('',(209.042017246368,-47.1841734360761,-14.3028810145064));
#8778=CARTESIAN_POINT('',(209.042017246368,-47.1841734360761,-14.3028810145064));
#8779=CARTESIAN_POINT('',(209.042017246368,-47.1841734360761,-14.3028810145064));
#8780=CARTESIAN_POINT('Origin',(176.543655931228,-47.1841734360761,-14.3028810145064));
#8781=CARTESIAN_POINT('',(176.542017246368,-47.1841734360761,-14.3028810145064));
#8782=CARTESIAN_POINT('Origin',(192.792836588798,-63.2841734360761,-14.3028810145064));
#8783=CARTESIAN_POINT('Origin',(125.588923626442,-78.178639143851,-8.46433012099267));
#8784=CARTESIAN_POINT('',(125.588923626442,-49.178639143851,-8.46433012099267));
#8785=CARTESIAN_POINT('',(125.588923626442,-78.178639143851,-8.46433012099267));
#8786=CARTESIAN_POINT('',(125.588923626442,-49.178639143851,-8.46433012099267));
#8787=CARTESIAN_POINT('',(125.588923626442,-49.178639143851,-15.4643301209927));
#8788=CARTESIAN_POINT('',(125.588923626442,-49.178639143851,-8.46433012099267));
#8789=CARTESIAN_POINT('',(125.588923626442,-78.178639143851,-15.4643301209927));
#8790=CARTESIAN_POINT('',(125.588923626442,-49.178639143851,-15.4643301209927));
#8791=CARTESIAN_POINT('',(125.588923626442,-78.178639143851,-8.46433012099267));
#8792=CARTESIAN_POINT('Origin',(175.588923626442,-78.178639143851,-8.46433012099267));
#8793=CARTESIAN_POINT('',(175.588923626442,-78.178639143851,-8.46433012099267));
#8794=CARTESIAN_POINT('',(125.588923626442,-78.178639143851,-8.46433012099267));
#8795=CARTESIAN_POINT('',(175.588923626442,-78.178639143851,-15.4643301209927));
#8796=CARTESIAN_POINT('',(125.588923626442,-78.178639143851,-15.4643301209927));
#8797=CARTESIAN_POINT('',(175.588923626442,-78.178639143851,-8.46433012099267));
#8798=CARTESIAN_POINT('Origin',(175.588923626442,-49.178639143851,-8.46433012099267));
#8799=CARTESIAN_POINT('',(175.588923626442,-49.178639143851,-8.46433012099267));
#8800=CARTESIAN_POINT('',(175.588923626442,-78.178639143851,-8.46433012099267));
#8801=CARTESIAN_POINT('',(175.588923626442,-49.178639143851,-15.4643301209927));
#8802=CARTESIAN_POINT('',(175.588923626442,-78.178639143851,-15.4643301209927));
#8803=CARTESIAN_POINT('',(175.588923626442,-49.178639143851,-8.46433012099267));
#8804=CARTESIAN_POINT('Origin',(125.588923626442,-49.178639143851,-8.46433012099267));
#8805=CARTESIAN_POINT('',(175.588923626442,-49.178639143851,-8.46433012099267));
#8806=CARTESIAN_POINT('',(175.588923626442,-49.178639143851,-15.4643301209927));
#8807=CARTESIAN_POINT('Origin',(150.588923626442,-63.678639143851,-15.4643301209927));
#8808=CARTESIAN_POINT('Origin',(150.588923626442,-63.678639143851,-8.46433012099267));
#8809=CARTESIAN_POINT('Origin',(172.809017246368,-80.4843237057381,11.096299036548));
#8810=CARTESIAN_POINT('',(172.809017246368,-80.4843237057381,13.329299036548));
#8811=CARTESIAN_POINT('',(172.809017246368,-79.6843237057381,14.129299036548));
#8812=CARTESIAN_POINT('Origin',(172.809017246368,-80.4843237057381,14.129299036548));
#8813=CARTESIAN_POINT('',(175.842017246368,-79.6843237057381,11.096299036548));
#8814=CARTESIAN_POINT('Origin',(172.809017246368,-79.6843237057381,11.096299036548));
#8815=CARTESIAN_POINT('',(175.042017246368,-80.4843237057381,11.096299036548));
#8816=CARTESIAN_POINT('Origin',(175.842017246368,-80.4843237057381,11.096299036548));
#8817=CARTESIAN_POINT('Origin',(172.809017246368,-80.4843237057381,11.096299036548));
#8818=CARTESIAN_POINT('Origin',(175.842017246368,-80.4843237057381,2.760149518274));
#8819=CARTESIAN_POINT('',(175.842017246368,-79.6843237057381,-5.037700963452));
#8820=CARTESIAN_POINT('',(175.042017246368,-80.4843237057381,-5.037700963452));
#8821=CARTESIAN_POINT('Origin',(175.842017246368,-80.4843237057381,-5.037700963452));
#8822=CARTESIAN_POINT('',(175.042017246368,-80.4843237057381,2.760149518274));
#8823=CARTESIAN_POINT('',(175.842017246368,-79.6843237057381,2.760149518274));
#8824=CARTESIAN_POINT('Origin',(172.809017246368,-80.4843237057381,-5.037700963452));
#8825=CARTESIAN_POINT('',(172.809017246368,-79.6843237057381,-8.070700963452));
#8826=CARTESIAN_POINT('',(172.809017246368,-80.4843237057381,-7.270700963452));
#8827=CARTESIAN_POINT('Origin',(172.809017246368,-80.4843237057381,-8.070700963452));
#8828=CARTESIAN_POINT('Origin',(172.809017246368,-80.4843237057381,-5.037700963452));
#8829=CARTESIAN_POINT('Origin',(172.809017246368,-79.6843237057381,-5.037700963452));
#8830=CARTESIAN_POINT('Origin',(150.042017246368,-80.4843237057381,-8.070700963452));
#8831=CARTESIAN_POINT('',(127.974792166427,-79.6843237057381,-8.070700963452));
#8832=CARTESIAN_POINT('',(127.974792166427,-80.4843237057381,-7.270700963452));
#8833=CARTESIAN_POINT('Origin',(127.974792166427,-80.4843237057381,-8.070700963452));
#8834=CARTESIAN_POINT('',(150.042017246368,-80.4843237057381,-7.270700963452));
#8835=CARTESIAN_POINT('',(150.042017246368,-79.6843237057381,-8.070700963452));
#8836=CARTESIAN_POINT('Origin',(127.974792166427,-80.4843237057381,-5.037700963452));
#8837=CARTESIAN_POINT('',(125.042017246368,-79.6843237057381,-5.81095400630029));
#8838=CARTESIAN_POINT('',(125.815581353209,-80.4843237057381,-5.60699672496873));
#8839=CARTESIAN_POINT('Origin',(125.042017246368,-80.4843237057381,-5.81095400630029));
#8840=CARTESIAN_POINT('Origin',(127.974792166427,-80.4843237057381,-5.037700963452));
#8841=CARTESIAN_POINT('Origin',(127.974792166427,-79.6843237057381,-5.037700963452));
#8842=CARTESIAN_POINT('Origin',(127.974792166427,-80.4843237057381,11.096299036548));
#8843=CARTESIAN_POINT('',(125.815581353209,-80.4843237057381,11.6655947980646));
#8844=CARTESIAN_POINT('',(125.042017246368,-79.6843237057381,11.8695520793962));
#8845=CARTESIAN_POINT('Origin',(125.042017246368,-80.4843237057381,11.8695520793962));
#8846=CARTESIAN_POINT('',(127.974792166427,-79.6843237057381,14.129299036548));
#8847=CARTESIAN_POINT('Origin',(127.974792166427,-79.6843237057381,11.096299036548));
#8848=CARTESIAN_POINT('',(127.974792166427,-80.4843237057381,13.329299036548));
#8849=CARTESIAN_POINT('Origin',(127.974792166427,-80.4843237057381,14.129299036548));
#8850=CARTESIAN_POINT('Origin',(127.974792166427,-80.4843237057381,11.096299036548));
#8851=CARTESIAN_POINT('Origin',(125.391904706398,-80.4843237057381,14.129299036548));
#8852=CARTESIAN_POINT('',(125.391904706398,-79.6843237057381,14.129299036548));
#8853=CARTESIAN_POINT('',(125.391904706398,-80.4843237057381,13.329299036548));
#8854=CARTESIAN_POINT('Origin',(127.974792166427,-80.4843237057381,-5.037700963452));
#8855=CARTESIAN_POINT('',(125.042017246368,-79.690626702247,-5.037700963452));
#8856=CARTESIAN_POINT('Ctrl Pts',(125.042017246368,-79.6843237057381,-5.81095400630029));
#8857=CARTESIAN_POINT('Ctrl Pts',(125.042017246368,-79.6843237057381,-5.73928759459509));
#8858=CARTESIAN_POINT('Ctrl Pts',(125.042017246368,-79.6850791889288,-5.65329121896683));
#8859=CARTESIAN_POINT('Ctrl Pts',(125.042017246368,-79.6878503040182,-5.41165362503575));
#8860=CARTESIAN_POINT('Ctrl Pts',(125.042017246368,-79.690626702247,-5.20768803481634));
#8861=CARTESIAN_POINT('Ctrl Pts',(125.042017246368,-79.690626702247,-5.037700963452));
#8862=CARTESIAN_POINT('',(125.741792166427,-80.4843237057381,-5.037700963452));
#8863=CARTESIAN_POINT('Origin',(124.941792166427,-80.4843237057381,-5.037700963452));
#8864=CARTESIAN_POINT('Origin',(127.974792166427,-80.4843237057381,-5.037700963452));
#8865=CARTESIAN_POINT('Origin',(127.974792166427,-80.4843237057381,11.096299036548));
#8866=CARTESIAN_POINT('',(125.042017246368,-79.690626702247,11.096299036548));
#8867=CARTESIAN_POINT('Ctrl Pts',(125.042017246368,-79.690626702247,11.096299036548));
#8868=CARTESIAN_POINT('Ctrl Pts',(125.042017246368,-79.690626702247,11.2662861079123));
#8869=CARTESIAN_POINT('Ctrl Pts',(125.042017246368,-79.6878503040182,11.4702516981317));
#8870=CARTESIAN_POINT('Ctrl Pts',(125.042017246368,-79.6850791889288,11.7118892920627));
#8871=CARTESIAN_POINT('Ctrl Pts',(125.042017246368,-79.6843237057381,11.797885667691));
#8872=CARTESIAN_POINT('Ctrl Pts',(125.042017246368,-79.6843237057381,11.8695520793962));
#8873=CARTESIAN_POINT('',(125.741792166427,-80.4843237057381,11.096299036548));
#8874=CARTESIAN_POINT('Origin',(127.974792166427,-80.4843237057381,11.096299036548));
#8875=CARTESIAN_POINT('Origin',(124.941792166427,-80.4843237057381,11.096299036548));
#8876=CARTESIAN_POINT('Origin',(124.941792166427,-80.4843237057381,-7.539850481726));
#8877=CARTESIAN_POINT('',(125.042017246368,-79.690626702247,-7.539850481726));
#8878=CARTESIAN_POINT('',(125.741792166427,-80.4843237057381,-7.539850481726));
#8879=CARTESIAN_POINT('Origin',(127.974792166427,-80.6843237057382,-5.037700963452));
#8880=CARTESIAN_POINT('',(125.741792166427,-89.1843237057381,-5.037700963452));
#8881=CARTESIAN_POINT('',(125.741792166427,-80.6843237057382,-5.037700963452));
#8882=CARTESIAN_POINT('',(127.974792166427,-89.1843237057381,-7.270700963452));
#8883=CARTESIAN_POINT('Origin',(127.974792166427,-89.1843237057381,-5.037700963452));
#8884=CARTESIAN_POINT('',(127.974792166427,-80.6843237057382,-7.270700963452));
#8885=CARTESIAN_POINT('Origin',(125.741792166427,-80.6843237057382,-7.270700963452));
#8886=CARTESIAN_POINT('',(125.741792166427,-89.1843237057381,11.096299036548));
#8887=CARTESIAN_POINT('',(125.741792166427,-80.6843237057382,11.096299036548));
#8888=CARTESIAN_POINT('',(125.741792166427,-89.1843237057381,-2.11233334845371));
#8889=CARTESIAN_POINT('Origin',(127.974792166427,-80.6843237057382,11.096299036548));
#8890=CARTESIAN_POINT('',(127.974792166427,-89.1843237057381,13.329299036548));
#8891=CARTESIAN_POINT('',(127.974792166427,-80.6843237057382,13.329299036548));
#8892=CARTESIAN_POINT('Origin',(127.974792166427,-89.1843237057381,11.096299036548));
#8893=CARTESIAN_POINT('Origin',(125.042017246368,-79.6843237057381,-7.809));
#8894=CARTESIAN_POINT('',(125.042017246368,-79.6843237057381,15.241));
#8895=CARTESIAN_POINT('',(125.042017246368,-79.6843237057381,-7.809));
#8896=CARTESIAN_POINT('',(208.542017246368,-79.6843237057381,15.241));
#8897=CARTESIAN_POINT('',(208.542017246368,-79.6843237057381,15.241));
#8898=CARTESIAN_POINT('',(208.542017246368,-79.6843237057381,-8.309));
#8899=CARTESIAN_POINT('',(208.542017246368,-79.6843237057381,-7.809));
#8900=CARTESIAN_POINT('',(125.042017246368,-79.6843237057381,-8.309));
#8901=CARTESIAN_POINT('',(208.542017246368,-79.6843237057381,-8.309));
#8902=CARTESIAN_POINT('',(125.042017246368,-79.6843237057381,-7.809));
#8903=CARTESIAN_POINT('Origin',(173.508711706881,-81.4843237057381,-5.826));
#8904=CARTESIAN_POINT('',(174.79107118551,-81.4843237057381,-7.65407088691065));
#8905=CARTESIAN_POINT('',(175.250492404902,-80.6843237057382,-8.309));
#8906=CARTESIAN_POINT('Origin',(175.250492404902,-81.4843237057381,-8.309));
#8907=CARTESIAN_POINT('',(176.541711706881,-80.6843237057382,-5.826));
#8908=CARTESIAN_POINT('Origin',(173.508711706881,-80.6843237057382,-5.826));
#8909=CARTESIAN_POINT('',(175.741711706881,-81.4843237057381,-5.826));
#8910=CARTESIAN_POINT('Origin',(176.541711706881,-81.4843237057381,-5.826));
#8911=CARTESIAN_POINT('Origin',(173.508711706881,-81.4843237057381,-5.826));
#8912=CARTESIAN_POINT('Origin',(176.541711706881,-81.4843237057381,-7.934));
#8913=CARTESIAN_POINT('',(176.541711706881,-80.6843237057382,11.9180685330892));
#8914=CARTESIAN_POINT('',(175.741711706881,-81.4843237057381,11.9180685330892));
#8915=CARTESIAN_POINT('Origin',(176.541711706881,-81.4843237057381,11.9180685330892));
#8916=CARTESIAN_POINT('',(175.741711706881,-81.4843237057381,-7.934));
#8917=CARTESIAN_POINT('',(176.541711706881,-80.6843237057382,-7.934));
#8918=CARTESIAN_POINT('Origin',(173.508711706881,-81.4843237057381,11.9180685330892));
#8919=CARTESIAN_POINT('',(173.508711706881,-80.6843237057382,14.9510685330892));
#8920=CARTESIAN_POINT('',(173.508711706881,-81.4843237057381,14.1510685330892));
#8921=CARTESIAN_POINT('Origin',(173.508711706881,-81.4843237057381,14.9510685330892));
#8922=CARTESIAN_POINT('Origin',(173.508711706881,-81.4843237057381,11.9180685330892));
#8923=CARTESIAN_POINT('Origin',(173.508711706881,-80.6843237057382,11.9180685330892));
#8924=CARTESIAN_POINT('Origin',(192.141864476625,-81.4843237057381,14.9510685330892));
#8925=CARTESIAN_POINT('',(127.275017246368,-80.6843237057382,14.9510685330892));
#8926=CARTESIAN_POINT('',(127.275017246368,-81.4843237057381,14.1510685330892));
#8927=CARTESIAN_POINT('Origin',(127.275017246368,-81.4843237057381,14.9510685330892));
#8928=CARTESIAN_POINT('',(192.141864476625,-81.4843237057381,14.1510685330892));
#8929=CARTESIAN_POINT('',(192.141864476625,-80.6843237057382,14.9510685330892));
#8930=CARTESIAN_POINT('Origin',(127.275017246368,-81.4843237057381,11.9180685330892));
#8931=CARTESIAN_POINT('',(125.042017246368,-80.6843237057382,13.970579190796));
#8932=CARTESIAN_POINT('',(125.042017246368,-81.4843237057381,11.9180685330892));
#8933=CARTESIAN_POINT('Ctrl Pts',(125.042017246368,-80.6843237057382,13.970579190796));
#8934=CARTESIAN_POINT('Ctrl Pts',(125.042017246368,-80.6843237057382,13.7100252945831));
#8935=CARTESIAN_POINT('Ctrl Pts',(125.042017246368,-80.7539766787722,13.4052177116308));
#8936=CARTESIAN_POINT('Ctrl Pts',(125.042017246368,-80.9919187353495,12.7478243156186));
#8937=CARTESIAN_POINT('Ctrl Pts',(125.042017246368,-81.2590795294595,12.2943847542875));
#8938=CARTESIAN_POINT('Ctrl Pts',(125.042017246368,-81.4843237057381,11.9180685330892));
#8939=CARTESIAN_POINT('Origin',(127.275017246368,-81.4843237057381,11.9180685330892));
#8940=CARTESIAN_POINT('Origin',(127.275017246368,-80.6843237057382,11.9180685330892));
#8941=CARTESIAN_POINT('Origin',(173.508711706881,-81.4843237057381,-5.826));
#8942=CARTESIAN_POINT('',(173.508711706881,-80.903376203807,-8.309));
#8943=CARTESIAN_POINT('Ctrl Pts',(173.508711706881,-80.903376203807,-8.309));
#8944=CARTESIAN_POINT('Ctrl Pts',(173.873864766135,-80.903376203807,-8.309));
#8945=CARTESIAN_POINT('Ctrl Pts',(174.300027498142,-80.8014436012104,-8.309));
#8946=CARTESIAN_POINT('Ctrl Pts',(174.843361762622,-80.7104053940787,-8.309));
#8947=CARTESIAN_POINT('Ctrl Pts',(175.064737052425,-80.6843237057382,-8.309));
#8948=CARTESIAN_POINT('Ctrl Pts',(175.250492404902,-80.6843237057382,-8.309));
#8949=CARTESIAN_POINT('',(173.508711706881,-81.4843237057381,-8.059));
#8950=CARTESIAN_POINT('Origin',(173.508711706881,-81.4843237057381,-5.826));
#8951=CARTESIAN_POINT('Origin',(173.508711706881,-81.4843237057381,-8.859));
#8952=CARTESIAN_POINT('Origin',(127.275017246368,-81.4843237057381,-5.826));
#8953=CARTESIAN_POINT('',(125.533236548347,-80.6843237057382,-8.309));
#8954=CARTESIAN_POINT('',(125.992657767739,-81.4843237057381,-7.65407088691065));
#8955=CARTESIAN_POINT('Origin',(125.533236548347,-81.4843237057381,-8.309));
#8956=CARTESIAN_POINT('',(125.042017246368,-81.4843237057381,-5.826));
#8957=CARTESIAN_POINT('Origin',(127.275017246368,-81.4843237057381,-5.826));
#8958=CARTESIAN_POINT('',(125.042017246368,-80.6843237057382,-7.87851065770682));
#8959=CARTESIAN_POINT('Ctrl Pts',(125.042017246368,-81.4843237057381,-5.826));
#8960=CARTESIAN_POINT('Ctrl Pts',(125.042017246368,-81.2590795294595,-6.20231622119837));
#8961=CARTESIAN_POINT('Ctrl Pts',(125.042017246368,-80.9919187353495,-6.65575578252943));
#8962=CARTESIAN_POINT('Ctrl Pts',(125.042017246368,-80.7539766787722,-7.31314917854165));
#8963=CARTESIAN_POINT('Ctrl Pts',(125.042017246368,-80.6843237057382,-7.6179567614939));
#8964=CARTESIAN_POINT('Ctrl Pts',(125.042017246368,-80.6843237057382,-7.8785106577068));
#8965=CARTESIAN_POINT('Origin',(127.275017246368,-80.6843237057382,-5.826));
#8966=CARTESIAN_POINT('Origin',(127.275017246368,-81.4843237057381,-5.826));
#8967=CARTESIAN_POINT('',(127.275017246368,-80.903376203807,-8.309));
#8968=CARTESIAN_POINT('Ctrl Pts',(125.533236548347,-80.6843237057382,-8.309));
#8969=CARTESIAN_POINT('Ctrl Pts',(125.718991900824,-80.6843237057382,-8.309));
#8970=CARTESIAN_POINT('Ctrl Pts',(125.940367190627,-80.7104053940787,-8.309));
#8971=CARTESIAN_POINT('Ctrl Pts',(126.483701455108,-80.8014436012104,-8.309));
#8972=CARTESIAN_POINT('Ctrl Pts',(126.909864187114,-80.903376203807,-8.309));
#8973=CARTESIAN_POINT('Ctrl Pts',(127.275017246368,-80.903376203807,-8.309));
#8974=CARTESIAN_POINT('',(127.275017246368,-81.4843237057381,-8.059));
#8975=CARTESIAN_POINT('Origin',(127.275017246368,-81.4843237057381,-8.859));
#8976=CARTESIAN_POINT('Origin',(127.275017246368,-81.4843237057381,-5.826));
#8977=CARTESIAN_POINT('Origin',(166.792017246368,-81.4843237057381,-8.859));
#8978=CARTESIAN_POINT('',(166.792017246368,-80.903376203807,-8.309));
#8979=CARTESIAN_POINT('',(166.792017246368,-81.4843237057381,-8.059));
#8980=CARTESIAN_POINT('Origin',(208.542017246368,-80.6843237057382,-7.809));
#8981=CARTESIAN_POINT('',(125.042017246368,-80.6843237057382,-8.309));
#8982=CARTESIAN_POINT('',(125.042017246368,-80.6843237057382,-7.809));
#8983=CARTESIAN_POINT('',(187.667017246368,-80.6843237057382,-8.309));
#8984=CARTESIAN_POINT('Origin',(208.542017246368,-80.6843237057382,-7.809));
#8985=CARTESIAN_POINT('',(208.542017246368,-80.6843237057382,-8.309));
#8986=CARTESIAN_POINT('',(187.667017246368,-80.6843237057382,-8.309));
#8987=CARTESIAN_POINT('',(208.542017246368,-80.6843237057382,15.241));
#8988=CARTESIAN_POINT('',(208.542017246368,-80.6843237057382,-7.809));
#8989=CARTESIAN_POINT('',(125.042017246368,-80.6843237057382,15.241));
#8990=CARTESIAN_POINT('',(209.542017246368,-80.6843237057382,15.241));
#8991=CARTESIAN_POINT('',(125.042017246368,-80.6843237057382,-7.809));
#8992=CARTESIAN_POINT('Origin',(162.716940861496,-89.1843237057381,-6.270700963452));
#8993=CARTESIAN_POINT('',(172.809017246368,-90.1843237057381,-6.270700963452));
#8994=CARTESIAN_POINT('',(172.809017246368,-89.1843237057381,-7.270700963452));
#8995=CARTESIAN_POINT('Origin',(172.809017246368,-89.1843237057381,-6.270700963452));
#8996=CARTESIAN_POINT('',(162.716940861496,-89.1843237057381,-7.270700963452));
#8997=CARTESIAN_POINT('',(127.974792166427,-90.1843237057381,-6.270700963452));
#8998=CARTESIAN_POINT('Origin',(127.974792166427,-89.1843237057381,-6.270700963452));
#8999=CARTESIAN_POINT('',(162.716940861496,-90.1843237057381,-6.270700963452));
#9000=CARTESIAN_POINT('Origin',(127.974792166427,-89.1843237057381,-5.037700963452));
#9001=CARTESIAN_POINT('',(126.741792166427,-90.1843237057381,-5.037700963452));
#9002=CARTESIAN_POINT('Origin',(126.741792166427,-89.1843237057381,-5.037700963452));
#9003=CARTESIAN_POINT('Origin',(127.974792166427,-90.1843237057381,-5.037700963452));
#9004=CARTESIAN_POINT('Origin',(126.741792166427,-89.1843237057381,-2.11233334845371));
#9005=CARTESIAN_POINT('',(126.741792166427,-90.1843237057381,11.096299036548));
#9006=CARTESIAN_POINT('Origin',(126.741792166427,-89.1843237057381,11.096299036548));
#9007=CARTESIAN_POINT('',(126.741792166427,-90.1843237057381,-2.11233334845371));
#9008=CARTESIAN_POINT('Origin',(127.974792166427,-89.1843237057381,11.096299036548));
#9009=CARTESIAN_POINT('',(127.974792166427,-90.1843237057381,12.329299036548));
#9010=CARTESIAN_POINT('Origin',(127.974792166427,-89.1843237057381,12.329299036548));
#9011=CARTESIAN_POINT('Origin',(127.974792166427,-90.1843237057381,11.096299036548));
#9012=CARTESIAN_POINT('Origin',(138.066828321526,-89.1843237057381,12.329299036548));
#9013=CARTESIAN_POINT('',(172.809017246368,-89.1843237057381,13.329299036548));
#9014=CARTESIAN_POINT('',(172.809017246368,-90.1843237057381,12.329299036548));
#9015=CARTESIAN_POINT('Origin',(172.809017246368,-89.1843237057381,12.329299036548));
#9016=CARTESIAN_POINT('',(138.066828321526,-90.1843237057381,12.329299036548));
#9017=CARTESIAN_POINT('',(138.066828321526,-89.1843237057381,13.329299036548));
#9018=CARTESIAN_POINT('Origin',(172.809017246368,-89.1843237057381,11.096299036548));
#9019=CARTESIAN_POINT('',(175.042017246368,-89.1843237057381,11.096299036548));
#9020=CARTESIAN_POINT('',(174.042017246368,-90.1843237057381,11.096299036548));
#9021=CARTESIAN_POINT('Origin',(174.042017246368,-89.1843237057381,11.096299036548));
#9022=CARTESIAN_POINT('Origin',(172.809017246368,-90.1843237057381,11.096299036548));
#9023=CARTESIAN_POINT('Origin',(172.809017246368,-89.1843237057381,11.096299036548));
#9024=CARTESIAN_POINT('Origin',(174.042017246368,-89.1843237057381,8.18766665154629));
#9025=CARTESIAN_POINT('',(175.042017246368,-89.1843237057381,-5.037700963452));
#9026=CARTESIAN_POINT('',(174.042017246368,-90.1843237057381,-5.037700963452));
#9027=CARTESIAN_POINT('Origin',(174.042017246368,-89.1843237057381,-5.037700963452));
#9028=CARTESIAN_POINT('',(174.042017246368,-90.1843237057381,8.18766665154629));
#9029=CARTESIAN_POINT('',(175.042017246368,-89.1843237057381,8.18766665154629));
#9030=CARTESIAN_POINT('Origin',(172.809017246368,-89.1843237057381,-5.037700963452));
#9031=CARTESIAN_POINT('Origin',(172.809017246368,-90.1843237057381,-5.037700963452));
#9032=CARTESIAN_POINT('Origin',(172.809017246368,-89.1843237057381,-5.037700963452));
#9033=CARTESIAN_POINT('Origin',(175.042017246368,-80.6843237057382,-7.270700963452));
#9034=CARTESIAN_POINT('',(172.809017246368,-80.6843237057382,-7.270700963452));
#9035=CARTESIAN_POINT('Origin',(150.391864476625,-90.1843237057381,3.04603426654458));
#9036=CARTESIAN_POINT('Origin',(127.275017246368,-89.6843237057382,11.9180685330892));
#9037=CARTESIAN_POINT('',(125.042017246368,-89.6843237057382,11.9180685330892));
#9038=CARTESIAN_POINT('',(126.042017246368,-90.6843237057382,11.9180685330892));
#9039=CARTESIAN_POINT('Origin',(126.042017246368,-89.6843237057382,11.9180685330892));
#9040=CARTESIAN_POINT('',(127.275017246368,-90.6843237057382,13.1510685330892));
#9041=CARTESIAN_POINT('Origin',(127.275017246368,-90.6843237057382,11.9180685330892));
#9042=CARTESIAN_POINT('',(127.275017246368,-89.6843237057382,14.1510685330892));
#9043=CARTESIAN_POINT('Origin',(127.275017246368,-89.6843237057382,13.1510685330892));
#9044=CARTESIAN_POINT('Origin',(127.275017246368,-89.6843237057382,11.9180685330892));
#9045=CARTESIAN_POINT('Origin',(163.066788091753,-89.6843237057382,13.1510685330892));
#9046=CARTESIAN_POINT('',(173.508711706881,-90.6843237057382,13.1510685330892));
#9047=CARTESIAN_POINT('',(173.508711706881,-89.6843237057382,14.1510685330892));
#9048=CARTESIAN_POINT('Origin',(173.508711706881,-89.6843237057382,13.1510685330892));
#9049=CARTESIAN_POINT('',(163.066788091753,-89.6843237057382,14.1510685330892));
#9050=CARTESIAN_POINT('',(163.066788091753,-90.6843237057382,13.1510685330892));
#9051=CARTESIAN_POINT('Origin',(173.508711706881,-89.6843237057382,11.9180685330892));
#9052=CARTESIAN_POINT('',(174.741711706881,-90.6843237057382,11.9180685330892));
#9053=CARTESIAN_POINT('',(175.741711706881,-89.6843237057382,11.9180685330892));
#9054=CARTESIAN_POINT('Origin',(174.741711706881,-89.6843237057382,11.9180685330892));
#9055=CARTESIAN_POINT('Origin',(173.508711706881,-89.6843237057382,11.9180685330892));
#9056=CARTESIAN_POINT('Origin',(173.508711706881,-90.6843237057382,11.9180685330892));
#9057=CARTESIAN_POINT('Origin',(174.741711706881,-89.6843237057382,-2.50648286672771));
#9058=CARTESIAN_POINT('',(174.741711706881,-90.6843237057382,-5.826));
#9059=CARTESIAN_POINT('',(175.741711706881,-89.6843237057382,-5.826));
#9060=CARTESIAN_POINT('Origin',(174.741711706881,-89.6843237057382,-5.826));
#9061=CARTESIAN_POINT('',(175.741711706881,-89.6843237057382,-2.50648286672771));
#9062=CARTESIAN_POINT('',(174.741711706881,-90.6843237057382,-2.50648286672771));
#9063=CARTESIAN_POINT('Origin',(173.508711706881,-89.6843237057382,-5.826));
#9064=CARTESIAN_POINT('',(173.508711706881,-90.6843237057382,-7.059));
#9065=CARTESIAN_POINT('',(173.508711706881,-89.6843237057382,-8.059));
#9066=CARTESIAN_POINT('Origin',(173.508711706881,-89.6843237057382,-7.059));
#9067=CARTESIAN_POINT('Origin',(173.508711706881,-89.6843237057382,-5.826));
#9068=CARTESIAN_POINT('Origin',(173.508711706881,-90.6843237057382,-5.826));
#9069=CARTESIAN_POINT('Origin',(137.716940861496,-89.6843237057382,-7.059));
#9070=CARTESIAN_POINT('',(127.275017246368,-90.6843237057382,-7.059));
#9071=CARTESIAN_POINT('',(127.275017246368,-89.6843237057382,-8.059));
#9072=CARTESIAN_POINT('Origin',(127.275017246368,-89.6843237057382,-7.059));
#9073=CARTESIAN_POINT('',(137.716940861496,-89.6843237057382,-8.059));
#9074=CARTESIAN_POINT('',(137.716940861496,-90.6843237057382,-7.059));
#9075=CARTESIAN_POINT('Origin',(127.275017246368,-89.6843237057382,-5.826));
#9076=CARTESIAN_POINT('',(126.042017246368,-90.6843237057382,-5.826));
#9077=CARTESIAN_POINT('',(125.042017246368,-89.6843237057382,-5.826));
#9078=CARTESIAN_POINT('Origin',(126.042017246368,-89.6843237057382,-5.826));
#9079=CARTESIAN_POINT('Origin',(127.275017246368,-89.6843237057382,-5.826));
#9080=CARTESIAN_POINT('Origin',(127.275017246368,-90.6843237057382,-5.826));
#9081=CARTESIAN_POINT('Origin',(126.042017246368,-89.6843237057382,-2.38148286672771));
#9082=CARTESIAN_POINT('',(126.042017246368,-90.6843237057382,-2.38148286672771));
#9083=CARTESIAN_POINT('',(125.042017246368,-89.6843237057382,-2.38148286672771));
#9084=CARTESIAN_POINT('Origin',(125.042017246368,-80.6843237057382,-8.059));
#9085=CARTESIAN_POINT('',(173.508711706881,-80.6843237057382,-8.059));
#9086=CARTESIAN_POINT('',(127.275017246368,-80.6843237057382,-8.059));
#9087=CARTESIAN_POINT('Origin',(127.275017246368,-80.6843237057382,-5.826));
#9088=CARTESIAN_POINT('',(125.042017246368,-80.6843237057382,-5.826));
#9089=CARTESIAN_POINT('Origin',(125.042017246368,-80.6843237057382,-7.809));
#9090=CARTESIAN_POINT('',(125.042017246368,-79.6843237057381,-8.309));
#9091=CARTESIAN_POINT('',(125.042017246368,-80.6843237057382,11.9180685330892));
#9092=CARTESIAN_POINT('',(125.042017246368,-79.6843237057381,15.241));
#9093=CARTESIAN_POINT('Origin',(127.275017246368,-80.6843237057382,11.9180685330892));
#9094=CARTESIAN_POINT('',(127.275017246368,-80.6843237057382,14.1510685330892));
#9095=CARTESIAN_POINT('Origin',(150.391864476625,-90.6843237057382,3.04603426654458));
#9096=CARTESIAN_POINT('Origin',(125.741792166427,-80.6843237057382,13.329299036548));
#9097=CARTESIAN_POINT('',(172.809017246368,-80.6843237057382,13.329299036548));
#9098=CARTESIAN_POINT('Origin',(172.809017246368,-80.6843237057382,-5.037700963452));
#9099=CARTESIAN_POINT('',(175.042017246368,-80.6843237057382,-5.037700963452));
#9100=CARTESIAN_POINT('Origin',(175.042017246368,-80.6843237057382,13.329299036548));
#9101=CARTESIAN_POINT('',(175.042017246368,-80.6843237057382,11.096299036548));
#9102=CARTESIAN_POINT('Origin',(172.809017246368,-80.6843237057382,11.096299036548));
#9103=CARTESIAN_POINT('Origin',(173.508711706881,-80.6843237057382,-5.826));
#9104=CARTESIAN_POINT('',(175.741711706881,-80.6843237057382,-5.826));
#9105=CARTESIAN_POINT('Origin',(175.741711706881,-80.6843237057382,-8.059));
#9106=CARTESIAN_POINT('',(175.741711706881,-80.6843237057382,11.9180685330892));
#9107=CARTESIAN_POINT('Origin',(173.508711706881,-80.6843237057382,11.9180685330892));
#9108=CARTESIAN_POINT('',(173.508711706881,-80.6843237057382,14.1510685330892));
#9109=CARTESIAN_POINT('Origin',(166.792017246368,-80.1843237057381,-8.309));
#9110=CARTESIAN_POINT('',(208.542017246368,-79.6843237057381,-8.309));
#9111=CARTESIAN_POINT('Origin',(175.741711706881,-80.6843237057382,14.1510685330892));
#9112=CARTESIAN_POINT('Origin',(166.792017246368,-80.1843237057381,15.241));
#9113=CARTESIAN_POINT('',(208.542017246368,-79.6843237057381,15.241));
#9114=CARTESIAN_POINT('Origin',(208.542017246368,-79.6843237057381,-7.809));
#9115=CARTESIAN_POINT('',(196.8,-132.601800094468,1.595));
#9116=CARTESIAN_POINT('',(196.8,-144.151800094468,1.595));
#9117=UNCERTAINTY_MEASURE_WITH_UNIT(LENGTH_MEASURE(0.01),#9123,
'DISTANCE_ACCURACY_VALUE',
'Maximum model space distance between geometric entities at asserted c
onnectivities');
#9118=UNCERTAINTY_MEASURE_WITH_UNIT(LENGTH_MEASURE(0.01),#9123,
'DISTANCE_ACCURACY_VALUE',
'Maximum model space distance between geometric entities at asserted c
onnectivities');
#9119=UNCERTAINTY_MEASURE_WITH_UNIT(LENGTH_MEASURE(0.01),#9123,
'DISTANCE_ACCURACY_VALUE',
'Maximum model space distance between geometric entities at asserted c
onnectivities');
#9120=(
GEOMETRIC_REPRESENTATION_CONTEXT(3)
GLOBAL_UNCERTAINTY_ASSIGNED_CONTEXT((#9117))
GLOBAL_UNIT_ASSIGNED_CONTEXT((#9123,#9125,#9126))
REPRESENTATION_CONTEXT('','3D')
);
#9121=(
GEOMETRIC_REPRESENTATION_CONTEXT(3)
GLOBAL_UNCERTAINTY_ASSIGNED_CONTEXT((#9118))
GLOBAL_UNIT_ASSIGNED_CONTEXT((#9123,#9125,#9126))
REPRESENTATION_CONTEXT('','3D')
);
#9122=(
GEOMETRIC_REPRESENTATION_CONTEXT(3)
GLOBAL_UNCERTAINTY_ASSIGNED_CONTEXT((#9119))
GLOBAL_UNIT_ASSIGNED_CONTEXT((#9123,#9125,#9126))
REPRESENTATION_CONTEXT('','3D')
);
#9123=(
LENGTH_UNIT()
NAMED_UNIT(*)
SI_UNIT(.MILLI.,.METRE.)
);
#9124=(
LENGTH_UNIT()
NAMED_UNIT(*)
SI_UNIT($,.METRE.)
);
#9125=(
NAMED_UNIT(*)
PLANE_ANGLE_UNIT()
SI_UNIT($,.RADIAN.)
);
#9126=(
NAMED_UNIT(*)
SI_UNIT($,.STERADIAN.)
SOLID_ANGLE_UNIT()
);
#9127=SHAPE_DEFINITION_REPRESENTATION(#9129,#9133);
#9128=SHAPE_DEFINITION_REPRESENTATION(#9130,#9134);
#9129=PRODUCT_DEFINITION_SHAPE('',$,#9136);
#9130=PRODUCT_DEFINITION_SHAPE('',$,#9137);
#9131=PRODUCT_DEFINITION_SHAPE($,$,#17);
#9132=PRODUCT_DEFINITION_SHAPE($,$,#18);
#9133=SHAPE_REPRESENTATION('',(#5001,#5550,#5551),#9120);
#9134=SHAPE_REPRESENTATION('',(#5002),#9121);
#9135=PRODUCT_DEFINITION_CONTEXT('part definition',#9143,'design');
#9136=PRODUCT_DEFINITION('Mini Kindle 1','Mini Kindle v12',#9138,#9135);
#9137=PRODUCT_DEFINITION('SW_PUSH_6mm','SW_PUSH_6mm',#9139,#9135);
#9138=PRODUCT_DEFINITION_FORMATION('',$,#9145);
#9139=PRODUCT_DEFINITION_FORMATION('',$,#9146);
#9140=PRODUCT_RELATED_PRODUCT_CATEGORY('Mini Kindle v12',
'Mini Kindle v12',(#9145));
#9141=PRODUCT_RELATED_PRODUCT_CATEGORY('SW_PUSH_6mm','SW_PUSH_6mm',(#9146));
#9142=APPLICATION_PROTOCOL_DEFINITION('international standard',
'automotive_design',2009,#9143);
#9143=APPLICATION_CONTEXT(
'Core Data for Automotive Mechanical Design Process');
#9144=PRODUCT_CONTEXT('part definition',#9143,'mechanical');
#9145=PRODUCT('Mini Kindle 1','Mini Kindle v12',
'KiCad electronic assembly',(#9144));
#9146=PRODUCT('SW_PUSH_6mm','SW_PUSH_6mm',$,(#9144));
#9147=PRESENTATION_STYLE_ASSIGNMENT((#9150));
#9148=PRESENTATION_STYLE_ASSIGNMENT((#9151));
#9149=PRESENTATION_STYLE_ASSIGNMENT((#9152));
#9150=SURFACE_STYLE_USAGE(.BOTH.,#9153);
#9151=SURFACE_STYLE_USAGE(.BOTH.,#9154);
#9152=SURFACE_STYLE_USAGE(.BOTH.,#9155);
#9153=SURFACE_SIDE_STYLE('',(#9156));
#9154=SURFACE_SIDE_STYLE('',(#9157));
#9155=SURFACE_SIDE_STYLE('',(#9158));
#9156=SURFACE_STYLE_FILL_AREA(#9159);
#9157=SURFACE_STYLE_FILL_AREA(#9160);
#9158=SURFACE_STYLE_FILL_AREA(#9161);
#9159=FILL_AREA_STYLE('Steel - Satin',(#9162));
#9160=FILL_AREA_STYLE('Opaque(38,37,37)',(#9163));
#9161=FILL_AREA_STYLE('Opaque(210,209,199)',(#9164));
#9162=FILL_AREA_STYLE_COLOUR('Steel - Satin',#9165);
#9163=FILL_AREA_STYLE_COLOUR('Opaque(38,37,37)',#9166);
#9164=FILL_AREA_STYLE_COLOUR('Opaque(210,209,199)',#9167);
#9165=COLOUR_RGB('Steel - Satin',0.627450980392157,0.627450980392157,0.627450980392157);
#9166=COLOUR_RGB('Opaque(38,37,37)',0.149019607843137,0.145098039215686,
0.145098039215686);
#9167=COLOUR_RGB('Opaque(210,209,199)',0.823529411764706,0.819607843137255,
0.780392156862745);
ENDSEC;
END-ISO-10303-21;
